item_id,name,category,price,short_description,designer,depth,height,width,other_colors,sellable_online,rating,reviews_count,content
IKEA00001,ALEX,Chair,2138,Space-saving furniture with easy assembly.,Henrik Preutz,51,87,65,"Black, Beige, Blue",True,4.2,21,Product Name: ALEX. Category: Chair. Price: 2138. Description: Space-saving furniture with easy assembly.. Designer: Henrik Preutz. Dimensions: 65cm width x 51cm depth x 87cm height.
IKEA00002,KALLAX,Chair,14827,Compact furniture suitable for small apartments.,Ola Wihlborg,97,36,173,"Oak, Beige, Blue",False,3.4,306,Product Name: KALLAX. Category: Chair. Price: 14827. Description: Compact furniture suitable for small apartments.. Designer: Ola Wihlborg. Dimensions: 173cm width x 97cm depth x 36cm height.
IKEA00003,LACK,Sofa,10962,Space-saving furniture with easy assembly.,Monika Mulder,63,101,69,"Oak, Blue, Brown",True,3.2,54,Product Name: LACK. Category: Sofa. Price: 10962. Description: Space-saving furniture with easy assembly.. Designer: Monika Mulder. Dimensions: 69cm width x 63cm depth x 101cm height.
IKEA00004,BESTA,Wardrobe,40064,Durable furniture with practical storage space.,IKEA Design Team,78,167,61,"Blue, White, Grey",True,4.7,321,Product Name: BESTA. Category: Wardrobe. Price: 40064. Description: Durable furniture with practical storage space.. Designer: IKEA Design Team. Dimensions: 61cm width x 78cm depth x 167cm height.
IKEA00005,IVAR,Wardrobe,38336,Compact furniture suitable for small apartments.,IKEA Design Team,25,199,88,"Grey, White, Black",True,3.8,237,Product Name: IVAR. Category: Wardrobe. Price: 38336. Description: Compact furniture suitable for small apartments.. Designer: IKEA Design Team. Dimensions: 88cm width x 25cm depth x 199cm height.
IKEA00006,ALEX,Wardrobe,11158,Durable furniture with practical storage space.,Henrik Preutz,46,201,98,"Black, Grey, Beige",True,4.1,130,Product Name: ALEX. Category: Wardrobe. Price: 11158. Description: Durable furniture with practical storage space.. Designer: Henrik Preutz. Dimensions: 98cm width x 46cm depth x 201cm height.
IKEA00007,MALM,Storage,25366,Durable furniture with practical storage space.,Ola Wihlborg,48,205,113,"White, Black, Green",True,3.8,38,Product Name: MALM. Category: Storage. Price: 25366. Description: Durable furniture with practical storage space.. Designer: Ola Wihlborg. Dimensions: 113cm width x 48cm depth x 205cm height.
IKEA00008,HEMNES,TV Unit,47548,Durable furniture with practical storage space.,Jon Karlsson,83,131,194,"Green, Black, Brown",True,3.5,292,Product Name: HEMNES. Category: TV Unit. Price: 47548. Description: Durable furniture with practical storage space.. Designer: Jon Karlsson. Dimensions: 194cm width x 83cm depth x 131cm height.
IKEA00009,MICKE,Bed,49455,Affordable and stylish furniture for everyday use.,Monika Mulder,94,132,122,"Oak, Black, Grey",False,3.2,29,Product Name: MICKE. Category: Bed. Price: 49455. Description: Affordable and stylish furniture for everyday use.. Designer: Monika Mulder. Dimensions: 122cm width x 94cm depth x 132cm height.
IKEA00010,IVAR,Chair,10515,Space-saving furniture with easy assembly.,Jon Karlsson,74,182,46,"Blue, Oak, Grey",False,4.1,288,Product Name: IVAR. Category: Chair. Price: 10515. Description: Space-saving furniture with easy assembly.. Designer: Jon Karlsson. Dimensions: 46cm width x 74cm depth x 182cm height.
IKEA00011,IVAR,Sofa,45082,Space-saving furniture with easy assembly.,IKEA Design Team,88,98,194,"Beige, White, Brown",False,3.3,6,Product Name: IVAR. Category: Sofa. Price: 45082. Description: Space-saving furniture with easy assembly.. Designer: IKEA Design Team. Dimensions: 194cm width x 88cm depth x 98cm height.
IKEA00012,BRIMNES,Bed,33305,Simple design with clean Scandinavian lines.,Jon Karlsson,84,57,190,"Grey, Blue, Beige",True,3.3,395,Product Name: BRIMNES. Category: Bed. Price: 33305. Description: Simple design with clean Scandinavian lines.. Designer: Jon Karlsson. Dimensions: 190cm width x 84cm depth x 57cm height.
IKEA00013,MALM,Cabinet,35256,Modern Scandinavian furniture with a simple and functional design.,Ola Wihlborg,61,155,34,"Black, Brown, Blue",True,3.1,454,Product Name: MALM. Category: Cabinet. Price: 35256. Description: Modern Scandinavian furniture with a simple and functional design.. Designer: Ola Wihlborg. Dimensions: 34cm width x 61cm depth x 155cm height.
IKEA00014,POANG,Chair,6112,Space-saving furniture with easy assembly.,Monika Mulder,28,166,62,"Brown, Beige, Oak",True,3.5,451,Product Name: POANG. Category: Chair. Price: 6112. Description: Space-saving furniture with easy assembly.. Designer: Monika Mulder. Dimensions: 62cm width x 28cm depth x 166cm height.
IKEA00015,POANG,Bookshelf,14379,Affordable and stylish furniture for everyday use.,Jon Karlsson,59,132,196,"Beige, Oak, Grey",False,3.2,120,Product Name: POANG. Category: Bookshelf. Price: 14379. Description: Affordable and stylish furniture for everyday use.. Designer: Jon Karlsson. Dimensions: 196cm width x 59cm depth x 132cm height.
IKEA00016,BILLY,Wardrobe,1877,Affordable and stylish furniture for everyday use.,Ola Wihlborg,49,180,86,"White, Green, Beige",True,3.5,468,Product Name: BILLY. Category: Wardrobe. Price: 1877. Description: Affordable and stylish furniture for everyday use.. Designer: Ola Wihlborg. Dimensions: 86cm width x 49cm depth x 180cm height.
IKEA00017,KALLAX,Wardrobe,5142,Affordable and stylish furniture for everyday use.,Jon Karlsson,55,201,154,"Oak, Grey, Black",False,3.5,247,Product Name: KALLAX. Category: Wardrobe. Price: 5142. Description: Affordable and stylish furniture for everyday use.. Designer: Jon Karlsson. Dimensions: 154cm width x 55cm depth x 201cm height.
IKEA00018,TROFAST,Bookshelf,12977,Modern Scandinavian furniture with a simple and functional design.,IKEA Design Team,75,120,138,"Blue, Oak, Beige",True,4.3,335,Product Name: TROFAST. Category: Bookshelf. Price: 12977. Description: Modern Scandinavian furniture with a simple and functional design.. Designer: IKEA Design Team. Dimensions: 138cm width x 75cm depth x 120cm height.
IKEA00019,BILLY,Sofa,26885,Space-saving furniture with easy assembly.,Henrik Preutz,33,93,79,"Oak, Grey, Green",True,3.8,147,Product Name: BILLY. Category: Sofa. Price: 26885. Description: Space-saving furniture with easy assembly.. Designer: Henrik Preutz. Dimensions: 79cm width x 33cm depth x 93cm height.
IKEA00020,EKET,Desk,5439,Minimalist design suitable for modern homes.,Ola Wihlborg,32,42,196,"White, Green, Black",True,3.8,251,Product Name: EKET. Category: Desk. Price: 5439. Description: Minimalist design suitable for modern homes.. Designer: Ola Wihlborg. Dimensions: 196cm width x 32cm depth x 42cm height.
IKEA00021,HEMNES,Bookshelf,4341,Compact furniture suitable for small apartments.,Monika Mulder,20,129,97,"Green, Brown, Oak",False,3.3,156,Product Name: HEMNES. Category: Bookshelf. Price: 4341. Description: Compact furniture suitable for small apartments.. Designer: Monika Mulder. Dimensions: 97cm width x 20cm depth x 129cm height.
IKEA00022,HEMNES,Sofa,38456,Space-saving furniture with easy assembly.,Ola Wihlborg,27,110,44,"White, Grey, Oak",True,3.1,265,Product Name: HEMNES. Category: Sofa. Price: 38456. Description: Space-saving furniture with easy assembly.. Designer: Ola Wihlborg. Dimensions: 44cm width x 27cm depth x 110cm height.
IKEA00023,BILLY,Table,4989,Affordable and stylish furniture for everyday use.,IKEA Design Team,50,133,60,"Oak, Grey, Blue",True,4.2,219,Product Name: BILLY. Category: Table. Price: 4989. Description: Affordable and stylish furniture for everyday use.. Designer: IKEA Design Team. Dimensions: 60cm width x 50cm depth x 133cm height.
IKEA00024,ALEX,TV Unit,37541,Affordable and stylish furniture for everyday use.,Henrik Preutz,53,82,110,"Oak, Brown, Green",True,4.3,158,Product Name: ALEX. Category: TV Unit. Price: 37541. Description: Affordable and stylish furniture for everyday use.. Designer: Henrik Preutz. Dimensions: 110cm width x 53cm depth x 82cm height.
IKEA00025,EKET,Wardrobe,49773,Modern Scandinavian furniture with a simple and functional design.,IKEA Design Team,78,189,174,"Black, White, Grey",True,4.0,72,Product Name: EKET. Category: Wardrobe. Price: 49773. Description: Modern Scandinavian furniture with a simple and functional design.. Designer: IKEA Design Team. Dimensions: 174cm width x 78cm depth x 189cm height.
IKEA00026,BESTA,Chair,16508,Durable furniture with practical storage space.,Henrik Preutz,40,142,169,"Grey, Green, Beige",True,4.3,288,Product Name: BESTA. Category: Chair. Price: 16508. Description: Durable furniture with practical storage space.. Designer: Henrik Preutz. Dimensions: 169cm width x 40cm depth x 142cm height.
IKEA00027,LACK,Dining Furniture,7287,Compact furniture suitable for small apartments.,Henrik Preutz,34,57,171,"Brown, Green, Blue",True,4.4,109,Product Name: LACK. Category: Dining Furniture. Price: 7287. Description: Compact furniture suitable for small apartments.. Designer: Henrik Preutz. Dimensions: 171cm width x 34cm depth x 57cm height.
IKEA00028,ALEX,Dining Furniture,17799,Affordable and stylish furniture for everyday use.,Monika Mulder,52,43,53,"Blue, Green, Brown",True,3.0,399,Product Name: ALEX. Category: Dining Furniture. Price: 17799. Description: Affordable and stylish furniture for everyday use.. Designer: Monika Mulder. Dimensions: 53cm width x 52cm depth x 43cm height.
IKEA00029,MALM,Dining Furniture,17666,Compact furniture suitable for small apartments.,Monika Mulder,90,210,139,"White, Green, Blue",True,4.1,432,Product Name: MALM. Category: Dining Furniture. Price: 17666. Description: Compact furniture suitable for small apartments.. Designer: Monika Mulder. Dimensions: 139cm width x 90cm depth x 210cm height.
IKEA00030,BESTA,TV Unit,36709,Compact furniture suitable for small apartments.,Monika Mulder,36,40,108,"Beige, Blue, White",True,3.4,132,Product Name: BESTA. Category: TV Unit. Price: 36709. Description: Compact furniture suitable for small apartments.. Designer: Monika Mulder. Dimensions: 108cm width x 36cm depth x 40cm height.
IKEA00031,ALEX,Chair,23677,Simple design with clean Scandinavian lines.,Ola Wihlborg,72,188,69,"Oak, Blue, Black",True,4.8,17,Product Name: ALEX. Category: Chair. Price: 23677. Description: Simple design with clean Scandinavian lines.. Designer: Ola Wihlborg. Dimensions: 69cm width x 72cm depth x 188cm height.
IKEA00032,MALM,Wardrobe,27481,Simple design with clean Scandinavian lines.,Jon Karlsson,54,70,57,"Blue, Green, White",False,3.4,423,Product Name: MALM. Category: Wardrobe. Price: 27481. Description: Simple design with clean Scandinavian lines.. Designer: Jon Karlsson. Dimensions: 57cm width x 54cm depth x 70cm height.
IKEA00033,EKET,Wardrobe,20499,Simple design with clean Scandinavian lines.,Jon Karlsson,48,36,198,"Oak, Green, Brown",True,4.7,500,Product Name: EKET. Category: Wardrobe. Price: 20499. Description: Simple design with clean Scandinavian lines.. Designer: Jon Karlsson. Dimensions: 198cm width x 48cm depth x 36cm height.
IKEA00034,TROFAST,Bed,23511,Space-saving furniture with easy assembly.,Ola Wihlborg,71,203,167,"Beige, White, Blue",True,3.4,497,Product Name: TROFAST. Category: Bed. Price: 23511. Description: Space-saving furniture with easy assembly.. Designer: Ola Wihlborg. Dimensions: 167cm width x 71cm depth x 203cm height.
IKEA00035,LACK,Sofa,7603,Affordable and stylish furniture for everyday use.,Monika Mulder,64,216,110,"Blue, Grey, Green",True,3.8,300,Product Name: LACK. Category: Sofa. Price: 7603. Description: Affordable and stylish furniture for everyday use.. Designer: Monika Mulder. Dimensions: 110cm width x 64cm depth x 216cm height.
IKEA00036,HEMNES,Bed,3407,Space-saving furniture with easy assembly.,Monika Mulder,20,163,167,"Oak, Brown, Green",True,4.9,476,Product Name: HEMNES. Category: Bed. Price: 3407. Description: Space-saving furniture with easy assembly.. Designer: Monika Mulder. Dimensions: 167cm width x 20cm depth x 163cm height.
IKEA00037,BESTA,TV Unit,21071,Space-saving furniture with easy assembly.,IKEA Design Team,58,159,109,"Blue, Brown, Oak",True,4.1,103,Product Name: BESTA. Category: TV Unit. Price: 21071. Description: Space-saving furniture with easy assembly.. Designer: IKEA Design Team. Dimensions: 109cm width x 58cm depth x 159cm height.
IKEA00038,PAX,Dining Furniture,25346,Space-saving furniture with easy assembly.,Jon Karlsson,98,175,107,"Blue, Grey, White",True,3.6,225,Product Name: PAX. Category: Dining Furniture. Price: 25346. Description: Space-saving furniture with easy assembly.. Designer: Jon Karlsson. Dimensions: 107cm width x 98cm depth x 175cm height.
IKEA00039,TROFAST,TV Unit,40257,Space-saving furniture with easy assembly.,Henrik Preutz,79,143,143,"Oak, Grey, Green",True,4.3,150,Product Name: TROFAST. Category: TV Unit. Price: 40257. Description: Space-saving furniture with easy assembly.. Designer: Henrik Preutz. Dimensions: 143cm width x 79cm depth x 143cm height.
IKEA00040,MICKE,Dining Furniture,41979,Affordable and stylish furniture for everyday use.,Henrik Preutz,31,90,109,"Oak, Blue, Black",True,3.0,130,Product Name: MICKE. Category: Dining Furniture. Price: 41979. Description: Affordable and stylish furniture for everyday use.. Designer: Henrik Preutz. Dimensions: 109cm width x 31cm depth x 90cm height.
IKEA00041,EKET,TV Unit,5271,Minimalist design suitable for modern homes.,Monika Mulder,100,177,79,"Blue, Oak, Green",True,3.3,357,Product Name: EKET. Category: TV Unit. Price: 5271. Description: Minimalist design suitable for modern homes.. Designer: Monika Mulder. Dimensions: 79cm width x 100cm depth x 177cm height.
IKEA00042,KALLAX,Chair,28361,Compact furniture suitable for small apartments.,Jon Karlsson,86,148,42,"Oak, Blue, White",False,3.3,242,Product Name: KALLAX. Category: Chair. Price: 28361. Description: Compact furniture suitable for small apartments.. Designer: Jon Karlsson. Dimensions: 42cm width x 86cm depth x 148cm height.
IKEA00043,ALEX,Cabinet,37128,Affordable and stylish furniture for everyday use.,Henrik Preutz,76,186,159,"Blue, Green, Grey",False,4.8,385,Product Name: ALEX. Category: Cabinet. Price: 37128. Description: Affordable and stylish furniture for everyday use.. Designer: Henrik Preutz. Dimensions: 159cm width x 76cm depth x 186cm height.
IKEA00044,IVAR,Storage,29994,Durable furniture with practical storage space.,Jon Karlsson,55,163,154,"Oak, Brown, Green",True,4.4,125,Product Name: IVAR. Category: Storage. Price: 29994. Description: Durable furniture with practical storage space.. Designer: Jon Karlsson. Dimensions: 154cm width x 55cm depth x 163cm height.
IKEA00045,LACK,Wardrobe,21451,Affordable and stylish furniture for everyday use.,IKEA Design Team,37,68,89,"Blue, Beige, Black",True,3.1,213,Product Name: LACK. Category: Wardrobe. Price: 21451. Description: Affordable and stylish furniture for everyday use.. Designer: IKEA Design Team. Dimensions: 89cm width x 37cm depth x 68cm height.
IKEA00046,BESTA,Cabinet,31033,Minimalist design suitable for modern homes.,IKEA Design Team,46,137,129,"White, Blue, Grey",False,4.0,487,Product Name: BESTA. Category: Cabinet. Price: 31033. Description: Minimalist design suitable for modern homes.. Designer: IKEA Design Team. Dimensions: 129cm width x 46cm depth x 137cm height.
IKEA00047,BESTA,Bed,49878,Minimalist design suitable for modern homes.,Monika Mulder,88,218,169,"Oak, Green, Black",True,3.9,19,Product Name: BESTA. Category: Bed. Price: 49878. Description: Minimalist design suitable for modern homes.. Designer: Monika Mulder. Dimensions: 169cm width x 88cm depth x 218cm height.
IKEA00048,PAX,Wardrobe,44334,Space-saving furniture with easy assembly.,Monika Mulder,41,149,62,"White, Oak, Grey",True,3.2,224,Product Name: PAX. Category: Wardrobe. Price: 44334. Description: Space-saving furniture with easy assembly.. Designer: Monika Mulder. Dimensions: 62cm width x 41cm depth x 149cm height.
IKEA00049,MALM,Storage,12408,Modern Scandinavian furniture with a simple and functional design.,Henrik Preutz,68,113,84,"Green, Brown, Blue",False,3.6,492,Product Name: MALM. Category: Storage. Price: 12408. Description: Modern Scandinavian furniture with a simple and functional design.. Designer: Henrik Preutz. Dimensions: 84cm width x 68cm depth x 113cm height.
IKEA00050,IVAR,Bookshelf,17031,Simple design with clean Scandinavian lines.,IKEA Design Team,80,34,168,"White, Brown, Black",True,4.6,338,Product Name: IVAR. Category: Bookshelf. Price: 17031. Description: Simple design with clean Scandinavian lines.. Designer: IKEA Design Team. Dimensions: 168cm width x 80cm depth x 34cm height.
IKEA00051,KALLAX,Sofa,16704,Compact furniture suitable for small apartments.,IKEA Design Team,99,69,91,"Brown, Oak, Beige",True,4.1,116,Product Name: KALLAX. Category: Sofa. Price: 16704. Description: Compact furniture suitable for small apartments.. Designer: IKEA Design Team. Dimensions: 91cm width x 99cm depth x 69cm height.
IKEA00052,EKET,Bed,24674,Compact furniture suitable for small apartments.,Ola Wihlborg,97,213,59,"Brown, Green, White",True,4.9,299,Product Name: EKET. Category: Bed. Price: 24674. Description: Compact furniture suitable for small apartments.. Designer: Ola Wihlborg. Dimensions: 59cm width x 97cm depth x 213cm height.
IKEA00053,ALEX,Bookshelf,26494,Space-saving furniture with easy assembly.,Jon Karlsson,29,181,190,"Oak, White, Beige",True,4.7,312,Product Name: ALEX. Category: Bookshelf. Price: 26494. Description: Space-saving furniture with easy assembly.. Designer: Jon Karlsson. Dimensions: 190cm width x 29cm depth x 181cm height.
IKEA00054,TROFAST,Chair,37587,Simple design with clean Scandinavian lines.,IKEA Design Team,64,166,139,"Beige, White, Grey",True,3.0,220,Product Name: TROFAST. Category: Chair. Price: 37587. Description: Simple design with clean Scandinavian lines.. Designer: IKEA Design Team. Dimensions: 139cm width x 64cm depth x 166cm height.
IKEA00055,IVAR,Storage,7415,Minimalist design suitable for modern homes.,Henrik Preutz,78,211,69,"Blue, Black, Beige",True,4.2,475,Product Name: IVAR. Category: Storage. Price: 7415. Description: Minimalist design suitable for modern homes.. Designer: Henrik Preutz. Dimensions: 69cm width x 78cm depth x 211cm height.
IKEA00056,MICKE,Storage,30964,Minimalist design suitable for modern homes.,Ola Wihlborg,54,112,92,"Black, Brown, Oak",True,4.5,296,Product Name: MICKE. Category: Storage. Price: 30964. Description: Minimalist design suitable for modern homes.. Designer: Ola Wihlborg. Dimensions: 92cm width x 54cm depth x 112cm height.
IKEA00057,POANG,Dining Furniture,25336,Durable furniture with practical storage space.,IKEA Design Team,83,113,76,"Green, Black, Brown",True,3.7,455,Product Name: POANG. Category: Dining Furniture. Price: 25336. Description: Durable furniture with practical storage space.. Designer: IKEA Design Team. Dimensions: 76cm width x 83cm depth x 113cm height.
IKEA00058,POANG,Bed,36923,Modern Scandinavian furniture with a simple and functional design.,Ola Wihlborg,44,51,91,"Blue, Oak, Grey",True,4.4,335,Product Name: POANG. Category: Bed. Price: 36923. Description: Modern Scandinavian furniture with a simple and functional design.. Designer: Ola Wihlborg. Dimensions: 91cm width x 44cm depth x 51cm height.
IKEA00059,BRIMNES,Storage,29870,Simple design with clean Scandinavian lines.,IKEA Design Team,31,105,86,"Blue, Beige, Black",True,4.3,193,Product Name: BRIMNES. Category: Storage. Price: 29870. Description: Simple design with clean Scandinavian lines.. Designer: IKEA Design Team. Dimensions: 86cm width x 31cm depth x 105cm height.
IKEA00060,EKET,Cabinet,35293,Durable furniture with practical storage space.,Monika Mulder,90,114,120,"Green, Brown, Blue",True,3.5,374,Product Name: EKET. Category: Cabinet. Price: 35293. Description: Durable furniture with practical storage space.. Designer: Monika Mulder. Dimensions: 120cm width x 90cm depth x 114cm height.
IKEA00061,HEMNES,Wardrobe,8334,Space-saving furniture with easy assembly.,Ola Wihlborg,43,79,85,"Green, Brown, Beige",True,5.0,431,Product Name: HEMNES. Category: Wardrobe. Price: 8334. Description: Space-saving furniture with easy assembly.. Designer: Ola Wihlborg. Dimensions: 85cm width x 43cm depth x 79cm height.
IKEA00062,HEMNES,Bed,15407,Durable furniture with practical storage space.,Jon Karlsson,58,33,166,"Brown, Green, White",True,4.1,362,Product Name: HEMNES. Category: Bed. Price: 15407. Description: Durable furniture with practical storage space.. Designer: Jon Karlsson. Dimensions: 166cm width x 58cm depth x 33cm height.
IKEA00063,MALM,Dining Furniture,49833,Minimalist design suitable for modern homes.,IKEA Design Team,21,176,102,"Green, Oak, Blue",True,3.4,31,Product Name: MALM. Category: Dining Furniture. Price: 49833. Description: Minimalist design suitable for modern homes.. Designer: IKEA Design Team. Dimensions: 102cm width x 21cm depth x 176cm height.
IKEA00064,LACK,Storage,7975,Simple design with clean Scandinavian lines.,IKEA Design Team,71,155,48,"White, Black, Blue",True,3.2,132,Product Name: LACK. Category: Storage. Price: 7975. Description: Simple design with clean Scandinavian lines.. Designer: IKEA Design Team. Dimensions: 48cm width x 71cm depth x 155cm height.
IKEA00065,BILLY,Cabinet,27773,Affordable and stylish furniture for everyday use.,Ola Wihlborg,99,87,163,"Blue, Oak, Green",True,4.7,224,Product Name: BILLY. Category: Cabinet. Price: 27773. Description: Affordable and stylish furniture for everyday use.. Designer: Ola Wihlborg. Dimensions: 163cm width x 99cm depth x 87cm height.
IKEA00066,LACK,TV Unit,41198,Modern Scandinavian furniture with a simple and functional design.,Ola Wihlborg,32,83,190,"Oak, Brown, Beige",True,3.3,93,Product Name: LACK. Category: TV Unit. Price: 41198. Description: Modern Scandinavian furniture with a simple and functional design.. Designer: Ola Wihlborg. Dimensions: 190cm width x 32cm depth x 83cm height.
IKEA00067,MICKE,Chair,10757,Modern Scandinavian furniture with a simple and functional design.,Monika Mulder,77,206,182,"Green, Brown, White",True,3.6,149,Product Name: MICKE. Category: Chair. Price: 10757. Description: Modern Scandinavian furniture with a simple and functional design.. Designer: Monika Mulder. Dimensions: 182cm width x 77cm depth x 206cm height.
IKEA00068,BRIMNES,Storage,5163,Space-saving furniture with easy assembly.,Jon Karlsson,53,190,180,"Oak, Green, White",True,4.3,470,Product Name: BRIMNES. Category: Storage. Price: 5163. Description: Space-saving furniture with easy assembly.. Designer: Jon Karlsson. Dimensions: 180cm width x 53cm depth x 190cm height.
IKEA00069,LACK,Table,5178,Modern Scandinavian furniture with a simple and functional design.,Jon Karlsson,59,182,175,"Grey, Oak, White",False,4.4,363,Product Name: LACK. Category: Table. Price: 5178. Description: Modern Scandinavian furniture with a simple and functional design.. Designer: Jon Karlsson. Dimensions: 175cm width x 59cm depth x 182cm height.
IKEA00070,PAX,Bed,33297,Affordable and stylish furniture for everyday use.,Monika Mulder,76,50,183,"White, Oak, Beige",True,4.2,18,Product Name: PAX. Category: Bed. Price: 33297. Description: Affordable and stylish furniture for everyday use.. Designer: Monika Mulder. Dimensions: 183cm width x 76cm depth x 50cm height.
IKEA00071,BILLY,Desk,44689,Simple design with clean Scandinavian lines.,Ola Wihlborg,95,35,98,"White, Blue, Black",False,4.0,231,Product Name: BILLY. Category: Desk. Price: 44689. Description: Simple design with clean Scandinavian lines.. Designer: Ola Wihlborg. Dimensions: 98cm width x 95cm depth x 35cm height.
IKEA00072,LACK,Table,38859,Minimalist design suitable for modern homes.,Monika Mulder,31,150,119,"Blue, Brown, Green",True,4.7,173,Product Name: LACK. Category: Table. Price: 38859. Description: Minimalist design suitable for modern homes.. Designer: Monika Mulder. Dimensions: 119cm width x 31cm depth x 150cm height.
IKEA00073,PAX,Storage,19387,Space-saving furniture with easy assembly.,Monika Mulder,90,39,146,"Black, Brown, Blue",True,3.2,400,Product Name: PAX. Category: Storage. Price: 19387. Description: Space-saving furniture with easy assembly.. Designer: Monika Mulder. Dimensions: 146cm width x 90cm depth x 39cm height.
IKEA00074,PAX,Cabinet,574,Space-saving furniture with easy assembly.,Ola Wihlborg,79,135,43,"Oak, Grey, Brown",False,4.3,394,Product Name: PAX. Category: Cabinet. Price: 574. Description: Space-saving furniture with easy assembly.. Designer: Ola Wihlborg. Dimensions: 43cm width x 79cm depth x 135cm height.
IKEA00075,KALLAX,Desk,18000,Affordable and stylish furniture for everyday use.,Jon Karlsson,56,142,154,"Black, White, Beige",True,4.4,164,Product Name: KALLAX. Category: Desk. Price: 18000. Description: Affordable and stylish furniture for everyday use.. Designer: Jon Karlsson. Dimensions: 154cm width x 56cm depth x 142cm height.
IKEA00076,MICKE,Sofa,36691,Minimalist design suitable for modern homes.,IKEA Design Team,48,59,148,"Black, Beige, Green",False,4.9,154,Product Name: MICKE. Category: Sofa. Price: 36691. Description: Minimalist design suitable for modern homes.. Designer: IKEA Design Team. Dimensions: 148cm width x 48cm depth x 59cm height.
IKEA00077,MICKE,Bed,27728,Simple design with clean Scandinavian lines.,Monika Mulder,80,92,146,"Brown, Oak, Black",True,4.7,146,Product Name: MICKE. Category: Bed. Price: 27728. Description: Simple design with clean Scandinavian lines.. Designer: Monika Mulder. Dimensions: 146cm width x 80cm depth x 92cm height.
IKEA00078,TROFAST,Bookshelf,22773,Simple design with clean Scandinavian lines.,Ola Wihlborg,54,30,102,"Grey, Blue, Green",False,4.7,233,Product Name: TROFAST. Category: Bookshelf. Price: 22773. Description: Simple design with clean Scandinavian lines.. Designer: Ola Wihlborg. Dimensions: 102cm width x 54cm depth x 30cm height.
IKEA00079,MICKE,Storage,23117,Durable furniture with practical storage space.,Ola Wihlborg,89,126,146,"Beige, Blue, Black",True,4.1,124,Product Name: MICKE. Category: Storage. Price: 23117. Description: Durable furniture with practical storage space.. Designer: Ola Wihlborg. Dimensions: 146cm width x 89cm depth x 126cm height.
IKEA00080,IVAR,Bookshelf,3359,Durable furniture with practical storage space.,Monika Mulder,68,128,199,"Brown, Oak, White",True,4.0,307,Product Name: IVAR. Category: Bookshelf. Price: 3359. Description: Durable furniture with practical storage space.. Designer: Monika Mulder. Dimensions: 199cm width x 68cm depth x 128cm height.
IKEA00081,BESTA,Chair,29354,Modern Scandinavian furniture with a simple and functional design.,Ola Wihlborg,78,33,66,"Blue, Green, Beige",True,3.1,405,Product Name: BESTA. Category: Chair. Price: 29354. Description: Modern Scandinavian furniture with a simple and functional design.. Designer: Ola Wihlborg. Dimensions: 66cm width x 78cm depth x 33cm height.
IKEA00082,LACK,Wardrobe,41344,Space-saving furniture with easy assembly.,Monika Mulder,30,114,166,"Blue, Brown, Beige",False,4.7,23,Product Name: LACK. Category: Wardrobe. Price: 41344. Description: Space-saving furniture with easy assembly.. Designer: Monika Mulder. Dimensions: 166cm width x 30cm depth x 114cm height.
IKEA00083,POANG,Chair,15884,Space-saving furniture with easy assembly.,Henrik Preutz,49,53,141,"Black, Blue, Beige",True,3.9,360,Product Name: POANG. Category: Chair. Price: 15884. Description: Space-saving furniture with easy assembly.. Designer: Henrik Preutz. Dimensions: 141cm width x 49cm depth x 53cm height.
IKEA00084,LACK,Sofa,3513,Durable furniture with practical storage space.,IKEA Design Team,57,121,125,"Blue, Black, Green",False,4.1,410,Product Name: LACK. Category: Sofa. Price: 3513. Description: Durable furniture with practical storage space.. Designer: IKEA Design Team. Dimensions: 125cm width x 57cm depth x 121cm height.
IKEA00085,MALM,Table,11972,Modern Scandinavian furniture with a simple and functional design.,Ola Wihlborg,68,188,91,"Green, Grey, Black",True,3.9,135,Product Name: MALM. Category: Table. Price: 11972. Description: Modern Scandinavian furniture with a simple and functional design.. Designer: Ola Wihlborg. Dimensions: 91cm width x 68cm depth x 188cm height.
IKEA00086,EKET,Bed,44201,Modern Scandinavian furniture with a simple and functional design.,Monika Mulder,56,203,169,"Brown, White, Oak",True,5.0,158,Product Name: EKET. Category: Bed. Price: 44201. Description: Modern Scandinavian furniture with a simple and functional design.. Designer: Monika Mulder. Dimensions: 169cm width x 56cm depth x 203cm height.
IKEA00087,ALEX,Bookshelf,45739,Durable furniture with practical storage space.,Monika Mulder,58,80,128,"Green, White, Black",False,4.1,299,Product Name: ALEX. Category: Bookshelf. Price: 45739. Description: Durable furniture with practical storage space.. Designer: Monika Mulder. Dimensions: 128cm width x 58cm depth x 80cm height.
IKEA00088,LACK,Bed,1936,Simple design with clean Scandinavian lines.,Monika Mulder,55,32,174,"White, Grey, Beige",False,4.7,467,Product Name: LACK. Category: Bed. Price: 1936. Description: Simple design with clean Scandinavian lines.. Designer: Monika Mulder. Dimensions: 174cm width x 55cm depth x 32cm height.
IKEA00089,LACK,Desk,40283,Simple design with clean Scandinavian lines.,Henrik Preutz,48,192,78,"Grey, Beige, Blue",True,4.3,467,Product Name: LACK. Category: Desk. Price: 40283. Description: Simple design with clean Scandinavian lines.. Designer: Henrik Preutz. Dimensions: 78cm width x 48cm depth x 192cm height.
IKEA00090,ALEX,Dining Furniture,3082,Durable furniture with practical storage space.,Monika Mulder,24,178,123,"Brown, White, Green",True,4.5,94,Product Name: ALEX. Category: Dining Furniture. Price: 3082. Description: Durable furniture with practical storage space.. Designer: Monika Mulder. Dimensions: 123cm width x 24cm depth x 178cm height.
IKEA00091,HEMNES,Table,35849,Durable furniture with practical storage space.,Ola Wihlborg,84,99,72,"Grey, Blue, Oak",True,4.5,178,Product Name: HEMNES. Category: Table. Price: 35849. Description: Durable furniture with practical storage space.. Designer: Ola Wihlborg. Dimensions: 72cm width x 84cm depth x 99cm height.
IKEA00092,TROFAST,Chair,31191,Modern Scandinavian furniture with a simple and functional design.,Jon Karlsson,48,203,131,"Beige, White, Oak",True,3.5,68,Product Name: TROFAST. Category: Chair. Price: 31191. Description: Modern Scandinavian furniture with a simple and functional design.. Designer: Jon Karlsson. Dimensions: 131cm width x 48cm depth x 203cm height.
IKEA00093,EKET,Wardrobe,44593,Space-saving furniture with easy assembly.,Henrik Preutz,94,127,193,"Beige, White, Green",True,3.9,322,Product Name: EKET. Category: Wardrobe. Price: 44593. Description: Space-saving furniture with easy assembly.. Designer: Henrik Preutz. Dimensions: 193cm width x 94cm depth x 127cm height.
IKEA00094,MICKE,Wardrobe,40481,Compact furniture suitable for small apartments.,IKEA Design Team,79,209,107,"Blue, White, Black",True,4.9,160,Product Name: MICKE. Category: Wardrobe. Price: 40481. Description: Compact furniture suitable for small apartments.. Designer: IKEA Design Team. Dimensions: 107cm width x 79cm depth x 209cm height.
IKEA00095,EKET,Chair,6868,Compact furniture suitable for small apartments.,Ola Wihlborg,37,129,146,"Beige, Green, Blue",False,4.2,377,Product Name: EKET. Category: Chair. Price: 6868. Description: Compact furniture suitable for small apartments.. Designer: Ola Wihlborg. Dimensions: 146cm width x 37cm depth x 129cm height.
IKEA00096,MALM,Bookshelf,43419,Modern Scandinavian furniture with a simple and functional design.,Monika Mulder,98,134,101,"White, Beige, Brown",True,3.9,491,Product Name: MALM. Category: Bookshelf. Price: 43419. Description: Modern Scandinavian furniture with a simple and functional design.. Designer: Monika Mulder. Dimensions: 101cm width x 98cm depth x 134cm height.
IKEA00097,HEMNES,Wardrobe,7010,Space-saving furniture with easy assembly.,Henrik Preutz,89,195,121,"White, Oak, Brown",True,4.9,490,Product Name: HEMNES. Category: Wardrobe. Price: 7010. Description: Space-saving furniture with easy assembly.. Designer: Henrik Preutz. Dimensions: 121cm width x 89cm depth x 195cm height.
IKEA00098,IVAR,Storage,6506,Space-saving furniture with easy assembly.,Jon Karlsson,96,35,42,"Beige, Black, Blue",True,3.1,396,Product Name: IVAR. Category: Storage. Price: 6506. Description: Space-saving furniture with easy assembly.. Designer: Jon Karlsson. Dimensions: 42cm width x 96cm depth x 35cm height.
IKEA00099,MICKE,Desk,38928,Compact furniture suitable for small apartments.,Jon Karlsson,62,67,182,"White, Brown, Black",True,4.1,413,Product Name: MICKE. Category: Desk. Price: 38928. Description: Compact furniture suitable for small apartments.. Designer: Jon Karlsson. Dimensions: 182cm width x 62cm depth x 67cm height.
IKEA00100,MALM,Chair,43822,Simple design with clean Scandinavian lines.,IKEA Design Team,36,33,121,"Oak, Grey, Brown",True,3.3,31,Product Name: MALM. Category: Chair. Price: 43822. Description: Simple design with clean Scandinavian lines.. Designer: IKEA Design Team. Dimensions: 121cm width x 36cm depth x 33cm height.
IKEA00101,MALM,Bookshelf,34976,Modern Scandinavian furniture with a simple and functional design.,IKEA Design Team,80,144,122,"Black, Oak, Grey",True,4.9,27,Product Name: MALM. Category: Bookshelf. Price: 34976. Description: Modern Scandinavian furniture with a simple and functional design.. Designer: IKEA Design Team. Dimensions: 122cm width x 80cm depth x 144cm height.
IKEA00102,BRIMNES,Dining Furniture,34672,Durable furniture with practical storage space.,Monika Mulder,23,45,152,"Blue, Oak, Beige",True,4.0,470,Product Name: BRIMNES. Category: Dining Furniture. Price: 34672. Description: Durable furniture with practical storage space.. Designer: Monika Mulder. Dimensions: 152cm width x 23cm depth x 45cm height.
IKEA00103,EKET,Chair,5793,Durable furniture with practical storage space.,Ola Wihlborg,38,46,62,"Grey, Green, Beige",True,3.8,310,Product Name: EKET. Category: Chair. Price: 5793. Description: Durable furniture with practical storage space.. Designer: Ola Wihlborg. Dimensions: 62cm width x 38cm depth x 46cm height.
IKEA00104,MICKE,Bed,30233,Affordable and stylish furniture for everyday use.,Ola Wihlborg,75,55,59,"Oak, Green, Blue",True,3.8,428,Product Name: MICKE. Category: Bed. Price: 30233. Description: Affordable and stylish furniture for everyday use.. Designer: Ola Wihlborg. Dimensions: 59cm width x 75cm depth x 55cm height.
IKEA00105,EKET,Bookshelf,27761,Space-saving furniture with easy assembly.,IKEA Design Team,60,139,110,"Grey, Brown, Black",False,3.1,430,Product Name: EKET. Category: Bookshelf. Price: 27761. Description: Space-saving furniture with easy assembly.. Designer: IKEA Design Team. Dimensions: 110cm width x 60cm depth x 139cm height.
IKEA00106,BILLY,Chair,28802,Modern Scandinavian furniture with a simple and functional design.,Henrik Preutz,36,172,45,"Beige, Green, White",False,3.7,345,Product Name: BILLY. Category: Chair. Price: 28802. Description: Modern Scandinavian furniture with a simple and functional design.. Designer: Henrik Preutz. Dimensions: 45cm width x 36cm depth x 172cm height.
IKEA00107,TROFAST,Bookshelf,47754,Modern Scandinavian furniture with a simple and functional design.,Henrik Preutz,96,109,120,"Black, Grey, Blue",True,3.3,251,Product Name: TROFAST. Category: Bookshelf. Price: 47754. Description: Modern Scandinavian furniture with a simple and functional design.. Designer: Henrik Preutz. Dimensions: 120cm width x 96cm depth x 109cm height.
IKEA00108,HEMNES,Chair,23444,Simple design with clean Scandinavian lines.,Ola Wihlborg,67,59,101,"Oak, Blue, Green",True,4.2,341,Product Name: HEMNES. Category: Chair. Price: 23444. Description: Simple design with clean Scandinavian lines.. Designer: Ola Wihlborg. Dimensions: 101cm width x 67cm depth x 59cm height.
IKEA00109,IVAR,Bed,2396,Compact furniture suitable for small apartments.,Henrik Preutz,59,116,119,"White, Black, Blue",False,3.1,384,Product Name: IVAR. Category: Bed. Price: 2396. Description: Compact furniture suitable for small apartments.. Designer: Henrik Preutz. Dimensions: 119cm width x 59cm depth x 116cm height.
IKEA00110,ALEX,Sofa,6512,Space-saving furniture with easy assembly.,Ola Wihlborg,47,126,137,"Green, Brown, Black",True,3.6,171,Product Name: ALEX. Category: Sofa. Price: 6512. Description: Space-saving furniture with easy assembly.. Designer: Ola Wihlborg. Dimensions: 137cm width x 47cm depth x 126cm height.
IKEA00111,TROFAST,TV Unit,39573,Modern Scandinavian furniture with a simple and functional design.,IKEA Design Team,39,70,188,"White, Beige, Green",True,3.9,222,Product Name: TROFAST. Category: TV Unit. Price: 39573. Description: Modern Scandinavian furniture with a simple and functional design.. Designer: IKEA Design Team. Dimensions: 188cm width x 39cm depth x 70cm height.
IKEA00112,EKET,TV Unit,29468,Minimalist design suitable for modern homes.,Henrik Preutz,47,161,59,"Beige, Oak, White",True,4.4,308,Product Name: EKET. Category: TV Unit. Price: 29468. Description: Minimalist design suitable for modern homes.. Designer: Henrik Preutz. Dimensions: 59cm width x 47cm depth x 161cm height.
IKEA00113,EKET,Cabinet,44220,Durable furniture with practical storage space.,IKEA Design Team,48,131,183,"White, Green, Black",True,4.9,397,Product Name: EKET. Category: Cabinet. Price: 44220. Description: Durable furniture with practical storage space.. Designer: IKEA Design Team. Dimensions: 183cm width x 48cm depth x 131cm height.
IKEA00114,MALM,Bed,19468,Durable furniture with practical storage space.,IKEA Design Team,20,157,140,"Brown, Black, Oak",True,4.0,431,Product Name: MALM. Category: Bed. Price: 19468. Description: Durable furniture with practical storage space.. Designer: IKEA Design Team. Dimensions: 140cm width x 20cm depth x 157cm height.
IKEA00115,ALEX,Wardrobe,5222,Minimalist design suitable for modern homes.,IKEA Design Team,75,34,147,"Black, Blue, Brown",False,4.1,368,Product Name: ALEX. Category: Wardrobe. Price: 5222. Description: Minimalist design suitable for modern homes.. Designer: IKEA Design Team. Dimensions: 147cm width x 75cm depth x 34cm height.
IKEA00116,ALEX,Bookshelf,19472,Modern Scandinavian furniture with a simple and functional design.,Monika Mulder,22,113,73,"Green, Blue, Beige",True,3.2,437,Product Name: ALEX. Category: Bookshelf. Price: 19472. Description: Modern Scandinavian furniture with a simple and functional design.. Designer: Monika Mulder. Dimensions: 73cm width x 22cm depth x 113cm height.
IKEA00117,BILLY,Desk,29051,Affordable and stylish furniture for everyday use.,Monika Mulder,87,50,131,"Grey, Beige, Brown",True,3.7,91,Product Name: BILLY. Category: Desk. Price: 29051. Description: Affordable and stylish furniture for everyday use.. Designer: Monika Mulder. Dimensions: 131cm width x 87cm depth x 50cm height.
IKEA00118,BILLY,Cabinet,41998,Modern Scandinavian furniture with a simple and functional design.,Ola Wihlborg,85,79,119,"Beige, Green, Blue",True,3.5,79,Product Name: BILLY. Category: Cabinet. Price: 41998. Description: Modern Scandinavian furniture with a simple and functional design.. Designer: Ola Wihlborg. Dimensions: 119cm width x 85cm depth x 79cm height.
IKEA00119,LACK,Desk,11869,Affordable and stylish furniture for everyday use.,Jon Karlsson,29,75,190,"Green, Oak, Grey",False,4.4,456,Product Name: LACK. Category: Desk. Price: 11869. Description: Affordable and stylish furniture for everyday use.. Designer: Jon Karlsson. Dimensions: 190cm width x 29cm depth x 75cm height.
IKEA00120,POANG,Dining Furniture,42133,Affordable and stylish furniture for everyday use.,Henrik Preutz,100,110,68,"Green, White, Oak",False,4.3,412,Product Name: POANG. Category: Dining Furniture. Price: 42133. Description: Affordable and stylish furniture for everyday use.. Designer: Henrik Preutz. Dimensions: 68cm width x 100cm depth x 110cm height.
IKEA00121,LACK,TV Unit,4180,Durable furniture with practical storage space.,Ola Wihlborg,29,109,148,"Green, White, Blue",True,4.7,44,Product Name: LACK. Category: TV Unit. Price: 4180. Description: Durable furniture with practical storage space.. Designer: Ola Wihlborg. Dimensions: 148cm width x 29cm depth x 109cm height.
IKEA00122,ALEX,Chair,40804,Affordable and stylish furniture for everyday use.,Ola Wihlborg,69,148,178,"White, Oak, Grey",True,3.6,248,Product Name: ALEX. Category: Chair. Price: 40804. Description: Affordable and stylish furniture for everyday use.. Designer: Ola Wihlborg. Dimensions: 178cm width x 69cm depth x 148cm height.
IKEA00123,MICKE,Table,4553,Minimalist design suitable for modern homes.,IKEA Design Team,63,212,51,"Brown, White, Black",False,5.0,273,Product Name: MICKE. Category: Table. Price: 4553. Description: Minimalist design suitable for modern homes.. Designer: IKEA Design Team. Dimensions: 51cm width x 63cm depth x 212cm height.
IKEA00124,MICKE,TV Unit,10902,Durable furniture with practical storage space.,Henrik Preutz,56,129,134,"Beige, Green, Grey",True,4.6,336,Product Name: MICKE. Category: TV Unit. Price: 10902. Description: Durable furniture with practical storage space.. Designer: Henrik Preutz. Dimensions: 134cm width x 56cm depth x 129cm height.
IKEA00125,BESTA,Chair,22105,Modern Scandinavian furniture with a simple and functional design.,Ola Wihlborg,69,102,94,"Brown, Green, White",True,4.8,163,Product Name: BESTA. Category: Chair. Price: 22105. Description: Modern Scandinavian furniture with a simple and functional design.. Designer: Ola Wihlborg. Dimensions: 94cm width x 69cm depth x 102cm height.
IKEA00126,ALEX,Dining Furniture,26186,Compact furniture suitable for small apartments.,Ola Wihlborg,30,109,173,"Blue, Beige, Brown",True,4.3,429,Product Name: ALEX. Category: Dining Furniture. Price: 26186. Description: Compact furniture suitable for small apartments.. Designer: Ola Wihlborg. Dimensions: 173cm width x 30cm depth x 109cm height.
IKEA00127,BRIMNES,Dining Furniture,34996,Modern Scandinavian furniture with a simple and functional design.,Monika Mulder,85,122,34,"Beige, Brown, Black",True,3.7,397,Product Name: BRIMNES. Category: Dining Furniture. Price: 34996. Description: Modern Scandinavian furniture with a simple and functional design.. Designer: Monika Mulder. Dimensions: 34cm width x 85cm depth x 122cm height.
IKEA00128,EKET,Desk,15345,Compact furniture suitable for small apartments.,Jon Karlsson,29,105,55,"White, Beige, Brown",True,4.2,83,Product Name: EKET. Category: Desk. Price: 15345. Description: Compact furniture suitable for small apartments.. Designer: Jon Karlsson. Dimensions: 55cm width x 29cm depth x 105cm height.
IKEA00129,MALM,Table,45905,Simple design with clean Scandinavian lines.,Ola Wihlborg,41,214,142,"White, Oak, Brown",True,4.9,317,Product Name: MALM. Category: Table. Price: 45905. Description: Simple design with clean Scandinavian lines.. Designer: Ola Wihlborg. Dimensions: 142cm width x 41cm depth x 214cm height.
IKEA00130,LACK,Storage,15834,Affordable and stylish furniture for everyday use.,Jon Karlsson,59,150,79,"Beige, Green, Grey",False,3.9,149,Product Name: LACK. Category: Storage. Price: 15834. Description: Affordable and stylish furniture for everyday use.. Designer: Jon Karlsson. Dimensions: 79cm width x 59cm depth x 150cm height.
IKEA00131,TROFAST,Bookshelf,33457,Affordable and stylish furniture for everyday use.,Monika Mulder,40,81,184,"Brown, Blue, Green",True,4.3,452,Product Name: TROFAST. Category: Bookshelf. Price: 33457. Description: Affordable and stylish furniture for everyday use.. Designer: Monika Mulder. Dimensions: 184cm width x 40cm depth x 81cm height.
IKEA00132,BESTA,Cabinet,7222,Space-saving furniture with easy assembly.,Ola Wihlborg,35,102,51,"Brown, Green, Oak",True,4.7,51,Product Name: BESTA. Category: Cabinet. Price: 7222. Description: Space-saving furniture with easy assembly.. Designer: Ola Wihlborg. Dimensions: 51cm width x 35cm depth x 102cm height.
IKEA00133,HEMNES,Storage,23409,Modern Scandinavian furniture with a simple and functional design.,Monika Mulder,26,131,158,"Beige, Black, Oak",True,3.7,19,Product Name: HEMNES. Category: Storage. Price: 23409. Description: Modern Scandinavian furniture with a simple and functional design.. Designer: Monika Mulder. Dimensions: 158cm width x 26cm depth x 131cm height.
IKEA00134,BESTA,Chair,47337,Space-saving furniture with easy assembly.,Henrik Preutz,38,65,39,"Grey, Blue, Oak",True,4.5,245,Product Name: BESTA. Category: Chair. Price: 47337. Description: Space-saving furniture with easy assembly.. Designer: Henrik Preutz. Dimensions: 39cm width x 38cm depth x 65cm height.
IKEA00135,EKET,TV Unit,843,Modern Scandinavian furniture with a simple and functional design.,IKEA Design Team,52,85,68,"Blue, White, Brown",True,3.6,29,Product Name: EKET. Category: TV Unit. Price: 843. Description: Modern Scandinavian furniture with a simple and functional design.. Designer: IKEA Design Team. Dimensions: 68cm width x 52cm depth x 85cm height.
IKEA00136,HEMNES,Bookshelf,42373,Simple design with clean Scandinavian lines.,Ola Wihlborg,78,46,58,"Green, Grey, Blue",True,4.3,299,Product Name: HEMNES. Category: Bookshelf. Price: 42373. Description: Simple design with clean Scandinavian lines.. Designer: Ola Wihlborg. Dimensions: 58cm width x 78cm depth x 46cm height.
IKEA00137,HEMNES,Table,19587,Minimalist design suitable for modern homes.,IKEA Design Team,98,120,91,"Blue, Black, Beige",True,4.0,189,Product Name: HEMNES. Category: Table. Price: 19587. Description: Minimalist design suitable for modern homes.. Designer: IKEA Design Team. Dimensions: 91cm width x 98cm depth x 120cm height.
IKEA00138,BILLY,Cabinet,36155,Affordable and stylish furniture for everyday use.,Ola Wihlborg,90,35,129,"Green, White, Beige",False,5.0,134,Product Name: BILLY. Category: Cabinet. Price: 36155. Description: Affordable and stylish furniture for everyday use.. Designer: Ola Wihlborg. Dimensions: 129cm width x 90cm depth x 35cm height.
IKEA00139,BRIMNES,Sofa,23901,Simple design with clean Scandinavian lines.,IKEA Design Team,64,91,198,"Black, Blue, Grey",True,3.3,185,Product Name: BRIMNES. Category: Sofa. Price: 23901. Description: Simple design with clean Scandinavian lines.. Designer: IKEA Design Team. Dimensions: 198cm width x 64cm depth x 91cm height.
IKEA00140,MICKE,Wardrobe,42625,Compact furniture suitable for small apartments.,Monika Mulder,81,191,76,"Brown, White, Beige",False,3.1,108,Product Name: MICKE. Category: Wardrobe. Price: 42625. Description: Compact furniture suitable for small apartments.. Designer: Monika Mulder. Dimensions: 76cm width x 81cm depth x 191cm height.
IKEA00141,KALLAX,Desk,3245,Durable furniture with practical storage space.,Henrik Preutz,85,131,169,"Green, Brown, White",True,3.6,446,Product Name: KALLAX. Category: Desk. Price: 3245. Description: Durable furniture with practical storage space.. Designer: Henrik Preutz. Dimensions: 169cm width x 85cm depth x 131cm height.
IKEA00142,TROFAST,Sofa,43473,Durable furniture with practical storage space.,Henrik Preutz,35,124,141,"Blue, Beige, Oak",False,3.7,100,Product Name: TROFAST. Category: Sofa. Price: 43473. Description: Durable furniture with practical storage space.. Designer: Henrik Preutz. Dimensions: 141cm width x 35cm depth x 124cm height.
IKEA00143,EKET,Storage,24573,Simple design with clean Scandinavian lines.,Ola Wihlborg,54,51,138,"Black, Oak, Grey",True,4.1,169,Product Name: EKET. Category: Storage. Price: 24573. Description: Simple design with clean Scandinavian lines.. Designer: Ola Wihlborg. Dimensions: 138cm width x 54cm depth x 51cm height.
IKEA00144,BILLY,Chair,21989,Space-saving furniture with easy assembly.,Henrik Preutz,59,144,184,"Blue, Black, Beige",False,3.7,26,Product Name: BILLY. Category: Chair. Price: 21989. Description: Space-saving furniture with easy assembly.. Designer: Henrik Preutz. Dimensions: 184cm width x 59cm depth x 144cm height.
IKEA00145,BRIMNES,Wardrobe,40793,Minimalist design suitable for modern homes.,Henrik Preutz,27,49,193,"Blue, Brown, Grey",True,4.9,78,Product Name: BRIMNES. Category: Wardrobe. Price: 40793. Description: Minimalist design suitable for modern homes.. Designer: Henrik Preutz. Dimensions: 193cm width x 27cm depth x 49cm height.
IKEA00146,IVAR,TV Unit,44938,Simple design with clean Scandinavian lines.,Monika Mulder,24,62,47,"Oak, Blue, Beige",True,3.7,491,Product Name: IVAR. Category: TV Unit. Price: 44938. Description: Simple design with clean Scandinavian lines.. Designer: Monika Mulder. Dimensions: 47cm width x 24cm depth x 62cm height.
IKEA00147,POANG,Sofa,40154,Compact furniture suitable for small apartments.,Monika Mulder,67,125,143,"Black, Grey, Green",True,3.8,337,Product Name: POANG. Category: Sofa. Price: 40154. Description: Compact furniture suitable for small apartments.. Designer: Monika Mulder. Dimensions: 143cm width x 67cm depth x 125cm height.
IKEA00148,LACK,Desk,7933,Modern Scandinavian furniture with a simple and functional design.,Jon Karlsson,83,162,129,"Black, Brown, Blue",False,3.4,318,Product Name: LACK. Category: Desk. Price: 7933. Description: Modern Scandinavian furniture with a simple and functional design.. Designer: Jon Karlsson. Dimensions: 129cm width x 83cm depth x 162cm height.
IKEA00149,LACK,Storage,13617,Modern Scandinavian furniture with a simple and functional design.,Jon Karlsson,29,145,74,"Green, White, Beige",True,4.3,368,Product Name: LACK. Category: Storage. Price: 13617. Description: Modern Scandinavian furniture with a simple and functional design.. Designer: Jon Karlsson. Dimensions: 74cm width x 29cm depth x 145cm height.
IKEA00150,BILLY,Cabinet,36030,Durable furniture with practical storage space.,Henrik Preutz,40,212,193,"Brown, Blue, Green",True,3.2,107,Product Name: BILLY. Category: Cabinet. Price: 36030. Description: Durable furniture with practical storage space.. Designer: Henrik Preutz. Dimensions: 193cm width x 40cm depth x 212cm height.
IKEA00151,TROFAST,Table,16013,Simple design with clean Scandinavian lines.,Monika Mulder,23,122,171,"Beige, Oak, Grey",True,4.2,49,Product Name: TROFAST. Category: Table. Price: 16013. Description: Simple design with clean Scandinavian lines.. Designer: Monika Mulder. Dimensions: 171cm width x 23cm depth x 122cm height.
IKEA00152,BILLY,Bed,26592,Space-saving furniture with easy assembly.,Monika Mulder,87,135,134,"Black, Green, Brown",True,3.9,353,Product Name: BILLY. Category: Bed. Price: 26592. Description: Space-saving furniture with easy assembly.. Designer: Monika Mulder. Dimensions: 134cm width x 87cm depth x 135cm height.
IKEA00153,MICKE,Wardrobe,8909,Simple design with clean Scandinavian lines.,Ola Wihlborg,95,76,63,"Blue, Grey, White",True,4.0,160,Product Name: MICKE. Category: Wardrobe. Price: 8909. Description: Simple design with clean Scandinavian lines.. Designer: Ola Wihlborg. Dimensions: 63cm width x 95cm depth x 76cm height.
IKEA00154,MALM,Table,21644,Space-saving furniture with easy assembly.,Jon Karlsson,64,162,102,"Black, Brown, Green",True,3.3,160,Product Name: MALM. Category: Table. Price: 21644. Description: Space-saving furniture with easy assembly.. Designer: Jon Karlsson. Dimensions: 102cm width x 64cm depth x 162cm height.
IKEA00155,POANG,Cabinet,6621,Affordable and stylish furniture for everyday use.,Jon Karlsson,95,178,69,"Brown, Beige, Grey",True,4.7,293,Product Name: POANG. Category: Cabinet. Price: 6621. Description: Affordable and stylish furniture for everyday use.. Designer: Jon Karlsson. Dimensions: 69cm width x 95cm depth x 178cm height.
IKEA00156,KALLAX,Sofa,5822,Modern Scandinavian furniture with a simple and functional design.,Ola Wihlborg,53,196,83,"Blue, Grey, Beige",True,4.0,326,Product Name: KALLAX. Category: Sofa. Price: 5822. Description: Modern Scandinavian furniture with a simple and functional design.. Designer: Ola Wihlborg. Dimensions: 83cm width x 53cm depth x 196cm height.
IKEA00157,MICKE,Bed,42567,Durable furniture with practical storage space.,Monika Mulder,51,205,133,"Grey, Oak, White",True,3.3,217,Product Name: MICKE. Category: Bed. Price: 42567. Description: Durable furniture with practical storage space.. Designer: Monika Mulder. Dimensions: 133cm width x 51cm depth x 205cm height.
IKEA00158,EKET,Storage,13869,Durable furniture with practical storage space.,Ola Wihlborg,38,110,111,"Beige, Oak, Black",True,4.0,59,Product Name: EKET. Category: Storage. Price: 13869. Description: Durable furniture with practical storage space.. Designer: Ola Wihlborg. Dimensions: 111cm width x 38cm depth x 110cm height.
IKEA00159,BESTA,Desk,31069,Modern Scandinavian furniture with a simple and functional design.,Henrik Preutz,77,93,66,"Black, White, Brown",False,4.7,219,Product Name: BESTA. Category: Desk. Price: 31069. Description: Modern Scandinavian furniture with a simple and functional design.. Designer: Henrik Preutz. Dimensions: 66cm width x 77cm depth x 93cm height.
IKEA00160,HEMNES,Table,21957,Affordable and stylish furniture for everyday use.,Henrik Preutz,44,70,157,"Green, Oak, Brown",False,3.0,488,Product Name: HEMNES. Category: Table. Price: 21957. Description: Affordable and stylish furniture for everyday use.. Designer: Henrik Preutz. Dimensions: 157cm width x 44cm depth x 70cm height.
IKEA00161,PAX,Cabinet,30464,Compact furniture suitable for small apartments.,Jon Karlsson,94,120,42,"White, Brown, Oak",False,3.6,9,Product Name: PAX. Category: Cabinet. Price: 30464. Description: Compact furniture suitable for small apartments.. Designer: Jon Karlsson. Dimensions: 42cm width x 94cm depth x 120cm height.
IKEA00162,IVAR,Chair,28740,Compact furniture suitable for small apartments.,Henrik Preutz,66,133,123,"White, Oak, Green",True,3.7,152,Product Name: IVAR. Category: Chair. Price: 28740. Description: Compact furniture suitable for small apartments.. Designer: Henrik Preutz. Dimensions: 123cm width x 66cm depth x 133cm height.
IKEA00163,BILLY,Bookshelf,33545,Minimalist design suitable for modern homes.,Ola Wihlborg,55,189,186,"Black, Green, White",False,3.7,178,Product Name: BILLY. Category: Bookshelf. Price: 33545. Description: Minimalist design suitable for modern homes.. Designer: Ola Wihlborg. Dimensions: 186cm width x 55cm depth x 189cm height.
IKEA00164,MICKE,Wardrobe,49976,Compact furniture suitable for small apartments.,Jon Karlsson,97,160,132,"White, Green, Blue",True,4.4,416,Product Name: MICKE. Category: Wardrobe. Price: 49976. Description: Compact furniture suitable for small apartments.. Designer: Jon Karlsson. Dimensions: 132cm width x 97cm depth x 160cm height.
IKEA00165,EKET,Cabinet,30448,Compact furniture suitable for small apartments.,Ola Wihlborg,85,65,113,"Beige, Black, Oak",True,4.2,264,Product Name: EKET. Category: Cabinet. Price: 30448. Description: Compact furniture suitable for small apartments.. Designer: Ola Wihlborg. Dimensions: 113cm width x 85cm depth x 65cm height.
IKEA00166,IVAR,Cabinet,35386,Minimalist design suitable for modern homes.,Ola Wihlborg,58,151,34,"Beige, Brown, Green",True,5.0,303,Product Name: IVAR. Category: Cabinet. Price: 35386. Description: Minimalist design suitable for modern homes.. Designer: Ola Wihlborg. Dimensions: 34cm width x 58cm depth x 151cm height.
IKEA00167,LACK,Dining Furniture,2245,Affordable and stylish furniture for everyday use.,Monika Mulder,53,197,178,"Oak, Beige, White",False,3.3,327,Product Name: LACK. Category: Dining Furniture. Price: 2245. Description: Affordable and stylish furniture for everyday use.. Designer: Monika Mulder. Dimensions: 178cm width x 53cm depth x 197cm height.
IKEA00168,BRIMNES,TV Unit,25415,Compact furniture suitable for small apartments.,Jon Karlsson,24,176,58,"Oak, White, Green",True,3.8,216,Product Name: BRIMNES. Category: TV Unit. Price: 25415. Description: Compact furniture suitable for small apartments.. Designer: Jon Karlsson. Dimensions: 58cm width x 24cm depth x 176cm height.
IKEA00169,BRIMNES,Desk,27393,Affordable and stylish furniture for everyday use.,Ola Wihlborg,80,218,45,"Brown, Grey, Black",True,5.0,249,Product Name: BRIMNES. Category: Desk. Price: 27393. Description: Affordable and stylish furniture for everyday use.. Designer: Ola Wihlborg. Dimensions: 45cm width x 80cm depth x 218cm height.
IKEA00170,MICKE,Bookshelf,21061,Compact furniture suitable for small apartments.,Monika Mulder,88,117,169,"Beige, Green, Blue",True,4.2,103,Product Name: MICKE. Category: Bookshelf. Price: 21061. Description: Compact furniture suitable for small apartments.. Designer: Monika Mulder. Dimensions: 169cm width x 88cm depth x 117cm height.
IKEA00171,HEMNES,Bed,37073,Durable furniture with practical storage space.,Jon Karlsson,58,103,83,"Green, Brown, Oak",True,4.1,483,Product Name: HEMNES. Category: Bed. Price: 37073. Description: Durable furniture with practical storage space.. Designer: Jon Karlsson. Dimensions: 83cm width x 58cm depth x 103cm height.
IKEA00172,TROFAST,Bed,19359,Modern Scandinavian furniture with a simple and functional design.,Ola Wihlborg,89,127,131,"Beige, Blue, Black",True,3.1,494,Product Name: TROFAST. Category: Bed. Price: 19359. Description: Modern Scandinavian furniture with a simple and functional design.. Designer: Ola Wihlborg. Dimensions: 131cm width x 89cm depth x 127cm height.
IKEA00173,BRIMNES,Chair,23198,Minimalist design suitable for modern homes.,Henrik Preutz,81,84,81,"Grey, Green, Beige",True,3.3,320,Product Name: BRIMNES. Category: Chair. Price: 23198. Description: Minimalist design suitable for modern homes.. Designer: Henrik Preutz. Dimensions: 81cm width x 81cm depth x 84cm height.
IKEA00174,BRIMNES,TV Unit,16180,Compact furniture suitable for small apartments.,IKEA Design Team,87,87,193,"Oak, White, Blue",False,3.7,246,Product Name: BRIMNES. Category: TV Unit. Price: 16180. Description: Compact furniture suitable for small apartments.. Designer: IKEA Design Team. Dimensions: 193cm width x 87cm depth x 87cm height.
IKEA00175,BILLY,Dining Furniture,9508,Modern Scandinavian furniture with a simple and functional design.,Ola Wihlborg,40,134,197,"Green, Oak, Beige",True,4.5,152,Product Name: BILLY. Category: Dining Furniture. Price: 9508. Description: Modern Scandinavian furniture with a simple and functional design.. Designer: Ola Wihlborg. Dimensions: 197cm width x 40cm depth x 134cm height.
IKEA00176,BESTA,Bed,42828,Modern Scandinavian furniture with a simple and functional design.,IKEA Design Team,93,89,166,"White, Black, Oak",True,4.9,23,Product Name: BESTA. Category: Bed. Price: 42828. Description: Modern Scandinavian furniture with a simple and functional design.. Designer: IKEA Design Team. Dimensions: 166cm width x 93cm depth x 89cm height.
IKEA00177,IVAR,Bookshelf,32964,Compact furniture suitable for small apartments.,Henrik Preutz,24,32,106,"Black, Brown, Blue",False,5.0,283,Product Name: IVAR. Category: Bookshelf. Price: 32964. Description: Compact furniture suitable for small apartments.. Designer: Henrik Preutz. Dimensions: 106cm width x 24cm depth x 32cm height.
IKEA00178,MICKE,Storage,9293,Simple design with clean Scandinavian lines.,Ola Wihlborg,79,99,79,"Black, Brown, Green",False,4.3,372,Product Name: MICKE. Category: Storage. Price: 9293. Description: Simple design with clean Scandinavian lines.. Designer: Ola Wihlborg. Dimensions: 79cm width x 79cm depth x 99cm height.
IKEA00179,MALM,Sofa,48773,Durable furniture with practical storage space.,Henrik Preutz,92,202,79,"Brown, Grey, Beige",False,4.7,268,Product Name: MALM. Category: Sofa. Price: 48773. Description: Durable furniture with practical storage space.. Designer: Henrik Preutz. Dimensions: 79cm width x 92cm depth x 202cm height.
IKEA00180,BESTA,Chair,26768,Space-saving furniture with easy assembly.,IKEA Design Team,43,65,152,"Beige, Black, White",True,3.8,233,Product Name: BESTA. Category: Chair. Price: 26768. Description: Space-saving furniture with easy assembly.. Designer: IKEA Design Team. Dimensions: 152cm width x 43cm depth x 65cm height.
IKEA00181,TROFAST,Bed,22101,Durable furniture with practical storage space.,Ola Wihlborg,93,32,96,"Beige, Green, Black",True,4.3,243,Product Name: TROFAST. Category: Bed. Price: 22101. Description: Durable furniture with practical storage space.. Designer: Ola Wihlborg. Dimensions: 96cm width x 93cm depth x 32cm height.
IKEA00182,LACK,Table,27068,Space-saving furniture with easy assembly.,Ola Wihlborg,59,206,60,"Grey, Brown, Green",True,3.4,73,Product Name: LACK. Category: Table. Price: 27068. Description: Space-saving furniture with easy assembly.. Designer: Ola Wihlborg. Dimensions: 60cm width x 59cm depth x 206cm height.
IKEA00183,EKET,Table,30316,Space-saving furniture with easy assembly.,Ola Wihlborg,67,136,170,"Green, Blue, Grey",True,4.5,353,Product Name: EKET. Category: Table. Price: 30316. Description: Space-saving furniture with easy assembly.. Designer: Ola Wihlborg. Dimensions: 170cm width x 67cm depth x 136cm height.
IKEA00184,TROFAST,TV Unit,5864,Affordable and stylish furniture for everyday use.,Monika Mulder,87,210,122,"Black, Grey, White",True,4.7,467,Product Name: TROFAST. Category: TV Unit. Price: 5864. Description: Affordable and stylish furniture for everyday use.. Designer: Monika Mulder. Dimensions: 122cm width x 87cm depth x 210cm height.
IKEA00185,MICKE,Desk,38031,Affordable and stylish furniture for everyday use.,Jon Karlsson,41,113,163,"Green, White, Beige",True,4.4,255,Product Name: MICKE. Category: Desk. Price: 38031. Description: Affordable and stylish furniture for everyday use.. Designer: Jon Karlsson. Dimensions: 163cm width x 41cm depth x 113cm height.
IKEA00186,BILLY,Cabinet,29694,Simple design with clean Scandinavian lines.,IKEA Design Team,78,63,161,"Blue, Oak, Grey",True,4.1,349,Product Name: BILLY. Category: Cabinet. Price: 29694. Description: Simple design with clean Scandinavian lines.. Designer: IKEA Design Team. Dimensions: 161cm width x 78cm depth x 63cm height.
IKEA00187,TROFAST,Bed,47899,Modern Scandinavian furniture with a simple and functional design.,Monika Mulder,52,30,85,"Black, White, Oak",True,4.4,282,Product Name: TROFAST. Category: Bed. Price: 47899. Description: Modern Scandinavian furniture with a simple and functional design.. Designer: Monika Mulder. Dimensions: 85cm width x 52cm depth x 30cm height.
IKEA00188,KALLAX,Chair,31436,Modern Scandinavian furniture with a simple and functional design.,Henrik Preutz,72,76,64,"Blue, Brown, Oak",False,4.7,469,Product Name: KALLAX. Category: Chair. Price: 31436. Description: Modern Scandinavian furniture with a simple and functional design.. Designer: Henrik Preutz. Dimensions: 64cm width x 72cm depth x 76cm height.
IKEA00189,PAX,Bookshelf,5758,Space-saving furniture with easy assembly.,Ola Wihlborg,37,197,119,"Black, Green, Grey",False,4.1,377,Product Name: PAX. Category: Bookshelf. Price: 5758. Description: Space-saving furniture with easy assembly.. Designer: Ola Wihlborg. Dimensions: 119cm width x 37cm depth x 197cm height.
IKEA00190,HEMNES,Sofa,1988,Durable furniture with practical storage space.,Monika Mulder,89,138,166,"Blue, Green, Black",True,3.9,84,Product Name: HEMNES. Category: Sofa. Price: 1988. Description: Durable furniture with practical storage space.. Designer: Monika Mulder. Dimensions: 166cm width x 89cm depth x 138cm height.
IKEA00191,LACK,Desk,48014,Simple design with clean Scandinavian lines.,IKEA Design Team,24,199,137,"White, Black, Blue",True,3.2,22,Product Name: LACK. Category: Desk. Price: 48014. Description: Simple design with clean Scandinavian lines.. Designer: IKEA Design Team. Dimensions: 137cm width x 24cm depth x 199cm height.
IKEA00192,EKET,TV Unit,44540,Space-saving furniture with easy assembly.,IKEA Design Team,51,219,41,"Blue, Oak, Black",True,4.5,402,Product Name: EKET. Category: TV Unit. Price: 44540. Description: Space-saving furniture with easy assembly.. Designer: IKEA Design Team. Dimensions: 41cm width x 51cm depth x 219cm height.
IKEA00193,KALLAX,Table,33522,Durable furniture with practical storage space.,Jon Karlsson,93,111,177,"Beige, Black, Brown",True,5.0,271,Product Name: KALLAX. Category: Table. Price: 33522. Description: Durable furniture with practical storage space.. Designer: Jon Karlsson. Dimensions: 177cm width x 93cm depth x 111cm height.
IKEA00194,HEMNES,Bookshelf,20192,Durable furniture with practical storage space.,IKEA Design Team,91,181,74,"Blue, Grey, Oak",True,4.9,487,Product Name: HEMNES. Category: Bookshelf. Price: 20192. Description: Durable furniture with practical storage space.. Designer: IKEA Design Team. Dimensions: 74cm width x 91cm depth x 181cm height.
IKEA00195,ALEX,Dining Furniture,25478,Simple design with clean Scandinavian lines.,Ola Wihlborg,60,208,136,"Blue, Black, Brown",False,3.4,280,Product Name: ALEX. Category: Dining Furniture. Price: 25478. Description: Simple design with clean Scandinavian lines.. Designer: Ola Wihlborg. Dimensions: 136cm width x 60cm depth x 208cm height.
IKEA00196,EKET,Desk,15267,Durable furniture with practical storage space.,Jon Karlsson,79,44,173,"Blue, Oak, Grey",True,3.8,135,Product Name: EKET. Category: Desk. Price: 15267. Description: Durable furniture with practical storage space.. Designer: Jon Karlsson. Dimensions: 173cm width x 79cm depth x 44cm height.
IKEA00197,HEMNES,Wardrobe,42881,Modern Scandinavian furniture with a simple and functional design.,Monika Mulder,67,53,167,"Oak, White, Brown",False,4.3,313,Product Name: HEMNES. Category: Wardrobe. Price: 42881. Description: Modern Scandinavian furniture with a simple and functional design.. Designer: Monika Mulder. Dimensions: 167cm width x 67cm depth x 53cm height.
IKEA00198,KALLAX,Chair,12830,Simple design with clean Scandinavian lines.,Ola Wihlborg,91,85,152,"Oak, Blue, Brown",True,4.9,12,Product Name: KALLAX. Category: Chair. Price: 12830. Description: Simple design with clean Scandinavian lines.. Designer: Ola Wihlborg. Dimensions: 152cm width x 91cm depth x 85cm height.
IKEA00199,HEMNES,Desk,49092,Modern Scandinavian furniture with a simple and functional design.,Monika Mulder,51,208,184,"Oak, Green, Black",True,4.6,199,Product Name: HEMNES. Category: Desk. Price: 49092. Description: Modern Scandinavian furniture with a simple and functional design.. Designer: Monika Mulder. Dimensions: 184cm width x 51cm depth x 208cm height.
IKEA00200,EKET,Cabinet,43013,Durable furniture with practical storage space.,Henrik Preutz,53,122,161,"Green, Oak, White",False,4.5,168,Product Name: EKET. Category: Cabinet. Price: 43013. Description: Durable furniture with practical storage space.. Designer: Henrik Preutz. Dimensions: 161cm width x 53cm depth x 122cm height.
IKEA00201,HEMNES,Wardrobe,21006,Minimalist design suitable for modern homes.,IKEA Design Team,92,86,67,"White, Brown, Grey",False,3.6,105,Product Name: HEMNES. Category: Wardrobe. Price: 21006. Description: Minimalist design suitable for modern homes.. Designer: IKEA Design Team. Dimensions: 67cm width x 92cm depth x 86cm height.
IKEA00202,BESTA,Desk,25392,Affordable and stylish furniture for everyday use.,Jon Karlsson,83,170,197,"Beige, Brown, Oak",False,3.9,380,Product Name: BESTA. Category: Desk. Price: 25392. Description: Affordable and stylish furniture for everyday use.. Designer: Jon Karlsson. Dimensions: 197cm width x 83cm depth x 170cm height.
IKEA00203,TROFAST,Wardrobe,11591,Compact furniture suitable for small apartments.,Ola Wihlborg,82,77,168,"White, Grey, Green",True,4.9,347,Product Name: TROFAST. Category: Wardrobe. Price: 11591. Description: Compact furniture suitable for small apartments.. Designer: Ola Wihlborg. Dimensions: 168cm width x 82cm depth x 77cm height.
IKEA00204,KALLAX,Sofa,27525,Compact furniture suitable for small apartments.,Jon Karlsson,28,211,68,"White, Black, Grey",False,3.7,321,Product Name: KALLAX. Category: Sofa. Price: 27525. Description: Compact furniture suitable for small apartments.. Designer: Jon Karlsson. Dimensions: 68cm width x 28cm depth x 211cm height.
IKEA00205,ALEX,Dining Furniture,40903,Minimalist design suitable for modern homes.,Monika Mulder,22,31,166,"Blue, White, Green",True,4.1,151,Product Name: ALEX. Category: Dining Furniture. Price: 40903. Description: Minimalist design suitable for modern homes.. Designer: Monika Mulder. Dimensions: 166cm width x 22cm depth x 31cm height.
IKEA00206,KALLAX,Cabinet,46233,Space-saving furniture with easy assembly.,Monika Mulder,42,57,54,"Brown, Black, Blue",True,4.6,141,Product Name: KALLAX. Category: Cabinet. Price: 46233. Description: Space-saving furniture with easy assembly.. Designer: Monika Mulder. Dimensions: 54cm width x 42cm depth x 57cm height.
IKEA00207,TROFAST,Bookshelf,5677,Durable furniture with practical storage space.,Monika Mulder,78,174,92,"Oak, Brown, Beige",True,4.3,444,Product Name: TROFAST. Category: Bookshelf. Price: 5677. Description: Durable furniture with practical storage space.. Designer: Monika Mulder. Dimensions: 92cm width x 78cm depth x 174cm height.
IKEA00208,ALEX,Sofa,6626,Minimalist design suitable for modern homes.,Monika Mulder,68,171,151,"White, Beige, Green",True,3.2,437,Product Name: ALEX. Category: Sofa. Price: 6626. Description: Minimalist design suitable for modern homes.. Designer: Monika Mulder. Dimensions: 151cm width x 68cm depth x 171cm height.
IKEA00209,PAX,Dining Furniture,22209,Affordable and stylish furniture for everyday use.,IKEA Design Team,87,40,88,"Oak, Blue, Beige",False,3.5,478,Product Name: PAX. Category: Dining Furniture. Price: 22209. Description: Affordable and stylish furniture for everyday use.. Designer: IKEA Design Team. Dimensions: 88cm width x 87cm depth x 40cm height.
IKEA00210,BILLY,Dining Furniture,18873,Affordable and stylish furniture for everyday use.,Ola Wihlborg,24,75,110,"White, Black, Grey",True,4.5,369,Product Name: BILLY. Category: Dining Furniture. Price: 18873. Description: Affordable and stylish furniture for everyday use.. Designer: Ola Wihlborg. Dimensions: 110cm width x 24cm depth x 75cm height.
IKEA00211,IVAR,Bookshelf,5541,Durable furniture with practical storage space.,Jon Karlsson,92,91,175,"Blue, Beige, Grey",True,3.8,383,Product Name: IVAR. Category: Bookshelf. Price: 5541. Description: Durable furniture with practical storage space.. Designer: Jon Karlsson. Dimensions: 175cm width x 92cm depth x 91cm height.
IKEA00212,MALM,Chair,33318,Space-saving furniture with easy assembly.,Henrik Preutz,26,55,141,"Oak, Blue, White",True,4.2,319,Product Name: MALM. Category: Chair. Price: 33318. Description: Space-saving furniture with easy assembly.. Designer: Henrik Preutz. Dimensions: 141cm width x 26cm depth x 55cm height.
IKEA00213,POANG,Bookshelf,21888,Modern Scandinavian furniture with a simple and functional design.,Henrik Preutz,77,155,88,"Beige, Grey, Oak",False,3.4,304,Product Name: POANG. Category: Bookshelf. Price: 21888. Description: Modern Scandinavian furniture with a simple and functional design.. Designer: Henrik Preutz. Dimensions: 88cm width x 77cm depth x 155cm height.
IKEA00214,ALEX,Bookshelf,6115,Simple design with clean Scandinavian lines.,Ola Wihlborg,57,93,48,"Black, Brown, Green",False,4.4,329,Product Name: ALEX. Category: Bookshelf. Price: 6115. Description: Simple design with clean Scandinavian lines.. Designer: Ola Wihlborg. Dimensions: 48cm width x 57cm depth x 93cm height.
IKEA00215,MALM,Bookshelf,21252,Durable furniture with practical storage space.,IKEA Design Team,31,31,108,"Green, Brown, Blue",True,3.3,100,Product Name: MALM. Category: Bookshelf. Price: 21252. Description: Durable furniture with practical storage space.. Designer: IKEA Design Team. Dimensions: 108cm width x 31cm depth x 31cm height.
IKEA00216,PAX,Storage,37001,Affordable and stylish furniture for everyday use.,Ola Wihlborg,72,56,36,"Black, Brown, Grey",True,4.2,406,Product Name: PAX. Category: Storage. Price: 37001. Description: Affordable and stylish furniture for everyday use.. Designer: Ola Wihlborg. Dimensions: 36cm width x 72cm depth x 56cm height.
IKEA00217,BESTA,Bookshelf,1307,Durable furniture with practical storage space.,Monika Mulder,69,51,173,"Oak, Grey, Blue",True,4.4,91,Product Name: BESTA. Category: Bookshelf. Price: 1307. Description: Durable furniture with practical storage space.. Designer: Monika Mulder. Dimensions: 173cm width x 69cm depth x 51cm height.
IKEA00218,MALM,Bed,20233,Durable furniture with practical storage space.,Monika Mulder,38,46,72,"Blue, Brown, Oak",True,4.0,44,Product Name: MALM. Category: Bed. Price: 20233. Description: Durable furniture with practical storage space.. Designer: Monika Mulder. Dimensions: 72cm width x 38cm depth x 46cm height.
IKEA00219,BESTA,Bed,16659,Space-saving furniture with easy assembly.,Monika Mulder,96,187,80,"Green, White, Black",True,3.0,207,Product Name: BESTA. Category: Bed. Price: 16659. Description: Space-saving furniture with easy assembly.. Designer: Monika Mulder. Dimensions: 80cm width x 96cm depth x 187cm height.
IKEA00220,BESTA,TV Unit,25395,Simple design with clean Scandinavian lines.,Henrik Preutz,76,115,140,"Brown, Green, Blue",True,4.0,95,Product Name: BESTA. Category: TV Unit. Price: 25395. Description: Simple design with clean Scandinavian lines.. Designer: Henrik Preutz. Dimensions: 140cm width x 76cm depth x 115cm height.
IKEA00221,PAX,Wardrobe,19599,Space-saving furniture with easy assembly.,Monika Mulder,93,92,113,"Blue, Brown, Oak",True,3.2,293,Product Name: PAX. Category: Wardrobe. Price: 19599. Description: Space-saving furniture with easy assembly.. Designer: Monika Mulder. Dimensions: 113cm width x 93cm depth x 92cm height.
IKEA00222,HEMNES,TV Unit,36257,Compact furniture suitable for small apartments.,Ola Wihlborg,23,216,148,"Oak, Green, Brown",True,4.6,412,Product Name: HEMNES. Category: TV Unit. Price: 36257. Description: Compact furniture suitable for small apartments.. Designer: Ola Wihlborg. Dimensions: 148cm width x 23cm depth x 216cm height.
IKEA00223,TROFAST,Bookshelf,44603,Minimalist design suitable for modern homes.,Jon Karlsson,58,91,94,"Brown, Beige, Oak",False,3.1,311,Product Name: TROFAST. Category: Bookshelf. Price: 44603. Description: Minimalist design suitable for modern homes.. Designer: Jon Karlsson. Dimensions: 94cm width x 58cm depth x 91cm height.
IKEA00224,EKET,TV Unit,26766,Affordable and stylish furniture for everyday use.,Ola Wihlborg,73,169,39,"Beige, Green, Grey",True,3.2,132,Product Name: EKET. Category: TV Unit. Price: 26766. Description: Affordable and stylish furniture for everyday use.. Designer: Ola Wihlborg. Dimensions: 39cm width x 73cm depth x 169cm height.
IKEA00225,ALEX,Dining Furniture,23764,Compact furniture suitable for small apartments.,Ola Wihlborg,25,174,195,"Blue, Green, Brown",False,3.2,55,Product Name: ALEX. Category: Dining Furniture. Price: 23764. Description: Compact furniture suitable for small apartments.. Designer: Ola Wihlborg. Dimensions: 195cm width x 25cm depth x 174cm height.
IKEA00226,LACK,Desk,33966,Space-saving furniture with easy assembly.,Ola Wihlborg,91,178,177,"Oak, Green, Brown",False,3.9,352,Product Name: LACK. Category: Desk. Price: 33966. Description: Space-saving furniture with easy assembly.. Designer: Ola Wihlborg. Dimensions: 177cm width x 91cm depth x 178cm height.
IKEA00227,POANG,Cabinet,10378,Durable furniture with practical storage space.,IKEA Design Team,81,56,105,"Blue, White, Green",True,3.7,180,Product Name: POANG. Category: Cabinet. Price: 10378. Description: Durable furniture with practical storage space.. Designer: IKEA Design Team. Dimensions: 105cm width x 81cm depth x 56cm height.
IKEA00228,EKET,Desk,34650,Minimalist design suitable for modern homes.,Henrik Preutz,80,54,142,"Green, Brown, White",True,3.1,368,Product Name: EKET. Category: Desk. Price: 34650. Description: Minimalist design suitable for modern homes.. Designer: Henrik Preutz. Dimensions: 142cm width x 80cm depth x 54cm height.
IKEA00229,BILLY,Sofa,22982,Space-saving furniture with easy assembly.,IKEA Design Team,41,219,92,"Brown, Grey, Black",True,4.1,495,Product Name: BILLY. Category: Sofa. Price: 22982. Description: Space-saving furniture with easy assembly.. Designer: IKEA Design Team. Dimensions: 92cm width x 41cm depth x 219cm height.
IKEA00230,EKET,Desk,27044,Space-saving furniture with easy assembly.,Jon Karlsson,43,193,198,"Blue, Oak, White",True,3.9,224,Product Name: EKET. Category: Desk. Price: 27044. Description: Space-saving furniture with easy assembly.. Designer: Jon Karlsson. Dimensions: 198cm width x 43cm depth x 193cm height.
IKEA00231,PAX,Sofa,46684,Compact furniture suitable for small apartments.,Jon Karlsson,55,210,46,"Black, Blue, Grey",True,3.7,105,Product Name: PAX. Category: Sofa. Price: 46684. Description: Compact furniture suitable for small apartments.. Designer: Jon Karlsson. Dimensions: 46cm width x 55cm depth x 210cm height.
IKEA00232,EKET,Chair,17692,Space-saving furniture with easy assembly.,Monika Mulder,87,193,110,"Blue, Grey, Oak",True,3.7,437,Product Name: EKET. Category: Chair. Price: 17692. Description: Space-saving furniture with easy assembly.. Designer: Monika Mulder. Dimensions: 110cm width x 87cm depth x 193cm height.
IKEA00233,EKET,TV Unit,11805,Simple design with clean Scandinavian lines.,Henrik Preutz,98,181,51,"Brown, Green, White",True,3.6,98,Product Name: EKET. Category: TV Unit. Price: 11805. Description: Simple design with clean Scandinavian lines.. Designer: Henrik Preutz. Dimensions: 51cm width x 98cm depth x 181cm height.
IKEA00234,BESTA,Table,33976,Minimalist design suitable for modern homes.,Monika Mulder,96,65,177,"Blue, Oak, Black",False,4.3,360,Product Name: BESTA. Category: Table. Price: 33976. Description: Minimalist design suitable for modern homes.. Designer: Monika Mulder. Dimensions: 177cm width x 96cm depth x 65cm height.
IKEA00235,ALEX,Table,36865,Compact furniture suitable for small apartments.,Monika Mulder,56,65,77,"Beige, Blue, Oak",True,4.7,492,Product Name: ALEX. Category: Table. Price: 36865. Description: Compact furniture suitable for small apartments.. Designer: Monika Mulder. Dimensions: 77cm width x 56cm depth x 65cm height.
IKEA00236,KALLAX,Storage,9446,Compact furniture suitable for small apartments.,Monika Mulder,91,159,197,"Green, Oak, Beige",False,3.8,435,Product Name: KALLAX. Category: Storage. Price: 9446. Description: Compact furniture suitable for small apartments.. Designer: Monika Mulder. Dimensions: 197cm width x 91cm depth x 159cm height.
IKEA00237,EKET,Storage,11460,Modern Scandinavian furniture with a simple and functional design.,Ola Wihlborg,23,86,104,"White, Brown, Black",True,3.3,239,Product Name: EKET. Category: Storage. Price: 11460. Description: Modern Scandinavian furniture with a simple and functional design.. Designer: Ola Wihlborg. Dimensions: 104cm width x 23cm depth x 86cm height.
IKEA00238,POANG,Storage,36525,Affordable and stylish furniture for everyday use.,IKEA Design Team,93,59,98,"Beige, Grey, White",False,4.1,222,Product Name: POANG. Category: Storage. Price: 36525. Description: Affordable and stylish furniture for everyday use.. Designer: IKEA Design Team. Dimensions: 98cm width x 93cm depth x 59cm height.
IKEA00239,BILLY,Dining Furniture,49739,Compact furniture suitable for small apartments.,Henrik Preutz,24,145,97,"Beige, Blue, White",False,4.7,65,Product Name: BILLY. Category: Dining Furniture. Price: 49739. Description: Compact furniture suitable for small apartments.. Designer: Henrik Preutz. Dimensions: 97cm width x 24cm depth x 145cm height.
IKEA00240,TROFAST,Desk,14253,Simple design with clean Scandinavian lines.,Ola Wihlborg,64,211,186,"Blue, Black, Grey",True,4.6,421,Product Name: TROFAST. Category: Desk. Price: 14253. Description: Simple design with clean Scandinavian lines.. Designer: Ola Wihlborg. Dimensions: 186cm width x 64cm depth x 211cm height.
IKEA00241,HEMNES,Sofa,37859,Durable furniture with practical storage space.,Ola Wihlborg,55,182,167,"Brown, Green, Beige",True,3.6,141,Product Name: HEMNES. Category: Sofa. Price: 37859. Description: Durable furniture with practical storage space.. Designer: Ola Wihlborg. Dimensions: 167cm width x 55cm depth x 182cm height.
IKEA00242,IVAR,Cabinet,45017,Simple design with clean Scandinavian lines.,IKEA Design Team,37,135,45,"Grey, Blue, Beige",True,4.4,72,Product Name: IVAR. Category: Cabinet. Price: 45017. Description: Simple design with clean Scandinavian lines.. Designer: IKEA Design Team. Dimensions: 45cm width x 37cm depth x 135cm height.
IKEA00243,HEMNES,Table,47120,Durable furniture with practical storage space.,Jon Karlsson,70,155,66,"Grey, Beige, Oak",False,3.9,329,Product Name: HEMNES. Category: Table. Price: 47120. Description: Durable furniture with practical storage space.. Designer: Jon Karlsson. Dimensions: 66cm width x 70cm depth x 155cm height.
IKEA00244,TROFAST,Chair,26900,Affordable and stylish furniture for everyday use.,Henrik Preutz,67,146,154,"Beige, Grey, White",True,4.5,239,Product Name: TROFAST. Category: Chair. Price: 26900. Description: Affordable and stylish furniture for everyday use.. Designer: Henrik Preutz. Dimensions: 154cm width x 67cm depth x 146cm height.
IKEA00245,ALEX,Dining Furniture,46196,Durable furniture with practical storage space.,IKEA Design Team,88,131,85,"Blue, Green, Black",False,3.5,429,Product Name: ALEX. Category: Dining Furniture. Price: 46196. Description: Durable furniture with practical storage space.. Designer: IKEA Design Team. Dimensions: 85cm width x 88cm depth x 131cm height.
IKEA00246,LACK,Wardrobe,36367,Affordable and stylish furniture for everyday use.,Jon Karlsson,92,154,117,"White, Green, Blue",False,3.0,480,Product Name: LACK. Category: Wardrobe. Price: 36367. Description: Affordable and stylish furniture for everyday use.. Designer: Jon Karlsson. Dimensions: 117cm width x 92cm depth x 154cm height.
IKEA00247,IVAR,Table,29419,Minimalist design suitable for modern homes.,IKEA Design Team,74,81,63,"Grey, Black, Brown",True,4.3,133,Product Name: IVAR. Category: Table. Price: 29419. Description: Minimalist design suitable for modern homes.. Designer: IKEA Design Team. Dimensions: 63cm width x 74cm depth x 81cm height.
IKEA00248,BILLY,Wardrobe,44048,Space-saving furniture with easy assembly.,Jon Karlsson,26,131,190,"Grey, Beige, Blue",True,3.9,51,Product Name: BILLY. Category: Wardrobe. Price: 44048. Description: Space-saving furniture with easy assembly.. Designer: Jon Karlsson. Dimensions: 190cm width x 26cm depth x 131cm height.
IKEA00249,BRIMNES,Chair,570,Compact furniture suitable for small apartments.,Monika Mulder,29,63,181,"Oak, Grey, Beige",False,3.0,361,Product Name: BRIMNES. Category: Chair. Price: 570. Description: Compact furniture suitable for small apartments.. Designer: Monika Mulder. Dimensions: 181cm width x 29cm depth x 63cm height.
IKEA00250,BESTA,Chair,28175,Space-saving furniture with easy assembly.,Jon Karlsson,81,48,88,"Blue, White, Beige",True,3.2,193,Product Name: BESTA. Category: Chair. Price: 28175. Description: Space-saving furniture with easy assembly.. Designer: Jon Karlsson. Dimensions: 88cm width x 81cm depth x 48cm height.
IKEA00251,LACK,Table,25581,Simple design with clean Scandinavian lines.,Jon Karlsson,38,47,165,"White, Grey, Beige",True,3.9,374,Product Name: LACK. Category: Table. Price: 25581. Description: Simple design with clean Scandinavian lines.. Designer: Jon Karlsson. Dimensions: 165cm width x 38cm depth x 47cm height.
IKEA00252,HEMNES,Dining Furniture,49537,Compact furniture suitable for small apartments.,Monika Mulder,98,205,143,"Oak, White, Blue",True,4.5,306,Product Name: HEMNES. Category: Dining Furniture. Price: 49537. Description: Compact furniture suitable for small apartments.. Designer: Monika Mulder. Dimensions: 143cm width x 98cm depth x 205cm height.
IKEA00253,BRIMNES,Bookshelf,23537,Minimalist design suitable for modern homes.,Henrik Preutz,37,93,100,"Black, Green, Grey",True,4.6,358,Product Name: BRIMNES. Category: Bookshelf. Price: 23537. Description: Minimalist design suitable for modern homes.. Designer: Henrik Preutz. Dimensions: 100cm width x 37cm depth x 93cm height.
IKEA00254,KALLAX,Dining Furniture,20267,Compact furniture suitable for small apartments.,Ola Wihlborg,97,160,78,"Blue, Brown, Beige",True,4.6,411,Product Name: KALLAX. Category: Dining Furniture. Price: 20267. Description: Compact furniture suitable for small apartments.. Designer: Ola Wihlborg. Dimensions: 78cm width x 97cm depth x 160cm height.
IKEA00255,HEMNES,Storage,25788,Modern Scandinavian furniture with a simple and functional design.,Jon Karlsson,83,193,182,"Black, Grey, White",True,4.9,72,Product Name: HEMNES. Category: Storage. Price: 25788. Description: Modern Scandinavian furniture with a simple and functional design.. Designer: Jon Karlsson. Dimensions: 182cm width x 83cm depth x 193cm height.
IKEA00256,PAX,TV Unit,28080,Durable furniture with practical storage space.,Ola Wihlborg,42,150,48,"White, Grey, Green",True,3.5,25,Product Name: PAX. Category: TV Unit. Price: 28080. Description: Durable furniture with practical storage space.. Designer: Ola Wihlborg. Dimensions: 48cm width x 42cm depth x 150cm height.
IKEA00257,KALLAX,Bookshelf,33700,Durable furniture with practical storage space.,Ola Wihlborg,73,138,132,"Black, Beige, Grey",True,3.6,163,Product Name: KALLAX. Category: Bookshelf. Price: 33700. Description: Durable furniture with practical storage space.. Designer: Ola Wihlborg. Dimensions: 132cm width x 73cm depth x 138cm height.
IKEA00258,BILLY,Cabinet,13815,Simple design with clean Scandinavian lines.,Jon Karlsson,88,113,130,"Black, Brown, Beige",False,4.5,438,Product Name: BILLY. Category: Cabinet. Price: 13815. Description: Simple design with clean Scandinavian lines.. Designer: Jon Karlsson. Dimensions: 130cm width x 88cm depth x 113cm height.
IKEA00259,HEMNES,Sofa,16521,Modern Scandinavian furniture with a simple and functional design.,Monika Mulder,34,146,186,"White, Brown, Beige",True,3.2,367,Product Name: HEMNES. Category: Sofa. Price: 16521. Description: Modern Scandinavian furniture with a simple and functional design.. Designer: Monika Mulder. Dimensions: 186cm width x 34cm depth x 146cm height.
IKEA00260,MALM,Sofa,11235,Minimalist design suitable for modern homes.,Henrik Preutz,86,162,96,"Brown, Green, Black",True,4.5,65,Product Name: MALM. Category: Sofa. Price: 11235. Description: Minimalist design suitable for modern homes.. Designer: Henrik Preutz. Dimensions: 96cm width x 86cm depth x 162cm height.
IKEA00261,TROFAST,Sofa,22454,Simple design with clean Scandinavian lines.,Monika Mulder,54,164,46,"Grey, Beige, Green",True,4.0,266,Product Name: TROFAST. Category: Sofa. Price: 22454. Description: Simple design with clean Scandinavian lines.. Designer: Monika Mulder. Dimensions: 46cm width x 54cm depth x 164cm height.
IKEA00262,BESTA,Sofa,33241,Simple design with clean Scandinavian lines.,Ola Wihlborg,41,124,70,"Grey, Blue, White",True,3.5,265,Product Name: BESTA. Category: Sofa. Price: 33241. Description: Simple design with clean Scandinavian lines.. Designer: Ola Wihlborg. Dimensions: 70cm width x 41cm depth x 124cm height.
IKEA00263,KALLAX,Sofa,1304,Compact furniture suitable for small apartments.,IKEA Design Team,80,123,128,"Brown, Black, White",False,3.4,132,Product Name: KALLAX. Category: Sofa. Price: 1304. Description: Compact furniture suitable for small apartments.. Designer: IKEA Design Team. Dimensions: 128cm width x 80cm depth x 123cm height.
IKEA00264,PAX,Wardrobe,18276,Simple design with clean Scandinavian lines.,IKEA Design Team,93,125,60,"White, Black, Blue",True,4.9,40,Product Name: PAX. Category: Wardrobe. Price: 18276. Description: Simple design with clean Scandinavian lines.. Designer: IKEA Design Team. Dimensions: 60cm width x 93cm depth x 125cm height.
IKEA00265,EKET,Bed,20860,Durable furniture with practical storage space.,IKEA Design Team,90,146,32,"Beige, Black, Brown",True,4.5,129,Product Name: EKET. Category: Bed. Price: 20860. Description: Durable furniture with practical storage space.. Designer: IKEA Design Team. Dimensions: 32cm width x 90cm depth x 146cm height.
IKEA00266,EKET,Wardrobe,39276,Minimalist design suitable for modern homes.,Jon Karlsson,89,92,68,"White, Oak, Green",True,4.1,330,Product Name: EKET. Category: Wardrobe. Price: 39276. Description: Minimalist design suitable for modern homes.. Designer: Jon Karlsson. Dimensions: 68cm width x 89cm depth x 92cm height.
IKEA00267,IVAR,Sofa,22454,Modern Scandinavian furniture with a simple and functional design.,Monika Mulder,59,56,82,"Oak, Green, Blue",True,4.9,77,Product Name: IVAR. Category: Sofa. Price: 22454. Description: Modern Scandinavian furniture with a simple and functional design.. Designer: Monika Mulder. Dimensions: 82cm width x 59cm depth x 56cm height.
IKEA00268,BRIMNES,Bed,6595,Modern Scandinavian furniture with a simple and functional design.,Jon Karlsson,86,135,125,"Green, Beige, White",True,4.0,331,Product Name: BRIMNES. Category: Bed. Price: 6595. Description: Modern Scandinavian furniture with a simple and functional design.. Designer: Jon Karlsson. Dimensions: 125cm width x 86cm depth x 135cm height.
IKEA00269,IVAR,Bookshelf,5403,Affordable and stylish furniture for everyday use.,Ola Wihlborg,27,141,199,"Brown, Black, Green",True,4.7,479,Product Name: IVAR. Category: Bookshelf. Price: 5403. Description: Affordable and stylish furniture for everyday use.. Designer: Ola Wihlborg. Dimensions: 199cm width x 27cm depth x 141cm height.
IKEA00270,TROFAST,Bookshelf,46421,Simple design with clean Scandinavian lines.,Henrik Preutz,60,145,99,"Oak, White, Black",True,4.6,304,Product Name: TROFAST. Category: Bookshelf. Price: 46421. Description: Simple design with clean Scandinavian lines.. Designer: Henrik Preutz. Dimensions: 99cm width x 60cm depth x 145cm height.
IKEA00271,BILLY,Table,7423,Compact furniture suitable for small apartments.,Monika Mulder,79,110,134,"Black, Grey, Brown",True,3.9,242,Product Name: BILLY. Category: Table. Price: 7423. Description: Compact furniture suitable for small apartments.. Designer: Monika Mulder. Dimensions: 134cm width x 79cm depth x 110cm height.
IKEA00272,LACK,Chair,6424,Compact furniture suitable for small apartments.,Henrik Preutz,97,40,85,"Beige, Black, White",True,4.9,207,Product Name: LACK. Category: Chair. Price: 6424. Description: Compact furniture suitable for small apartments.. Designer: Henrik Preutz. Dimensions: 85cm width x 97cm depth x 40cm height.
IKEA00273,MICKE,Sofa,44878,Durable furniture with practical storage space.,Henrik Preutz,42,37,133,"Green, Grey, Beige",True,3.2,57,Product Name: MICKE. Category: Sofa. Price: 44878. Description: Durable furniture with practical storage space.. Designer: Henrik Preutz. Dimensions: 133cm width x 42cm depth x 37cm height.
IKEA00274,TROFAST,Table,8458,Modern Scandinavian furniture with a simple and functional design.,IKEA Design Team,48,63,80,"Blue, Brown, Beige",True,4.2,137,Product Name: TROFAST. Category: Table. Price: 8458. Description: Modern Scandinavian furniture with a simple and functional design.. Designer: IKEA Design Team. Dimensions: 80cm width x 48cm depth x 63cm height.
IKEA00275,IVAR,Chair,1927,Modern Scandinavian furniture with a simple and functional design.,Jon Karlsson,76,62,53,"Beige, White, Blue",False,3.1,478,Product Name: IVAR. Category: Chair. Price: 1927. Description: Modern Scandinavian furniture with a simple and functional design.. Designer: Jon Karlsson. Dimensions: 53cm width x 76cm depth x 62cm height.
IKEA00276,POANG,Bookshelf,47975,Minimalist design suitable for modern homes.,Monika Mulder,23,127,139,"Brown, Green, Black",True,3.5,233,Product Name: POANG. Category: Bookshelf. Price: 47975. Description: Minimalist design suitable for modern homes.. Designer: Monika Mulder. Dimensions: 139cm width x 23cm depth x 127cm height.
IKEA00277,MALM,Sofa,40745,Affordable and stylish furniture for everyday use.,Ola Wihlborg,51,195,105,"Green, Oak, Grey",False,3.1,148,Product Name: MALM. Category: Sofa. Price: 40745. Description: Affordable and stylish furniture for everyday use.. Designer: Ola Wihlborg. Dimensions: 105cm width x 51cm depth x 195cm height.
IKEA00278,PAX,Table,27973,Compact furniture suitable for small apartments.,Ola Wihlborg,51,191,169,"White, Oak, Beige",True,4.0,405,Product Name: PAX. Category: Table. Price: 27973. Description: Compact furniture suitable for small apartments.. Designer: Ola Wihlborg. Dimensions: 169cm width x 51cm depth x 191cm height.
IKEA00279,EKET,Wardrobe,37569,Affordable and stylish furniture for everyday use.,Henrik Preutz,69,99,76,"White, Brown, Grey",True,3.1,420,Product Name: EKET. Category: Wardrobe. Price: 37569. Description: Affordable and stylish furniture for everyday use.. Designer: Henrik Preutz. Dimensions: 76cm width x 69cm depth x 99cm height.
IKEA00280,TROFAST,Bed,4338,Simple design with clean Scandinavian lines.,Monika Mulder,87,121,179,"Oak, Black, White",True,4.3,141,Product Name: TROFAST. Category: Bed. Price: 4338. Description: Simple design with clean Scandinavian lines.. Designer: Monika Mulder. Dimensions: 179cm width x 87cm depth x 121cm height.
IKEA00281,MICKE,Sofa,14878,Affordable and stylish furniture for everyday use.,Monika Mulder,65,74,75,"Oak, Grey, Brown",True,4.8,19,Product Name: MICKE. Category: Sofa. Price: 14878. Description: Affordable and stylish furniture for everyday use.. Designer: Monika Mulder. Dimensions: 75cm width x 65cm depth x 74cm height.
IKEA00282,BRIMNES,Wardrobe,37700,Affordable and stylish furniture for everyday use.,Jon Karlsson,92,78,156,"Grey, Black, Oak",True,3.2,124,Product Name: BRIMNES. Category: Wardrobe. Price: 37700. Description: Affordable and stylish furniture for everyday use.. Designer: Jon Karlsson. Dimensions: 156cm width x 92cm depth x 78cm height.
IKEA00283,POANG,Desk,1805,Affordable and stylish furniture for everyday use.,Monika Mulder,20,114,187,"Oak, Blue, Black",True,4.4,475,Product Name: POANG. Category: Desk. Price: 1805. Description: Affordable and stylish furniture for everyday use.. Designer: Monika Mulder. Dimensions: 187cm width x 20cm depth x 114cm height.
IKEA00284,TROFAST,Wardrobe,4402,Modern Scandinavian furniture with a simple and functional design.,Jon Karlsson,95,210,66,"Black, Blue, Grey",True,4.9,196,Product Name: TROFAST. Category: Wardrobe. Price: 4402. Description: Modern Scandinavian furniture with a simple and functional design.. Designer: Jon Karlsson. Dimensions: 66cm width x 95cm depth x 210cm height.
IKEA00285,BRIMNES,Dining Furniture,26424,Affordable and stylish furniture for everyday use.,IKEA Design Team,63,107,112,"Brown, Black, Beige",False,4.6,496,Product Name: BRIMNES. Category: Dining Furniture. Price: 26424. Description: Affordable and stylish furniture for everyday use.. Designer: IKEA Design Team. Dimensions: 112cm width x 63cm depth x 107cm height.
IKEA00286,EKET,Dining Furniture,21292,Compact furniture suitable for small apartments.,Ola Wihlborg,98,121,87,"Brown, Oak, Green",True,3.3,378,Product Name: EKET. Category: Dining Furniture. Price: 21292. Description: Compact furniture suitable for small apartments.. Designer: Ola Wihlborg. Dimensions: 87cm width x 98cm depth x 121cm height.
IKEA00287,KALLAX,TV Unit,26162,Simple design with clean Scandinavian lines.,Ola Wihlborg,24,76,184,"Beige, Blue, Grey",True,4.3,58,Product Name: KALLAX. Category: TV Unit. Price: 26162. Description: Simple design with clean Scandinavian lines.. Designer: Ola Wihlborg. Dimensions: 184cm width x 24cm depth x 76cm height.
IKEA00288,EKET,Table,22202,Space-saving furniture with easy assembly.,IKEA Design Team,50,118,111,"Brown, Beige, White",True,3.9,140,Product Name: EKET. Category: Table. Price: 22202. Description: Space-saving furniture with easy assembly.. Designer: IKEA Design Team. Dimensions: 111cm width x 50cm depth x 118cm height.
IKEA00289,HEMNES,Desk,45926,Modern Scandinavian furniture with a simple and functional design.,Henrik Preutz,52,57,30,"White, Oak, Blue",False,4.9,457,Product Name: HEMNES. Category: Desk. Price: 45926. Description: Modern Scandinavian furniture with a simple and functional design.. Designer: Henrik Preutz. Dimensions: 30cm width x 52cm depth x 57cm height.
IKEA00290,PAX,Storage,25318,Durable furniture with practical storage space.,Ola Wihlborg,68,55,152,"Oak, Black, Green",True,4.6,22,Product Name: PAX. Category: Storage. Price: 25318. Description: Durable furniture with practical storage space.. Designer: Ola Wihlborg. Dimensions: 152cm width x 68cm depth x 55cm height.
IKEA00291,LACK,Sofa,21386,Durable furniture with practical storage space.,IKEA Design Team,29,117,73,"Blue, Black, Beige",True,4.1,464,Product Name: LACK. Category: Sofa. Price: 21386. Description: Durable furniture with practical storage space.. Designer: IKEA Design Team. Dimensions: 73cm width x 29cm depth x 117cm height.
IKEA00292,BILLY,Wardrobe,39429,Affordable and stylish furniture for everyday use.,Monika Mulder,23,140,197,"Brown, Grey, Oak",True,3.1,174,Product Name: BILLY. Category: Wardrobe. Price: 39429. Description: Affordable and stylish furniture for everyday use.. Designer: Monika Mulder. Dimensions: 197cm width x 23cm depth x 140cm height.
IKEA00293,HEMNES,Desk,27321,Space-saving furniture with easy assembly.,Ola Wihlborg,89,97,199,"Grey, Brown, Black",True,3.1,297,Product Name: HEMNES. Category: Desk. Price: 27321. Description: Space-saving furniture with easy assembly.. Designer: Ola Wihlborg. Dimensions: 199cm width x 89cm depth x 97cm height.
IKEA00294,MICKE,Storage,10564,Modern Scandinavian furniture with a simple and functional design.,Henrik Preutz,20,139,52,"Grey, Blue, Beige",False,3.4,18,Product Name: MICKE. Category: Storage. Price: 10564. Description: Modern Scandinavian furniture with a simple and functional design.. Designer: Henrik Preutz. Dimensions: 52cm width x 20cm depth x 139cm height.
IKEA00295,HEMNES,Table,42323,Durable furniture with practical storage space.,IKEA Design Team,80,59,108,"Blue, Oak, Green",True,3.2,283,Product Name: HEMNES. Category: Table. Price: 42323. Description: Durable furniture with practical storage space.. Designer: IKEA Design Team. Dimensions: 108cm width x 80cm depth x 59cm height.
IKEA00296,PAX,Table,24814,Minimalist design suitable for modern homes.,Henrik Preutz,43,144,41,"Grey, Oak, Blue",True,3.5,142,Product Name: PAX. Category: Table. Price: 24814. Description: Minimalist design suitable for modern homes.. Designer: Henrik Preutz. Dimensions: 41cm width x 43cm depth x 144cm height.
IKEA00297,POANG,Sofa,10403,Simple design with clean Scandinavian lines.,IKEA Design Team,30,201,118,"Blue, Green, Grey",True,4.1,435,Product Name: POANG. Category: Sofa. Price: 10403. Description: Simple design with clean Scandinavian lines.. Designer: IKEA Design Team. Dimensions: 118cm width x 30cm depth x 201cm height.
IKEA00298,PAX,Cabinet,27934,Affordable and stylish furniture for everyday use.,Monika Mulder,93,90,151,"Grey, White, Oak",True,4.0,466,Product Name: PAX. Category: Cabinet. Price: 27934. Description: Affordable and stylish furniture for everyday use.. Designer: Monika Mulder. Dimensions: 151cm width x 93cm depth x 90cm height.
IKEA00299,MICKE,TV Unit,44901,Affordable and stylish furniture for everyday use.,Jon Karlsson,35,144,74,"Brown, Black, Blue",True,3.1,45,Product Name: MICKE. Category: TV Unit. Price: 44901. Description: Affordable and stylish furniture for everyday use.. Designer: Jon Karlsson. Dimensions: 74cm width x 35cm depth x 144cm height.
IKEA00300,ALEX,Bookshelf,13731,Simple design with clean Scandinavian lines.,Jon Karlsson,96,96,111,"Black, White, Oak",False,4.1,443,Product Name: ALEX. Category: Bookshelf. Price: 13731. Description: Simple design with clean Scandinavian lines.. Designer: Jon Karlsson. Dimensions: 111cm width x 96cm depth x 96cm height.
IKEA00301,LACK,Cabinet,30524,Simple design with clean Scandinavian lines.,IKEA Design Team,99,180,163,"Blue, White, Oak",True,3.3,306,Product Name: LACK. Category: Cabinet. Price: 30524. Description: Simple design with clean Scandinavian lines.. Designer: IKEA Design Team. Dimensions: 163cm width x 99cm depth x 180cm height.
IKEA00302,POANG,Chair,7421,Affordable and stylish furniture for everyday use.,IKEA Design Team,56,167,118,"Blue, Brown, Oak",False,4.1,247,Product Name: POANG. Category: Chair. Price: 7421. Description: Affordable and stylish furniture for everyday use.. Designer: IKEA Design Team. Dimensions: 118cm width x 56cm depth x 167cm height.
IKEA00303,KALLAX,Table,18548,Minimalist design suitable for modern homes.,Jon Karlsson,99,185,132,"White, Oak, Brown",True,3.1,248,Product Name: KALLAX. Category: Table. Price: 18548. Description: Minimalist design suitable for modern homes.. Designer: Jon Karlsson. Dimensions: 132cm width x 99cm depth x 185cm height.
IKEA00304,LACK,Wardrobe,1824,Durable furniture with practical storage space.,Henrik Preutz,59,101,155,"Black, Blue, Green",True,3.6,385,Product Name: LACK. Category: Wardrobe. Price: 1824. Description: Durable furniture with practical storage space.. Designer: Henrik Preutz. Dimensions: 155cm width x 59cm depth x 101cm height.
IKEA00305,EKET,Wardrobe,18155,Space-saving furniture with easy assembly.,Monika Mulder,97,195,52,"Oak, Green, Black",False,4.5,393,Product Name: EKET. Category: Wardrobe. Price: 18155. Description: Space-saving furniture with easy assembly.. Designer: Monika Mulder. Dimensions: 52cm width x 97cm depth x 195cm height.
IKEA00306,MICKE,Wardrobe,4182,Affordable and stylish furniture for everyday use.,Jon Karlsson,28,109,159,"Blue, Black, Grey",True,3.3,453,Product Name: MICKE. Category: Wardrobe. Price: 4182. Description: Affordable and stylish furniture for everyday use.. Designer: Jon Karlsson. Dimensions: 159cm width x 28cm depth x 109cm height.
IKEA00307,IVAR,Desk,4275,Compact furniture suitable for small apartments.,IKEA Design Team,78,42,122,"Oak, Brown, Blue",False,4.0,330,Product Name: IVAR. Category: Desk. Price: 4275. Description: Compact furniture suitable for small apartments.. Designer: IKEA Design Team. Dimensions: 122cm width x 78cm depth x 42cm height.
IKEA00308,BILLY,Dining Furniture,2501,Compact furniture suitable for small apartments.,Henrik Preutz,82,182,144,"Brown, Blue, Oak",True,3.7,433,Product Name: BILLY. Category: Dining Furniture. Price: 2501. Description: Compact furniture suitable for small apartments.. Designer: Henrik Preutz. Dimensions: 144cm width x 82cm depth x 182cm height.
IKEA00309,LACK,Chair,19181,Modern Scandinavian furniture with a simple and functional design.,Monika Mulder,26,71,176,"Oak, Blue, Black",True,4.4,142,Product Name: LACK. Category: Chair. Price: 19181. Description: Modern Scandinavian furniture with a simple and functional design.. Designer: Monika Mulder. Dimensions: 176cm width x 26cm depth x 71cm height.
IKEA00310,ALEX,Bookshelf,34137,Modern Scandinavian furniture with a simple and functional design.,IKEA Design Team,80,63,195,"Brown, Grey, White",True,3.5,417,Product Name: ALEX. Category: Bookshelf. Price: 34137. Description: Modern Scandinavian furniture with a simple and functional design.. Designer: IKEA Design Team. Dimensions: 195cm width x 80cm depth x 63cm height.
IKEA00311,LACK,Dining Furniture,18546,Minimalist design suitable for modern homes.,Monika Mulder,64,147,94,"Oak, Green, Brown",False,4.2,8,Product Name: LACK. Category: Dining Furniture. Price: 18546. Description: Minimalist design suitable for modern homes.. Designer: Monika Mulder. Dimensions: 94cm width x 64cm depth x 147cm height.
IKEA00312,MICKE,Dining Furniture,25024,Affordable and stylish furniture for everyday use.,Ola Wihlborg,97,102,106,"Black, Oak, White",True,5.0,332,Product Name: MICKE. Category: Dining Furniture. Price: 25024. Description: Affordable and stylish furniture for everyday use.. Designer: Ola Wihlborg. Dimensions: 106cm width x 97cm depth x 102cm height.
IKEA00313,BESTA,Bed,17613,Space-saving furniture with easy assembly.,Henrik Preutz,44,68,162,"Oak, White, Grey",False,4.3,353,Product Name: BESTA. Category: Bed. Price: 17613. Description: Space-saving furniture with easy assembly.. Designer: Henrik Preutz. Dimensions: 162cm width x 44cm depth x 68cm height.
IKEA00314,MALM,Sofa,43451,Minimalist design suitable for modern homes.,Henrik Preutz,53,137,133,"Blue, Beige, White",True,3.7,370,Product Name: MALM. Category: Sofa. Price: 43451. Description: Minimalist design suitable for modern homes.. Designer: Henrik Preutz. Dimensions: 133cm width x 53cm depth x 137cm height.
IKEA00315,HEMNES,Dining Furniture,35536,Space-saving furniture with easy assembly.,Monika Mulder,65,159,106,"Brown, Blue, Beige",True,3.6,246,Product Name: HEMNES. Category: Dining Furniture. Price: 35536. Description: Space-saving furniture with easy assembly.. Designer: Monika Mulder. Dimensions: 106cm width x 65cm depth x 159cm height.
IKEA00316,MALM,Bed,48024,Simple design with clean Scandinavian lines.,Ola Wihlborg,43,204,115,"Black, Green, Brown",True,4.5,162,Product Name: MALM. Category: Bed. Price: 48024. Description: Simple design with clean Scandinavian lines.. Designer: Ola Wihlborg. Dimensions: 115cm width x 43cm depth x 204cm height.
IKEA00317,PAX,Wardrobe,24857,Durable furniture with practical storage space.,Ola Wihlborg,57,148,60,"Green, White, Beige",True,3.9,104,Product Name: PAX. Category: Wardrobe. Price: 24857. Description: Durable furniture with practical storage space.. Designer: Ola Wihlborg. Dimensions: 60cm width x 57cm depth x 148cm height.
IKEA00318,MICKE,Chair,45109,Minimalist design suitable for modern homes.,Ola Wihlborg,58,135,43,"Brown, Black, Blue",True,3.8,296,Product Name: MICKE. Category: Chair. Price: 45109. Description: Minimalist design suitable for modern homes.. Designer: Ola Wihlborg. Dimensions: 43cm width x 58cm depth x 135cm height.
IKEA00319,EKET,Table,21233,Simple design with clean Scandinavian lines.,Jon Karlsson,30,154,115,"Brown, Green, Beige",True,3.0,145,Product Name: EKET. Category: Table. Price: 21233. Description: Simple design with clean Scandinavian lines.. Designer: Jon Karlsson. Dimensions: 115cm width x 30cm depth x 154cm height.
IKEA00320,HEMNES,Table,38266,Simple design with clean Scandinavian lines.,Jon Karlsson,82,52,63,"Blue, Beige, Oak",False,3.9,249,Product Name: HEMNES. Category: Table. Price: 38266. Description: Simple design with clean Scandinavian lines.. Designer: Jon Karlsson. Dimensions: 63cm width x 82cm depth x 52cm height.
IKEA00321,PAX,Sofa,2971,Affordable and stylish furniture for everyday use.,Jon Karlsson,67,33,112,"Oak, White, Beige",True,4.3,132,Product Name: PAX. Category: Sofa. Price: 2971. Description: Affordable and stylish furniture for everyday use.. Designer: Jon Karlsson. Dimensions: 112cm width x 67cm depth x 33cm height.
IKEA00322,HEMNES,Wardrobe,20952,Compact furniture suitable for small apartments.,IKEA Design Team,69,158,180,"Grey, Black, White",True,3.6,153,Product Name: HEMNES. Category: Wardrobe. Price: 20952. Description: Compact furniture suitable for small apartments.. Designer: IKEA Design Team. Dimensions: 180cm width x 69cm depth x 158cm height.
IKEA00323,EKET,Cabinet,39582,Affordable and stylish furniture for everyday use.,Henrik Preutz,75,205,64,"Beige, Oak, Brown",True,3.3,469,Product Name: EKET. Category: Cabinet. Price: 39582. Description: Affordable and stylish furniture for everyday use.. Designer: Henrik Preutz. Dimensions: 64cm width x 75cm depth x 205cm height.
IKEA00324,TROFAST,Bookshelf,1752,Compact furniture suitable for small apartments.,Jon Karlsson,36,84,35,"Brown, White, Green",True,3.8,332,Product Name: TROFAST. Category: Bookshelf. Price: 1752. Description: Compact furniture suitable for small apartments.. Designer: Jon Karlsson. Dimensions: 35cm width x 36cm depth x 84cm height.
IKEA00325,LACK,Cabinet,41336,Modern Scandinavian furniture with a simple and functional design.,Ola Wihlborg,26,199,57,"White, Green, Beige",True,3.8,199,Product Name: LACK. Category: Cabinet. Price: 41336. Description: Modern Scandinavian furniture with a simple and functional design.. Designer: Ola Wihlborg. Dimensions: 57cm width x 26cm depth x 199cm height.
IKEA00326,BILLY,Cabinet,17062,Minimalist design suitable for modern homes.,Jon Karlsson,46,207,191,"White, Brown, Oak",True,4.3,143,Product Name: BILLY. Category: Cabinet. Price: 17062. Description: Minimalist design suitable for modern homes.. Designer: Jon Karlsson. Dimensions: 191cm width x 46cm depth x 207cm height.
IKEA00327,POANG,TV Unit,46421,Compact furniture suitable for small apartments.,Monika Mulder,33,160,188,"Black, Brown, White",True,4.0,316,Product Name: POANG. Category: TV Unit. Price: 46421. Description: Compact furniture suitable for small apartments.. Designer: Monika Mulder. Dimensions: 188cm width x 33cm depth x 160cm height.
IKEA00328,HEMNES,Bed,34783,Compact furniture suitable for small apartments.,Henrik Preutz,72,105,71,"White, Grey, Oak",True,4.4,251,Product Name: HEMNES. Category: Bed. Price: 34783. Description: Compact furniture suitable for small apartments.. Designer: Henrik Preutz. Dimensions: 71cm width x 72cm depth x 105cm height.
IKEA00329,BESTA,Desk,678,Modern Scandinavian furniture with a simple and functional design.,IKEA Design Team,34,176,156,"Brown, White, Grey",True,4.4,56,Product Name: BESTA. Category: Desk. Price: 678. Description: Modern Scandinavian furniture with a simple and functional design.. Designer: IKEA Design Team. Dimensions: 156cm width x 34cm depth x 176cm height.
IKEA00330,LACK,Dining Furniture,15648,Minimalist design suitable for modern homes.,Henrik Preutz,53,148,42,"Black, Blue, Green",True,4.7,189,Product Name: LACK. Category: Dining Furniture. Price: 15648. Description: Minimalist design suitable for modern homes.. Designer: Henrik Preutz. Dimensions: 42cm width x 53cm depth x 148cm height.
IKEA00331,TROFAST,Dining Furniture,20992,Minimalist design suitable for modern homes.,IKEA Design Team,32,41,32,"Brown, Beige, Blue",True,3.7,462,Product Name: TROFAST. Category: Dining Furniture. Price: 20992. Description: Minimalist design suitable for modern homes.. Designer: IKEA Design Team. Dimensions: 32cm width x 32cm depth x 41cm height.
IKEA00332,EKET,TV Unit,18082,Space-saving furniture with easy assembly.,IKEA Design Team,67,117,76,"Black, Oak, Blue",False,3.5,202,Product Name: EKET. Category: TV Unit. Price: 18082. Description: Space-saving furniture with easy assembly.. Designer: IKEA Design Team. Dimensions: 76cm width x 67cm depth x 117cm height.
IKEA00333,BRIMNES,Storage,28138,Space-saving furniture with easy assembly.,Jon Karlsson,34,63,45,"Brown, White, Oak",False,4.6,352,Product Name: BRIMNES. Category: Storage. Price: 28138. Description: Space-saving furniture with easy assembly.. Designer: Jon Karlsson. Dimensions: 45cm width x 34cm depth x 63cm height.
IKEA00334,EKET,Table,40562,Minimalist design suitable for modern homes.,Henrik Preutz,98,37,63,"Green, Oak, White",False,3.9,37,Product Name: EKET. Category: Table. Price: 40562. Description: Minimalist design suitable for modern homes.. Designer: Henrik Preutz. Dimensions: 63cm width x 98cm depth x 37cm height.
IKEA00335,LACK,Dining Furniture,21092,Modern Scandinavian furniture with a simple and functional design.,Ola Wihlborg,93,215,174,"Oak, Beige, Brown",True,3.9,377,Product Name: LACK. Category: Dining Furniture. Price: 21092. Description: Modern Scandinavian furniture with a simple and functional design.. Designer: Ola Wihlborg. Dimensions: 174cm width x 93cm depth x 215cm height.
IKEA00336,HEMNES,Storage,23158,Space-saving furniture with easy assembly.,Monika Mulder,39,172,186,"White, Green, Beige",True,4.0,245,Product Name: HEMNES. Category: Storage. Price: 23158. Description: Space-saving furniture with easy assembly.. Designer: Monika Mulder. Dimensions: 186cm width x 39cm depth x 172cm height.
IKEA00337,IVAR,Storage,11338,Modern Scandinavian furniture with a simple and functional design.,Monika Mulder,61,91,114,"Grey, White, Green",True,4.1,198,Product Name: IVAR. Category: Storage. Price: 11338. Description: Modern Scandinavian furniture with a simple and functional design.. Designer: Monika Mulder. Dimensions: 114cm width x 61cm depth x 91cm height.
IKEA00338,PAX,Desk,5665,Minimalist design suitable for modern homes.,Monika Mulder,93,144,52,"Green, Oak, Brown",True,5.0,386,Product Name: PAX. Category: Desk. Price: 5665. Description: Minimalist design suitable for modern homes.. Designer: Monika Mulder. Dimensions: 52cm width x 93cm depth x 144cm height.
IKEA00339,ALEX,Sofa,7225,Minimalist design suitable for modern homes.,Monika Mulder,24,172,170,"White, Blue, Green",True,4.8,292,Product Name: ALEX. Category: Sofa. Price: 7225. Description: Minimalist design suitable for modern homes.. Designer: Monika Mulder. Dimensions: 170cm width x 24cm depth x 172cm height.
IKEA00340,HEMNES,Dining Furniture,44504,Minimalist design suitable for modern homes.,Henrik Preutz,66,43,87,"Green, Brown, Grey",False,4.4,191,Product Name: HEMNES. Category: Dining Furniture. Price: 44504. Description: Minimalist design suitable for modern homes.. Designer: Henrik Preutz. Dimensions: 87cm width x 66cm depth x 43cm height.
IKEA00341,BRIMNES,Storage,7971,Modern Scandinavian furniture with a simple and functional design.,Jon Karlsson,20,117,120,"Grey, Green, Blue",True,4.4,28,Product Name: BRIMNES. Category: Storage. Price: 7971. Description: Modern Scandinavian furniture with a simple and functional design.. Designer: Jon Karlsson. Dimensions: 120cm width x 20cm depth x 117cm height.
IKEA00342,MALM,Storage,9703,Simple design with clean Scandinavian lines.,Monika Mulder,33,95,186,"Oak, Black, White",False,3.4,427,Product Name: MALM. Category: Storage. Price: 9703. Description: Simple design with clean Scandinavian lines.. Designer: Monika Mulder. Dimensions: 186cm width x 33cm depth x 95cm height.
IKEA00343,TROFAST,Desk,47474,Durable furniture with practical storage space.,IKEA Design Team,73,41,192,"Black, Blue, Oak",False,4.3,494,Product Name: TROFAST. Category: Desk. Price: 47474. Description: Durable furniture with practical storage space.. Designer: IKEA Design Team. Dimensions: 192cm width x 73cm depth x 41cm height.
IKEA00344,MICKE,Table,33190,Modern Scandinavian furniture with a simple and functional design.,Ola Wihlborg,26,171,140,"Green, Grey, Black",True,4.5,70,Product Name: MICKE. Category: Table. Price: 33190. Description: Modern Scandinavian furniture with a simple and functional design.. Designer: Ola Wihlborg. Dimensions: 140cm width x 26cm depth x 171cm height.
IKEA00345,BILLY,Bookshelf,43590,Affordable and stylish furniture for everyday use.,Ola Wihlborg,61,159,128,"Blue, Grey, Beige",True,3.5,498,Product Name: BILLY. Category: Bookshelf. Price: 43590. Description: Affordable and stylish furniture for everyday use.. Designer: Ola Wihlborg. Dimensions: 128cm width x 61cm depth x 159cm height.
IKEA00346,BESTA,Bed,30176,Simple design with clean Scandinavian lines.,Jon Karlsson,37,135,184,"Grey, Blue, Beige",True,4.4,483,Product Name: BESTA. Category: Bed. Price: 30176. Description: Simple design with clean Scandinavian lines.. Designer: Jon Karlsson. Dimensions: 184cm width x 37cm depth x 135cm height.
IKEA00347,MICKE,Dining Furniture,14742,Compact furniture suitable for small apartments.,Jon Karlsson,99,212,104,"Beige, Green, Black",True,4.0,360,Product Name: MICKE. Category: Dining Furniture. Price: 14742. Description: Compact furniture suitable for small apartments.. Designer: Jon Karlsson. Dimensions: 104cm width x 99cm depth x 212cm height.
IKEA00348,ALEX,Wardrobe,47052,Modern Scandinavian furniture with a simple and functional design.,Henrik Preutz,91,152,179,"Blue, Beige, Green",True,4.8,221,Product Name: ALEX. Category: Wardrobe. Price: 47052. Description: Modern Scandinavian furniture with a simple and functional design.. Designer: Henrik Preutz. Dimensions: 179cm width x 91cm depth x 152cm height.
IKEA00349,TROFAST,Sofa,34756,Modern Scandinavian furniture with a simple and functional design.,IKEA Design Team,68,67,43,"White, Black, Brown",True,5.0,354,Product Name: TROFAST. Category: Sofa. Price: 34756. Description: Modern Scandinavian furniture with a simple and functional design.. Designer: IKEA Design Team. Dimensions: 43cm width x 68cm depth x 67cm height.
IKEA00350,LACK,Table,4564,Space-saving furniture with easy assembly.,Henrik Preutz,46,168,38,"Beige, Blue, Oak",True,4.2,350,Product Name: LACK. Category: Table. Price: 4564. Description: Space-saving furniture with easy assembly.. Designer: Henrik Preutz. Dimensions: 38cm width x 46cm depth x 168cm height.
IKEA00351,BRIMNES,Cabinet,15199,Space-saving furniture with easy assembly.,Ola Wihlborg,69,90,160,"Grey, Beige, Blue",True,4.9,203,Product Name: BRIMNES. Category: Cabinet. Price: 15199. Description: Space-saving furniture with easy assembly.. Designer: Ola Wihlborg. Dimensions: 160cm width x 69cm depth x 90cm height.
IKEA00352,PAX,Dining Furniture,20989,Affordable and stylish furniture for everyday use.,IKEA Design Team,21,220,94,"Oak, Grey, Green",True,4.8,365,Product Name: PAX. Category: Dining Furniture. Price: 20989. Description: Affordable and stylish furniture for everyday use.. Designer: IKEA Design Team. Dimensions: 94cm width x 21cm depth x 220cm height.
IKEA00353,BRIMNES,Dining Furniture,24599,Simple design with clean Scandinavian lines.,Ola Wihlborg,89,219,184,"Oak, Blue, Beige",True,3.6,95,Product Name: BRIMNES. Category: Dining Furniture. Price: 24599. Description: Simple design with clean Scandinavian lines.. Designer: Ola Wihlborg. Dimensions: 184cm width x 89cm depth x 219cm height.
IKEA00354,ALEX,Chair,12752,Compact furniture suitable for small apartments.,Ola Wihlborg,35,126,40,"Blue, Brown, Grey",True,3.3,304,Product Name: ALEX. Category: Chair. Price: 12752. Description: Compact furniture suitable for small apartments.. Designer: Ola Wihlborg. Dimensions: 40cm width x 35cm depth x 126cm height.
IKEA00355,IVAR,Bed,868,Durable furniture with practical storage space.,Monika Mulder,39,40,69,"Beige, Grey, White",True,4.0,298,Product Name: IVAR. Category: Bed. Price: 868. Description: Durable furniture with practical storage space.. Designer: Monika Mulder. Dimensions: 69cm width x 39cm depth x 40cm height.
IKEA00356,MICKE,Wardrobe,5275,Simple design with clean Scandinavian lines.,Henrik Preutz,87,86,77,"Black, Blue, Grey",True,3.8,279,Product Name: MICKE. Category: Wardrobe. Price: 5275. Description: Simple design with clean Scandinavian lines.. Designer: Henrik Preutz. Dimensions: 77cm width x 87cm depth x 86cm height.
IKEA00357,PAX,Chair,23397,Compact furniture suitable for small apartments.,Jon Karlsson,62,114,122,"Grey, Black, Green",False,5.0,426,Product Name: PAX. Category: Chair. Price: 23397. Description: Compact furniture suitable for small apartments.. Designer: Jon Karlsson. Dimensions: 122cm width x 62cm depth x 114cm height.
IKEA00358,TROFAST,Dining Furniture,1075,Modern Scandinavian furniture with a simple and functional design.,Henrik Preutz,77,91,194,"Oak, White, Beige",True,3.8,412,Product Name: TROFAST. Category: Dining Furniture. Price: 1075. Description: Modern Scandinavian furniture with a simple and functional design.. Designer: Henrik Preutz. Dimensions: 194cm width x 77cm depth x 91cm height.
IKEA00359,BILLY,Bookshelf,17314,Affordable and stylish furniture for everyday use.,Henrik Preutz,23,162,125,"Green, Oak, White",True,4.8,103,Product Name: BILLY. Category: Bookshelf. Price: 17314. Description: Affordable and stylish furniture for everyday use.. Designer: Henrik Preutz. Dimensions: 125cm width x 23cm depth x 162cm height.
IKEA00360,BESTA,Cabinet,5895,Modern Scandinavian furniture with a simple and functional design.,Jon Karlsson,88,166,31,"Black, Green, Beige",True,4.7,222,Product Name: BESTA. Category: Cabinet. Price: 5895. Description: Modern Scandinavian furniture with a simple and functional design.. Designer: Jon Karlsson. Dimensions: 31cm width x 88cm depth x 166cm height.
IKEA00361,IVAR,Chair,13971,Affordable and stylish furniture for everyday use.,Monika Mulder,29,205,69,"White, Oak, Beige",True,3.1,42,Product Name: IVAR. Category: Chair. Price: 13971. Description: Affordable and stylish furniture for everyday use.. Designer: Monika Mulder. Dimensions: 69cm width x 29cm depth x 205cm height.
IKEA00362,KALLAX,Table,17008,Affordable and stylish furniture for everyday use.,IKEA Design Team,93,88,96,"Blue, Oak, Green",False,3.9,13,Product Name: KALLAX. Category: Table. Price: 17008. Description: Affordable and stylish furniture for everyday use.. Designer: IKEA Design Team. Dimensions: 96cm width x 93cm depth x 88cm height.
IKEA00363,PAX,Dining Furniture,8252,Affordable and stylish furniture for everyday use.,IKEA Design Team,99,46,179,"White, Beige, Green",True,4.9,59,Product Name: PAX. Category: Dining Furniture. Price: 8252. Description: Affordable and stylish furniture for everyday use.. Designer: IKEA Design Team. Dimensions: 179cm width x 99cm depth x 46cm height.
IKEA00364,LACK,Dining Furniture,20248,Affordable and stylish furniture for everyday use.,IKEA Design Team,56,142,127,"Blue, Green, Beige",True,3.9,278,Product Name: LACK. Category: Dining Furniture. Price: 20248. Description: Affordable and stylish furniture for everyday use.. Designer: IKEA Design Team. Dimensions: 127cm width x 56cm depth x 142cm height.
IKEA00365,HEMNES,Table,49438,Minimalist design suitable for modern homes.,Ola Wihlborg,57,192,66,"Grey, Beige, Blue",True,4.9,10,Product Name: HEMNES. Category: Table. Price: 49438. Description: Minimalist design suitable for modern homes.. Designer: Ola Wihlborg. Dimensions: 66cm width x 57cm depth x 192cm height.
IKEA00366,MICKE,Cabinet,9764,Modern Scandinavian furniture with a simple and functional design.,IKEA Design Team,20,176,182,"Blue, Grey, Green",True,3.6,388,Product Name: MICKE. Category: Cabinet. Price: 9764. Description: Modern Scandinavian furniture with a simple and functional design.. Designer: IKEA Design Team. Dimensions: 182cm width x 20cm depth x 176cm height.
IKEA00367,BRIMNES,Wardrobe,14375,Minimalist design suitable for modern homes.,Ola Wihlborg,38,71,77,"Oak, Grey, Brown",True,3.2,348,Product Name: BRIMNES. Category: Wardrobe. Price: 14375. Description: Minimalist design suitable for modern homes.. Designer: Ola Wihlborg. Dimensions: 77cm width x 38cm depth x 71cm height.
IKEA00368,TROFAST,TV Unit,4063,Simple design with clean Scandinavian lines.,Ola Wihlborg,79,195,170,"Black, Brown, Beige",True,3.5,106,Product Name: TROFAST. Category: TV Unit. Price: 4063. Description: Simple design with clean Scandinavian lines.. Designer: Ola Wihlborg. Dimensions: 170cm width x 79cm depth x 195cm height.
IKEA00369,BRIMNES,TV Unit,32427,Durable furniture with practical storage space.,Henrik Preutz,36,201,197,"Oak, White, Brown",True,4.8,167,Product Name: BRIMNES. Category: TV Unit. Price: 32427. Description: Durable furniture with practical storage space.. Designer: Henrik Preutz. Dimensions: 197cm width x 36cm depth x 201cm height.
IKEA00370,EKET,Storage,22017,Affordable and stylish furniture for everyday use.,Henrik Preutz,94,69,174,"Beige, Blue, Brown",False,3.3,165,Product Name: EKET. Category: Storage. Price: 22017. Description: Affordable and stylish furniture for everyday use.. Designer: Henrik Preutz. Dimensions: 174cm width x 94cm depth x 69cm height.
IKEA00371,HEMNES,Desk,47173,Space-saving furniture with easy assembly.,Monika Mulder,55,122,64,"Beige, Oak, Blue",False,3.7,161,Product Name: HEMNES. Category: Desk. Price: 47173. Description: Space-saving furniture with easy assembly.. Designer: Monika Mulder. Dimensions: 64cm width x 55cm depth x 122cm height.
IKEA00372,EKET,Cabinet,7631,Compact furniture suitable for small apartments.,Ola Wihlborg,30,101,65,"Oak, Brown, Beige",True,4.5,461,Product Name: EKET. Category: Cabinet. Price: 7631. Description: Compact furniture suitable for small apartments.. Designer: Ola Wihlborg. Dimensions: 65cm width x 30cm depth x 101cm height.
IKEA00373,KALLAX,Cabinet,41893,Modern Scandinavian furniture with a simple and functional design.,Ola Wihlborg,94,133,181,"Oak, White, Grey",True,4.1,281,Product Name: KALLAX. Category: Cabinet. Price: 41893. Description: Modern Scandinavian furniture with a simple and functional design.. Designer: Ola Wihlborg. Dimensions: 181cm width x 94cm depth x 133cm height.
IKEA00374,EKET,Dining Furniture,10239,Durable furniture with practical storage space.,Monika Mulder,48,180,104,"Brown, Oak, Grey",True,3.8,262,Product Name: EKET. Category: Dining Furniture. Price: 10239. Description: Durable furniture with practical storage space.. Designer: Monika Mulder. Dimensions: 104cm width x 48cm depth x 180cm height.
IKEA00375,KALLAX,Dining Furniture,16154,Simple design with clean Scandinavian lines.,Ola Wihlborg,41,161,65,"Green, Black, Blue",True,4.5,252,Product Name: KALLAX. Category: Dining Furniture. Price: 16154. Description: Simple design with clean Scandinavian lines.. Designer: Ola Wihlborg. Dimensions: 65cm width x 41cm depth x 161cm height.
IKEA00376,BESTA,Sofa,14839,Simple design with clean Scandinavian lines.,Monika Mulder,49,46,97,"Beige, Black, White",True,4.0,410,Product Name: BESTA. Category: Sofa. Price: 14839. Description: Simple design with clean Scandinavian lines.. Designer: Monika Mulder. Dimensions: 97cm width x 49cm depth x 46cm height.
IKEA00377,BESTA,Bookshelf,31279,Minimalist design suitable for modern homes.,IKEA Design Team,25,196,112,"Black, Beige, Grey",True,4.7,139,Product Name: BESTA. Category: Bookshelf. Price: 31279. Description: Minimalist design suitable for modern homes.. Designer: IKEA Design Team. Dimensions: 112cm width x 25cm depth x 196cm height.
IKEA00378,POANG,Cabinet,37865,Compact furniture suitable for small apartments.,Monika Mulder,68,123,180,"Black, Grey, Brown",False,4.9,119,Product Name: POANG. Category: Cabinet. Price: 37865. Description: Compact furniture suitable for small apartments.. Designer: Monika Mulder. Dimensions: 180cm width x 68cm depth x 123cm height.
IKEA00379,MICKE,Bookshelf,23626,Simple design with clean Scandinavian lines.,Henrik Preutz,82,153,184,"White, Grey, Black",False,3.3,44,Product Name: MICKE. Category: Bookshelf. Price: 23626. Description: Simple design with clean Scandinavian lines.. Designer: Henrik Preutz. Dimensions: 184cm width x 82cm depth x 153cm height.
IKEA00380,MICKE,Dining Furniture,18902,Compact furniture suitable for small apartments.,Jon Karlsson,43,70,122,"Black, Beige, Green",False,4.6,373,Product Name: MICKE. Category: Dining Furniture. Price: 18902. Description: Compact furniture suitable for small apartments.. Designer: Jon Karlsson. Dimensions: 122cm width x 43cm depth x 70cm height.
IKEA00381,BILLY,Storage,44750,Minimalist design suitable for modern homes.,Monika Mulder,46,181,71,"Blue, White, Black",True,3.3,308,Product Name: BILLY. Category: Storage. Price: 44750. Description: Minimalist design suitable for modern homes.. Designer: Monika Mulder. Dimensions: 71cm width x 46cm depth x 181cm height.
IKEA00382,MALM,Table,41756,Affordable and stylish furniture for everyday use.,IKEA Design Team,93,67,44,"Brown, Green, Black",False,4.2,293,Product Name: MALM. Category: Table. Price: 41756. Description: Affordable and stylish furniture for everyday use.. Designer: IKEA Design Team. Dimensions: 44cm width x 93cm depth x 67cm height.
IKEA00383,ALEX,Sofa,47655,Space-saving furniture with easy assembly.,Henrik Preutz,30,85,144,"Green, Blue, Oak",True,3.4,215,Product Name: ALEX. Category: Sofa. Price: 47655. Description: Space-saving furniture with easy assembly.. Designer: Henrik Preutz. Dimensions: 144cm width x 30cm depth x 85cm height.
IKEA00384,POANG,Table,38683,Simple design with clean Scandinavian lines.,Jon Karlsson,99,198,160,"Grey, Black, Beige",True,4.8,310,Product Name: POANG. Category: Table. Price: 38683. Description: Simple design with clean Scandinavian lines.. Designer: Jon Karlsson. Dimensions: 160cm width x 99cm depth x 198cm height.
IKEA00385,POANG,Chair,15560,Minimalist design suitable for modern homes.,Monika Mulder,36,57,34,"Oak, Grey, Blue",False,4.7,315,Product Name: POANG. Category: Chair. Price: 15560. Description: Minimalist design suitable for modern homes.. Designer: Monika Mulder. Dimensions: 34cm width x 36cm depth x 57cm height.
IKEA00386,BILLY,Table,31685,Affordable and stylish furniture for everyday use.,Ola Wihlborg,24,166,158,"Black, White, Oak",True,4.8,281,Product Name: BILLY. Category: Table. Price: 31685. Description: Affordable and stylish furniture for everyday use.. Designer: Ola Wihlborg. Dimensions: 158cm width x 24cm depth x 166cm height.
IKEA00387,IVAR,Sofa,44969,Space-saving furniture with easy assembly.,Monika Mulder,86,137,124,"White, Beige, Grey",False,3.5,415,Product Name: IVAR. Category: Sofa. Price: 44969. Description: Space-saving furniture with easy assembly.. Designer: Monika Mulder. Dimensions: 124cm width x 86cm depth x 137cm height.
IKEA00388,EKET,Bookshelf,23470,Affordable and stylish furniture for everyday use.,Ola Wihlborg,32,138,64,"Grey, Oak, Black",True,3.6,453,Product Name: EKET. Category: Bookshelf. Price: 23470. Description: Affordable and stylish furniture for everyday use.. Designer: Ola Wihlborg. Dimensions: 64cm width x 32cm depth x 138cm height.
IKEA00389,MICKE,Bookshelf,17394,Compact furniture suitable for small apartments.,IKEA Design Team,20,177,163,"Black, Grey, White",False,4.3,357,Product Name: MICKE. Category: Bookshelf. Price: 17394. Description: Compact furniture suitable for small apartments.. Designer: IKEA Design Team. Dimensions: 163cm width x 20cm depth x 177cm height.
IKEA00390,TROFAST,Wardrobe,27293,Durable furniture with practical storage space.,IKEA Design Team,39,139,196,"Grey, Brown, Green",False,4.1,318,Product Name: TROFAST. Category: Wardrobe. Price: 27293. Description: Durable furniture with practical storage space.. Designer: IKEA Design Team. Dimensions: 196cm width x 39cm depth x 139cm height.
IKEA00391,LACK,Dining Furniture,26546,Simple design with clean Scandinavian lines.,Jon Karlsson,72,171,172,"Green, Black, Brown",False,3.5,162,Product Name: LACK. Category: Dining Furniture. Price: 26546. Description: Simple design with clean Scandinavian lines.. Designer: Jon Karlsson. Dimensions: 172cm width x 72cm depth x 171cm height.
IKEA00392,POANG,Wardrobe,46734,Minimalist design suitable for modern homes.,Jon Karlsson,35,88,144,"Brown, White, Black",False,4.6,415,Product Name: POANG. Category: Wardrobe. Price: 46734. Description: Minimalist design suitable for modern homes.. Designer: Jon Karlsson. Dimensions: 144cm width x 35cm depth x 88cm height.
IKEA00393,MICKE,TV Unit,46181,Space-saving furniture with easy assembly.,IKEA Design Team,40,129,192,"White, Blue, Green",True,3.9,312,Product Name: MICKE. Category: TV Unit. Price: 46181. Description: Space-saving furniture with easy assembly.. Designer: IKEA Design Team. Dimensions: 192cm width x 40cm depth x 129cm height.
IKEA00394,PAX,Chair,4698,Durable furniture with practical storage space.,Jon Karlsson,67,50,185,"White, Beige, Oak",False,4.2,271,Product Name: PAX. Category: Chair. Price: 4698. Description: Durable furniture with practical storage space.. Designer: Jon Karlsson. Dimensions: 185cm width x 67cm depth x 50cm height.
IKEA00395,LACK,TV Unit,4264,Simple design with clean Scandinavian lines.,Jon Karlsson,83,142,32,"Oak, Blue, Beige",True,3.4,406,Product Name: LACK. Category: TV Unit. Price: 4264. Description: Simple design with clean Scandinavian lines.. Designer: Jon Karlsson. Dimensions: 32cm width x 83cm depth x 142cm height.
IKEA00396,POANG,Cabinet,34303,Space-saving furniture with easy assembly.,Jon Karlsson,98,73,39,"Beige, Black, Green",True,5.0,49,Product Name: POANG. Category: Cabinet. Price: 34303. Description: Space-saving furniture with easy assembly.. Designer: Jon Karlsson. Dimensions: 39cm width x 98cm depth x 73cm height.
IKEA00397,LACK,Bookshelf,23641,Space-saving furniture with easy assembly.,Monika Mulder,71,180,81,"White, Beige, Blue",True,4.8,286,Product Name: LACK. Category: Bookshelf. Price: 23641. Description: Space-saving furniture with easy assembly.. Designer: Monika Mulder. Dimensions: 81cm width x 71cm depth x 180cm height.
IKEA00398,LACK,Cabinet,38702,Durable furniture with practical storage space.,Henrik Preutz,55,87,185,"Oak, Green, Blue",True,3.5,213,Product Name: LACK. Category: Cabinet. Price: 38702. Description: Durable furniture with practical storage space.. Designer: Henrik Preutz. Dimensions: 185cm width x 55cm depth x 87cm height.
IKEA00399,MICKE,Chair,37109,Modern Scandinavian furniture with a simple and functional design.,Ola Wihlborg,57,117,59,"Grey, Green, Blue",True,4.4,499,Product Name: MICKE. Category: Chair. Price: 37109. Description: Modern Scandinavian furniture with a simple and functional design.. Designer: Ola Wihlborg. Dimensions: 59cm width x 57cm depth x 117cm height.
IKEA00400,PAX,TV Unit,32194,Simple design with clean Scandinavian lines.,Jon Karlsson,63,147,147,"White, Oak, Green",True,3.1,329,Product Name: PAX. Category: TV Unit. Price: 32194. Description: Simple design with clean Scandinavian lines.. Designer: Jon Karlsson. Dimensions: 147cm width x 63cm depth x 147cm height.
IKEA00401,TROFAST,Desk,44861,Space-saving furniture with easy assembly.,Jon Karlsson,60,135,120,"White, Beige, Brown",True,3.6,209,Product Name: TROFAST. Category: Desk. Price: 44861. Description: Space-saving furniture with easy assembly.. Designer: Jon Karlsson. Dimensions: 120cm width x 60cm depth x 135cm height.
IKEA00402,ALEX,Wardrobe,5481,Affordable and stylish furniture for everyday use.,Jon Karlsson,80,110,120,"Oak, Grey, Brown",True,4.9,354,Product Name: ALEX. Category: Wardrobe. Price: 5481. Description: Affordable and stylish furniture for everyday use.. Designer: Jon Karlsson. Dimensions: 120cm width x 80cm depth x 110cm height.
IKEA00403,HEMNES,Storage,48806,Compact furniture suitable for small apartments.,Jon Karlsson,50,97,82,"Oak, Black, Blue",True,3.3,59,Product Name: HEMNES. Category: Storage. Price: 48806. Description: Compact furniture suitable for small apartments.. Designer: Jon Karlsson. Dimensions: 82cm width x 50cm depth x 97cm height.
IKEA00404,BILLY,Chair,44789,Space-saving furniture with easy assembly.,Monika Mulder,98,31,168,"White, Blue, Oak",True,4.2,257,Product Name: BILLY. Category: Chair. Price: 44789. Description: Space-saving furniture with easy assembly.. Designer: Monika Mulder. Dimensions: 168cm width x 98cm depth x 31cm height.
IKEA00405,POANG,Bed,32664,Compact furniture suitable for small apartments.,Ola Wihlborg,55,131,86,"Brown, White, Grey",False,4.0,281,Product Name: POANG. Category: Bed. Price: 32664. Description: Compact furniture suitable for small apartments.. Designer: Ola Wihlborg. Dimensions: 86cm width x 55cm depth x 131cm height.
IKEA00406,KALLAX,Cabinet,23258,Minimalist design suitable for modern homes.,Jon Karlsson,78,60,162,"Green, Brown, Beige",True,3.0,112,Product Name: KALLAX. Category: Cabinet. Price: 23258. Description: Minimalist design suitable for modern homes.. Designer: Jon Karlsson. Dimensions: 162cm width x 78cm depth x 60cm height.
IKEA00407,PAX,TV Unit,7101,Durable furniture with practical storage space.,Henrik Preutz,98,96,77,"Grey, Black, Brown",False,4.9,180,Product Name: PAX. Category: TV Unit. Price: 7101. Description: Durable furniture with practical storage space.. Designer: Henrik Preutz. Dimensions: 77cm width x 98cm depth x 96cm height.
IKEA00408,BESTA,Table,33186,Minimalist design suitable for modern homes.,Jon Karlsson,73,209,125,"Beige, Blue, Oak",True,3.9,297,Product Name: BESTA. Category: Table. Price: 33186. Description: Minimalist design suitable for modern homes.. Designer: Jon Karlsson. Dimensions: 125cm width x 73cm depth x 209cm height.
IKEA00409,MALM,TV Unit,45457,Compact furniture suitable for small apartments.,IKEA Design Team,54,90,172,"Blue, Green, Oak",True,3.3,496,Product Name: MALM. Category: TV Unit. Price: 45457. Description: Compact furniture suitable for small apartments.. Designer: IKEA Design Team. Dimensions: 172cm width x 54cm depth x 90cm height.
IKEA00410,BRIMNES,Table,31496,Simple design with clean Scandinavian lines.,IKEA Design Team,42,137,157,"Brown, Blue, Beige",True,4.6,158,Product Name: BRIMNES. Category: Table. Price: 31496. Description: Simple design with clean Scandinavian lines.. Designer: IKEA Design Team. Dimensions: 157cm width x 42cm depth x 137cm height.
IKEA00411,LACK,Cabinet,37712,Modern Scandinavian furniture with a simple and functional design.,Monika Mulder,32,206,71,"White, Black, Brown",False,4.7,54,Product Name: LACK. Category: Cabinet. Price: 37712. Description: Modern Scandinavian furniture with a simple and functional design.. Designer: Monika Mulder. Dimensions: 71cm width x 32cm depth x 206cm height.
IKEA00412,EKET,Wardrobe,17523,Durable furniture with practical storage space.,Henrik Preutz,91,172,95,"Beige, White, Oak",True,3.7,352,Product Name: EKET. Category: Wardrobe. Price: 17523. Description: Durable furniture with practical storage space.. Designer: Henrik Preutz. Dimensions: 95cm width x 91cm depth x 172cm height.
IKEA00413,POANG,Desk,38303,Affordable and stylish furniture for everyday use.,Ola Wihlborg,42,102,120,"Beige, Green, Grey",False,4.5,233,Product Name: POANG. Category: Desk. Price: 38303. Description: Affordable and stylish furniture for everyday use.. Designer: Ola Wihlborg. Dimensions: 120cm width x 42cm depth x 102cm height.
IKEA00414,BILLY,Bookshelf,40716,Durable furniture with practical storage space.,Monika Mulder,100,67,72,"Beige, Oak, Green",False,4.7,41,Product Name: BILLY. Category: Bookshelf. Price: 40716. Description: Durable furniture with practical storage space.. Designer: Monika Mulder. Dimensions: 72cm width x 100cm depth x 67cm height.
IKEA00415,BILLY,Table,23018,Compact furniture suitable for small apartments.,Henrik Preutz,60,197,104,"Grey, Green, Beige",False,3.5,232,Product Name: BILLY. Category: Table. Price: 23018. Description: Compact furniture suitable for small apartments.. Designer: Henrik Preutz. Dimensions: 104cm width x 60cm depth x 197cm height.
IKEA00416,TROFAST,Wardrobe,49513,Affordable and stylish furniture for everyday use.,Ola Wihlborg,77,135,72,"Brown, Blue, White",True,4.5,343,Product Name: TROFAST. Category: Wardrobe. Price: 49513. Description: Affordable and stylish furniture for everyday use.. Designer: Ola Wihlborg. Dimensions: 72cm width x 77cm depth x 135cm height.
IKEA00417,LACK,Chair,14299,Compact furniture suitable for small apartments.,Monika Mulder,33,54,46,"Green, Grey, White",True,4.5,273,Product Name: LACK. Category: Chair. Price: 14299. Description: Compact furniture suitable for small apartments.. Designer: Monika Mulder. Dimensions: 46cm width x 33cm depth x 54cm height.
IKEA00418,TROFAST,Chair,7310,Durable furniture with practical storage space.,Ola Wihlborg,39,51,197,"Blue, Brown, Black",True,4.5,231,Product Name: TROFAST. Category: Chair. Price: 7310. Description: Durable furniture with practical storage space.. Designer: Ola Wihlborg. Dimensions: 197cm width x 39cm depth x 51cm height.
IKEA00419,ALEX,Table,9102,Affordable and stylish furniture for everyday use.,Jon Karlsson,23,38,199,"Beige, Blue, Brown",False,3.9,450,Product Name: ALEX. Category: Table. Price: 9102. Description: Affordable and stylish furniture for everyday use.. Designer: Jon Karlsson. Dimensions: 199cm width x 23cm depth x 38cm height.
IKEA00420,MICKE,Bed,36448,Minimalist design suitable for modern homes.,Jon Karlsson,89,75,181,"Green, Beige, Blue",False,4.0,332,Product Name: MICKE. Category: Bed. Price: 36448. Description: Minimalist design suitable for modern homes.. Designer: Jon Karlsson. Dimensions: 181cm width x 89cm depth x 75cm height.
IKEA00421,MICKE,Bed,23251,Minimalist design suitable for modern homes.,Ola Wihlborg,49,52,143,"Grey, Brown, Oak",True,3.3,10,Product Name: MICKE. Category: Bed. Price: 23251. Description: Minimalist design suitable for modern homes.. Designer: Ola Wihlborg. Dimensions: 143cm width x 49cm depth x 52cm height.
IKEA00422,KALLAX,Cabinet,9431,Durable furniture with practical storage space.,Henrik Preutz,80,166,32,"Green, Blue, Oak",True,3.0,225,Product Name: KALLAX. Category: Cabinet. Price: 9431. Description: Durable furniture with practical storage space.. Designer: Henrik Preutz. Dimensions: 32cm width x 80cm depth x 166cm height.
IKEA00423,TROFAST,Bed,39624,Compact furniture suitable for small apartments.,IKEA Design Team,90,125,78,"Blue, Grey, Oak",False,3.5,371,Product Name: TROFAST. Category: Bed. Price: 39624. Description: Compact furniture suitable for small apartments.. Designer: IKEA Design Team. Dimensions: 78cm width x 90cm depth x 125cm height.
IKEA00424,BRIMNES,Dining Furniture,26039,Simple design with clean Scandinavian lines.,Monika Mulder,48,97,50,"Blue, Beige, Black",True,3.6,385,Product Name: BRIMNES. Category: Dining Furniture. Price: 26039. Description: Simple design with clean Scandinavian lines.. Designer: Monika Mulder. Dimensions: 50cm width x 48cm depth x 97cm height.
IKEA00425,MICKE,Bed,27559,Compact furniture suitable for small apartments.,IKEA Design Team,43,64,104,"Black, Beige, Oak",False,3.5,323,Product Name: MICKE. Category: Bed. Price: 27559. Description: Compact furniture suitable for small apartments.. Designer: IKEA Design Team. Dimensions: 104cm width x 43cm depth x 64cm height.
IKEA00426,EKET,Desk,21512,Modern Scandinavian furniture with a simple and functional design.,Jon Karlsson,26,166,35,"Brown, White, Green",True,3.3,229,Product Name: EKET. Category: Desk. Price: 21512. Description: Modern Scandinavian furniture with a simple and functional design.. Designer: Jon Karlsson. Dimensions: 35cm width x 26cm depth x 166cm height.
IKEA00427,BRIMNES,Sofa,15756,Modern Scandinavian furniture with a simple and functional design.,Jon Karlsson,21,156,85,"Beige, Oak, Brown",False,5.0,242,Product Name: BRIMNES. Category: Sofa. Price: 15756. Description: Modern Scandinavian furniture with a simple and functional design.. Designer: Jon Karlsson. Dimensions: 85cm width x 21cm depth x 156cm height.
IKEA00428,BRIMNES,Sofa,22142,Modern Scandinavian furniture with a simple and functional design.,Jon Karlsson,27,98,130,"Black, Grey, Oak",True,3.4,435,Product Name: BRIMNES. Category: Sofa. Price: 22142. Description: Modern Scandinavian furniture with a simple and functional design.. Designer: Jon Karlsson. Dimensions: 130cm width x 27cm depth x 98cm height.
IKEA00429,LACK,Bookshelf,1325,Modern Scandinavian furniture with a simple and functional design.,Jon Karlsson,69,143,93,"White, Black, Oak",True,4.0,111,Product Name: LACK. Category: Bookshelf. Price: 1325. Description: Modern Scandinavian furniture with a simple and functional design.. Designer: Jon Karlsson. Dimensions: 93cm width x 69cm depth x 143cm height.
IKEA00430,EKET,Bookshelf,45158,Durable furniture with practical storage space.,Henrik Preutz,40,191,40,"Black, Brown, Oak",True,3.4,459,Product Name: EKET. Category: Bookshelf. Price: 45158. Description: Durable furniture with practical storage space.. Designer: Henrik Preutz. Dimensions: 40cm width x 40cm depth x 191cm height.
IKEA00431,KALLAX,Dining Furniture,14771,Modern Scandinavian furniture with a simple and functional design.,Jon Karlsson,75,113,33,"Brown, Blue, Green",True,3.8,129,Product Name: KALLAX. Category: Dining Furniture. Price: 14771. Description: Modern Scandinavian furniture with a simple and functional design.. Designer: Jon Karlsson. Dimensions: 33cm width x 75cm depth x 113cm height.
IKEA00432,KALLAX,Sofa,38580,Simple design with clean Scandinavian lines.,Monika Mulder,96,69,125,"Black, Green, Blue",False,3.2,321,Product Name: KALLAX. Category: Sofa. Price: 38580. Description: Simple design with clean Scandinavian lines.. Designer: Monika Mulder. Dimensions: 125cm width x 96cm depth x 69cm height.
IKEA00433,BESTA,Dining Furniture,4434,Modern Scandinavian furniture with a simple and functional design.,Henrik Preutz,39,209,167,"Black, Green, Oak",True,3.6,290,Product Name: BESTA. Category: Dining Furniture. Price: 4434. Description: Modern Scandinavian furniture with a simple and functional design.. Designer: Henrik Preutz. Dimensions: 167cm width x 39cm depth x 209cm height.
IKEA00434,TROFAST,Dining Furniture,23260,Simple design with clean Scandinavian lines.,Monika Mulder,44,35,126,"Beige, Green, Black",True,4.8,253,Product Name: TROFAST. Category: Dining Furniture. Price: 23260. Description: Simple design with clean Scandinavian lines.. Designer: Monika Mulder. Dimensions: 126cm width x 44cm depth x 35cm height.
IKEA00435,BRIMNES,Storage,37135,Durable furniture with practical storage space.,Ola Wihlborg,82,78,175,"Brown, Grey, Green",True,4.5,145,Product Name: BRIMNES. Category: Storage. Price: 37135. Description: Durable furniture with practical storage space.. Designer: Ola Wihlborg. Dimensions: 175cm width x 82cm depth x 78cm height.
IKEA00436,IVAR,TV Unit,36840,Compact furniture suitable for small apartments.,IKEA Design Team,87,69,145,"Grey, Blue, Brown",True,3.9,402,Product Name: IVAR. Category: TV Unit. Price: 36840. Description: Compact furniture suitable for small apartments.. Designer: IKEA Design Team. Dimensions: 145cm width x 87cm depth x 69cm height.
IKEA00437,ALEX,Cabinet,25339,Space-saving furniture with easy assembly.,Jon Karlsson,22,188,123,"Oak, Brown, Beige",True,4.3,280,Product Name: ALEX. Category: Cabinet. Price: 25339. Description: Space-saving furniture with easy assembly.. Designer: Jon Karlsson. Dimensions: 123cm width x 22cm depth x 188cm height.
IKEA00438,IVAR,Bookshelf,12942,Affordable and stylish furniture for everyday use.,Monika Mulder,90,69,186,"Grey, Brown, Oak",True,3.2,272,Product Name: IVAR. Category: Bookshelf. Price: 12942. Description: Affordable and stylish furniture for everyday use.. Designer: Monika Mulder. Dimensions: 186cm width x 90cm depth x 69cm height.
IKEA00439,ALEX,Chair,3367,Simple design with clean Scandinavian lines.,Jon Karlsson,42,38,81,"Black, Oak, Green",True,3.1,333,Product Name: ALEX. Category: Chair. Price: 3367. Description: Simple design with clean Scandinavian lines.. Designer: Jon Karlsson. Dimensions: 81cm width x 42cm depth x 38cm height.
IKEA00440,IVAR,Bookshelf,43616,Minimalist design suitable for modern homes.,Ola Wihlborg,99,209,181,"Grey, White, Brown",True,4.2,41,Product Name: IVAR. Category: Bookshelf. Price: 43616. Description: Minimalist design suitable for modern homes.. Designer: Ola Wihlborg. Dimensions: 181cm width x 99cm depth x 209cm height.
IKEA00441,KALLAX,Desk,43474,Minimalist design suitable for modern homes.,IKEA Design Team,79,193,45,"Beige, Grey, Green",False,4.6,411,Product Name: KALLAX. Category: Desk. Price: 43474. Description: Minimalist design suitable for modern homes.. Designer: IKEA Design Team. Dimensions: 45cm width x 79cm depth x 193cm height.
IKEA00442,BRIMNES,Sofa,40930,Durable furniture with practical storage space.,Ola Wihlborg,25,217,48,"Grey, White, Black",True,3.2,123,Product Name: BRIMNES. Category: Sofa. Price: 40930. Description: Durable furniture with practical storage space.. Designer: Ola Wihlborg. Dimensions: 48cm width x 25cm depth x 217cm height.
IKEA00443,MICKE,Bookshelf,12915,Compact furniture suitable for small apartments.,Ola Wihlborg,51,175,190,"Brown, Grey, Beige",False,4.5,397,Product Name: MICKE. Category: Bookshelf. Price: 12915. Description: Compact furniture suitable for small apartments.. Designer: Ola Wihlborg. Dimensions: 190cm width x 51cm depth x 175cm height.
IKEA00444,ALEX,TV Unit,23958,Space-saving furniture with easy assembly.,Monika Mulder,74,56,72,"Brown, Grey, Oak",True,4.3,278,Product Name: ALEX. Category: TV Unit. Price: 23958. Description: Space-saving furniture with easy assembly.. Designer: Monika Mulder. Dimensions: 72cm width x 74cm depth x 56cm height.
IKEA00445,POANG,Storage,23588,Durable furniture with practical storage space.,Ola Wihlborg,61,125,135,"Blue, Green, Beige",True,4.2,293,Product Name: POANG. Category: Storage. Price: 23588. Description: Durable furniture with practical storage space.. Designer: Ola Wihlborg. Dimensions: 135cm width x 61cm depth x 125cm height.
IKEA00446,MICKE,Desk,25079,Simple design with clean Scandinavian lines.,Ola Wihlborg,52,122,145,"Green, Oak, White",True,5.0,310,Product Name: MICKE. Category: Desk. Price: 25079. Description: Simple design with clean Scandinavian lines.. Designer: Ola Wihlborg. Dimensions: 145cm width x 52cm depth x 122cm height.
IKEA00447,KALLAX,Cabinet,9351,Durable furniture with practical storage space.,IKEA Design Team,58,86,84,"Beige, White, Green",True,4.8,266,Product Name: KALLAX. Category: Cabinet. Price: 9351. Description: Durable furniture with practical storage space.. Designer: IKEA Design Team. Dimensions: 84cm width x 58cm depth x 86cm height.
IKEA00448,MICKE,TV Unit,37960,Compact furniture suitable for small apartments.,IKEA Design Team,24,147,121,"Brown, Black, Green",True,4.8,132,Product Name: MICKE. Category: TV Unit. Price: 37960. Description: Compact furniture suitable for small apartments.. Designer: IKEA Design Team. Dimensions: 121cm width x 24cm depth x 147cm height.
IKEA00449,HEMNES,Bed,20179,Modern Scandinavian furniture with a simple and functional design.,Ola Wihlborg,71,175,85,"Black, Beige, Brown",False,3.3,427,Product Name: HEMNES. Category: Bed. Price: 20179. Description: Modern Scandinavian furniture with a simple and functional design.. Designer: Ola Wihlborg. Dimensions: 85cm width x 71cm depth x 175cm height.
IKEA00450,BRIMNES,TV Unit,6748,Affordable and stylish furniture for everyday use.,Henrik Preutz,24,217,177,"Blue, White, Green",True,3.7,423,Product Name: BRIMNES. Category: TV Unit. Price: 6748. Description: Affordable and stylish furniture for everyday use.. Designer: Henrik Preutz. Dimensions: 177cm width x 24cm depth x 217cm height.
IKEA00451,PAX,Bookshelf,8398,Simple design with clean Scandinavian lines.,Jon Karlsson,97,32,192,"Blue, White, Brown",True,3.6,294,Product Name: PAX. Category: Bookshelf. Price: 8398. Description: Simple design with clean Scandinavian lines.. Designer: Jon Karlsson. Dimensions: 192cm width x 97cm depth x 32cm height.
IKEA00452,MALM,Wardrobe,33424,Space-saving furniture with easy assembly.,Jon Karlsson,39,42,130,"Green, Blue, Grey",True,3.4,153,Product Name: MALM. Category: Wardrobe. Price: 33424. Description: Space-saving furniture with easy assembly.. Designer: Jon Karlsson. Dimensions: 130cm width x 39cm depth x 42cm height.
IKEA00453,TROFAST,Bookshelf,10199,Compact furniture suitable for small apartments.,Henrik Preutz,30,151,176,"White, Grey, Oak",True,3.2,261,Product Name: TROFAST. Category: Bookshelf. Price: 10199. Description: Compact furniture suitable for small apartments.. Designer: Henrik Preutz. Dimensions: 176cm width x 30cm depth x 151cm height.
IKEA00454,PAX,Table,9337,Minimalist design suitable for modern homes.,Ola Wihlborg,45,154,131,"Oak, Grey, Blue",True,3.5,141,Product Name: PAX. Category: Table. Price: 9337. Description: Minimalist design suitable for modern homes.. Designer: Ola Wihlborg. Dimensions: 131cm width x 45cm depth x 154cm height.
IKEA00455,TROFAST,Bookshelf,21694,Space-saving furniture with easy assembly.,Ola Wihlborg,31,58,135,"Blue, Brown, Green",True,3.6,309,Product Name: TROFAST. Category: Bookshelf. Price: 21694. Description: Space-saving furniture with easy assembly.. Designer: Ola Wihlborg. Dimensions: 135cm width x 31cm depth x 58cm height.
IKEA00456,ALEX,Sofa,20475,Compact furniture suitable for small apartments.,Henrik Preutz,98,143,189,"Brown, Oak, White",True,3.4,196,Product Name: ALEX. Category: Sofa. Price: 20475. Description: Compact furniture suitable for small apartments.. Designer: Henrik Preutz. Dimensions: 189cm width x 98cm depth x 143cm height.
IKEA00457,MALM,Chair,7863,Space-saving furniture with easy assembly.,IKEA Design Team,51,188,67,"Grey, White, Brown",True,3.6,246,Product Name: MALM. Category: Chair. Price: 7863. Description: Space-saving furniture with easy assembly.. Designer: IKEA Design Team. Dimensions: 67cm width x 51cm depth x 188cm height.
IKEA00458,KALLAX,Wardrobe,14196,Space-saving furniture with easy assembly.,Ola Wihlborg,47,82,169,"Grey, Green, Oak",True,4.4,347,Product Name: KALLAX. Category: Wardrobe. Price: 14196. Description: Space-saving furniture with easy assembly.. Designer: Ola Wihlborg. Dimensions: 169cm width x 47cm depth x 82cm height.
IKEA00459,KALLAX,Bookshelf,38706,Space-saving furniture with easy assembly.,Ola Wihlborg,25,95,73,"White, Brown, Black",True,3.1,340,Product Name: KALLAX. Category: Bookshelf. Price: 38706. Description: Space-saving furniture with easy assembly.. Designer: Ola Wihlborg. Dimensions: 73cm width x 25cm depth x 95cm height.
IKEA00460,KALLAX,Chair,25969,Space-saving furniture with easy assembly.,Henrik Preutz,66,57,34,"Grey, Blue, Beige",False,3.5,199,Product Name: KALLAX. Category: Chair. Price: 25969. Description: Space-saving furniture with easy assembly.. Designer: Henrik Preutz. Dimensions: 34cm width x 66cm depth x 57cm height.
IKEA00461,MICKE,Chair,21172,Minimalist design suitable for modern homes.,Ola Wihlborg,88,52,77,"Oak, Grey, Green",True,3.1,477,Product Name: MICKE. Category: Chair. Price: 21172. Description: Minimalist design suitable for modern homes.. Designer: Ola Wihlborg. Dimensions: 77cm width x 88cm depth x 52cm height.
IKEA00462,MICKE,Bed,22359,Minimalist design suitable for modern homes.,Monika Mulder,40,34,118,"Beige, Brown, Green",True,3.5,261,Product Name: MICKE. Category: Bed. Price: 22359. Description: Minimalist design suitable for modern homes.. Designer: Monika Mulder. Dimensions: 118cm width x 40cm depth x 34cm height.
IKEA00463,LACK,Sofa,41510,Durable furniture with practical storage space.,Monika Mulder,23,172,101,"Oak, Black, Brown",False,4.3,49,Product Name: LACK. Category: Sofa. Price: 41510. Description: Durable furniture with practical storage space.. Designer: Monika Mulder. Dimensions: 101cm width x 23cm depth x 172cm height.
IKEA00464,BRIMNES,Bookshelf,34624,Space-saving furniture with easy assembly.,Ola Wihlborg,100,205,88,"Blue, Black, Grey",True,3.9,164,Product Name: BRIMNES. Category: Bookshelf. Price: 34624. Description: Space-saving furniture with easy assembly.. Designer: Ola Wihlborg. Dimensions: 88cm width x 100cm depth x 205cm height.
IKEA00465,POANG,Wardrobe,29935,Affordable and stylish furniture for everyday use.,Jon Karlsson,46,197,65,"Oak, Blue, Black",True,4.4,465,Product Name: POANG. Category: Wardrobe. Price: 29935. Description: Affordable and stylish furniture for everyday use.. Designer: Jon Karlsson. Dimensions: 65cm width x 46cm depth x 197cm height.
IKEA00466,MICKE,Table,28683,Simple design with clean Scandinavian lines.,Jon Karlsson,92,70,111,"Black, Grey, Blue",True,3.4,434,Product Name: MICKE. Category: Table. Price: 28683. Description: Simple design with clean Scandinavian lines.. Designer: Jon Karlsson. Dimensions: 111cm width x 92cm depth x 70cm height.
IKEA00467,MALM,Sofa,21384,Minimalist design suitable for modern homes.,Monika Mulder,58,143,193,"Grey, Black, Blue",True,3.3,18,Product Name: MALM. Category: Sofa. Price: 21384. Description: Minimalist design suitable for modern homes.. Designer: Monika Mulder. Dimensions: 193cm width x 58cm depth x 143cm height.
IKEA00468,TROFAST,TV Unit,40931,Durable furniture with practical storage space.,Ola Wihlborg,92,186,89,"Oak, Black, Beige",True,3.7,357,Product Name: TROFAST. Category: TV Unit. Price: 40931. Description: Durable furniture with practical storage space.. Designer: Ola Wihlborg. Dimensions: 89cm width x 92cm depth x 186cm height.
IKEA00469,TROFAST,Storage,9286,Affordable and stylish furniture for everyday use.,Ola Wihlborg,80,212,196,"Beige, Black, Oak",False,3.9,88,Product Name: TROFAST. Category: Storage. Price: 9286. Description: Affordable and stylish furniture for everyday use.. Designer: Ola Wihlborg. Dimensions: 196cm width x 80cm depth x 212cm height.
IKEA00470,HEMNES,Desk,2611,Minimalist design suitable for modern homes.,IKEA Design Team,54,135,86,"Oak, Blue, Black",True,3.4,493,Product Name: HEMNES. Category: Desk. Price: 2611. Description: Minimalist design suitable for modern homes.. Designer: IKEA Design Team. Dimensions: 86cm width x 54cm depth x 135cm height.
IKEA00471,EKET,TV Unit,32607,Space-saving furniture with easy assembly.,Henrik Preutz,78,93,139,"Blue, Green, White",False,4.4,206,Product Name: EKET. Category: TV Unit. Price: 32607. Description: Space-saving furniture with easy assembly.. Designer: Henrik Preutz. Dimensions: 139cm width x 78cm depth x 93cm height.
IKEA00472,POANG,TV Unit,39414,Affordable and stylish furniture for everyday use.,Ola Wihlborg,24,163,57,"Green, Oak, White",True,4.0,207,Product Name: POANG. Category: TV Unit. Price: 39414. Description: Affordable and stylish furniture for everyday use.. Designer: Ola Wihlborg. Dimensions: 57cm width x 24cm depth x 163cm height.
IKEA00473,BRIMNES,Sofa,37048,Minimalist design suitable for modern homes.,Ola Wihlborg,100,42,78,"Grey, Oak, Blue",True,4.5,151,Product Name: BRIMNES. Category: Sofa. Price: 37048. Description: Minimalist design suitable for modern homes.. Designer: Ola Wihlborg. Dimensions: 78cm width x 100cm depth x 42cm height.
IKEA00474,EKET,Table,28185,Durable furniture with practical storage space.,Ola Wihlborg,26,206,162,"Brown, Oak, Beige",False,3.2,261,Product Name: EKET. Category: Table. Price: 28185. Description: Durable furniture with practical storage space.. Designer: Ola Wihlborg. Dimensions: 162cm width x 26cm depth x 206cm height.
IKEA00475,BILLY,Table,38866,Space-saving furniture with easy assembly.,Ola Wihlborg,37,130,135,"Beige, Oak, White",True,3.9,464,Product Name: BILLY. Category: Table. Price: 38866. Description: Space-saving furniture with easy assembly.. Designer: Ola Wihlborg. Dimensions: 135cm width x 37cm depth x 130cm height.
IKEA00476,BRIMNES,Desk,30297,Modern Scandinavian furniture with a simple and functional design.,Henrik Preutz,61,207,196,"Brown, Beige, Blue",True,3.2,366,Product Name: BRIMNES. Category: Desk. Price: 30297. Description: Modern Scandinavian furniture with a simple and functional design.. Designer: Henrik Preutz. Dimensions: 196cm width x 61cm depth x 207cm height.
IKEA00477,EKET,Dining Furniture,24284,Modern Scandinavian furniture with a simple and functional design.,Ola Wihlborg,69,216,160,"Brown, Oak, Grey",False,3.1,92,Product Name: EKET. Category: Dining Furniture. Price: 24284. Description: Modern Scandinavian furniture with a simple and functional design.. Designer: Ola Wihlborg. Dimensions: 160cm width x 69cm depth x 216cm height.
IKEA00478,BESTA,TV Unit,43721,Simple design with clean Scandinavian lines.,Jon Karlsson,40,67,75,"White, Oak, Brown",True,4.5,497,Product Name: BESTA. Category: TV Unit. Price: 43721. Description: Simple design with clean Scandinavian lines.. Designer: Jon Karlsson. Dimensions: 75cm width x 40cm depth x 67cm height.
IKEA00479,EKET,Bed,41554,Compact furniture suitable for small apartments.,IKEA Design Team,36,81,30,"Grey, White, Oak",False,4.7,283,Product Name: EKET. Category: Bed. Price: 41554. Description: Compact furniture suitable for small apartments.. Designer: IKEA Design Team. Dimensions: 30cm width x 36cm depth x 81cm height.
IKEA00480,TROFAST,Sofa,40343,Minimalist design suitable for modern homes.,Jon Karlsson,47,180,198,"Green, Oak, Blue",False,3.2,312,Product Name: TROFAST. Category: Sofa. Price: 40343. Description: Minimalist design suitable for modern homes.. Designer: Jon Karlsson. Dimensions: 198cm width x 47cm depth x 180cm height.
IKEA00481,KALLAX,Desk,36369,Durable furniture with practical storage space.,Ola Wihlborg,100,172,83,"White, Black, Blue",True,4.3,23,Product Name: KALLAX. Category: Desk. Price: 36369. Description: Durable furniture with practical storage space.. Designer: Ola Wihlborg. Dimensions: 83cm width x 100cm depth x 172cm height.
IKEA00482,MALM,Sofa,44211,Affordable and stylish furniture for everyday use.,Ola Wihlborg,58,114,52,"White, Green, Oak",True,3.3,150,Product Name: MALM. Category: Sofa. Price: 44211. Description: Affordable and stylish furniture for everyday use.. Designer: Ola Wihlborg. Dimensions: 52cm width x 58cm depth x 114cm height.
IKEA00483,POANG,Dining Furniture,45818,Space-saving furniture with easy assembly.,Ola Wihlborg,93,173,75,"Green, Beige, Grey",True,4.9,52,Product Name: POANG. Category: Dining Furniture. Price: 45818. Description: Space-saving furniture with easy assembly.. Designer: Ola Wihlborg. Dimensions: 75cm width x 93cm depth x 173cm height.
IKEA00484,TROFAST,Bed,21655,Durable furniture with practical storage space.,Monika Mulder,28,139,170,"Black, Brown, Oak",True,3.2,445,Product Name: TROFAST. Category: Bed. Price: 21655. Description: Durable furniture with practical storage space.. Designer: Monika Mulder. Dimensions: 170cm width x 28cm depth x 139cm height.
IKEA00485,LACK,Wardrobe,35039,Minimalist design suitable for modern homes.,Ola Wihlborg,46,208,83,"White, Green, Grey",True,4.0,357,Product Name: LACK. Category: Wardrobe. Price: 35039. Description: Minimalist design suitable for modern homes.. Designer: Ola Wihlborg. Dimensions: 83cm width x 46cm depth x 208cm height.
IKEA00486,POANG,Bed,28486,Affordable and stylish furniture for everyday use.,Henrik Preutz,53,164,177,"Beige, Black, Grey",False,4.0,328,Product Name: POANG. Category: Bed. Price: 28486. Description: Affordable and stylish furniture for everyday use.. Designer: Henrik Preutz. Dimensions: 177cm width x 53cm depth x 164cm height.
IKEA00487,EKET,Storage,12289,Affordable and stylish furniture for everyday use.,Jon Karlsson,57,79,30,"Black, White, Oak",True,4.5,111,Product Name: EKET. Category: Storage. Price: 12289. Description: Affordable and stylish furniture for everyday use.. Designer: Jon Karlsson. Dimensions: 30cm width x 57cm depth x 79cm height.
IKEA00488,TROFAST,TV Unit,27672,Minimalist design suitable for modern homes.,IKEA Design Team,62,119,173,"Oak, White, Beige",True,4.4,135,Product Name: TROFAST. Category: TV Unit. Price: 27672. Description: Minimalist design suitable for modern homes.. Designer: IKEA Design Team. Dimensions: 173cm width x 62cm depth x 119cm height.
IKEA00489,TROFAST,Chair,20669,Durable furniture with practical storage space.,Ola Wihlborg,90,112,31,"Black, Beige, Brown",True,3.8,296,Product Name: TROFAST. Category: Chair. Price: 20669. Description: Durable furniture with practical storage space.. Designer: Ola Wihlborg. Dimensions: 31cm width x 90cm depth x 112cm height.
IKEA00490,POANG,Sofa,12009,Compact furniture suitable for small apartments.,Henrik Preutz,63,202,152,"Green, Blue, White",True,4.0,326,Product Name: POANG. Category: Sofa. Price: 12009. Description: Compact furniture suitable for small apartments.. Designer: Henrik Preutz. Dimensions: 152cm width x 63cm depth x 202cm height.
IKEA00491,EKET,Cabinet,22460,Minimalist design suitable for modern homes.,Monika Mulder,27,163,106,"Beige, Grey, Blue",True,3.4,355,Product Name: EKET. Category: Cabinet. Price: 22460. Description: Minimalist design suitable for modern homes.. Designer: Monika Mulder. Dimensions: 106cm width x 27cm depth x 163cm height.
IKEA00492,BESTA,Wardrobe,4838,Compact furniture suitable for small apartments.,Henrik Preutz,23,116,126,"Brown, Grey, Blue",False,3.4,64,Product Name: BESTA. Category: Wardrobe. Price: 4838. Description: Compact furniture suitable for small apartments.. Designer: Henrik Preutz. Dimensions: 126cm width x 23cm depth x 116cm height.
IKEA00493,IVAR,Bed,46719,Simple design with clean Scandinavian lines.,Henrik Preutz,24,99,135,"Black, Oak, Green",True,3.9,491,Product Name: IVAR. Category: Bed. Price: 46719. Description: Simple design with clean Scandinavian lines.. Designer: Henrik Preutz. Dimensions: 135cm width x 24cm depth x 99cm height.
IKEA00494,LACK,Desk,34911,Durable furniture with practical storage space.,Jon Karlsson,34,125,39,"Oak, White, Green",True,4.6,468,Product Name: LACK. Category: Desk. Price: 34911. Description: Durable furniture with practical storage space.. Designer: Jon Karlsson. Dimensions: 39cm width x 34cm depth x 125cm height.
IKEA00495,MICKE,Table,12964,Durable furniture with practical storage space.,Monika Mulder,87,109,113,"Brown, Blue, White",True,3.4,23,Product Name: MICKE. Category: Table. Price: 12964. Description: Durable furniture with practical storage space.. Designer: Monika Mulder. Dimensions: 113cm width x 87cm depth x 109cm height.
IKEA00496,EKET,Bookshelf,47270,Simple design with clean Scandinavian lines.,Ola Wihlborg,34,31,109,"White, Beige, Grey",True,3.7,460,Product Name: EKET. Category: Bookshelf. Price: 47270. Description: Simple design with clean Scandinavian lines.. Designer: Ola Wihlborg. Dimensions: 109cm width x 34cm depth x 31cm height.
IKEA00497,KALLAX,Chair,34615,Simple design with clean Scandinavian lines.,Henrik Preutz,22,177,109,"Oak, Brown, Black",True,3.6,277,Product Name: KALLAX. Category: Chair. Price: 34615. Description: Simple design with clean Scandinavian lines.. Designer: Henrik Preutz. Dimensions: 109cm width x 22cm depth x 177cm height.
IKEA00498,BESTA,Storage,44481,Modern Scandinavian furniture with a simple and functional design.,Henrik Preutz,39,70,100,"Black, White, Grey",True,3.4,184,Product Name: BESTA. Category: Storage. Price: 44481. Description: Modern Scandinavian furniture with a simple and functional design.. Designer: Henrik Preutz. Dimensions: 100cm width x 39cm depth x 70cm height.
IKEA00499,MICKE,Wardrobe,18262,Compact furniture suitable for small apartments.,Henrik Preutz,93,92,73,"Black, Brown, Grey",True,4.1,30,Product Name: MICKE. Category: Wardrobe. Price: 18262. Description: Compact furniture suitable for small apartments.. Designer: Henrik Preutz. Dimensions: 73cm width x 93cm depth x 92cm height.
IKEA00500,MALM,Sofa,31349,Space-saving furniture with easy assembly.,IKEA Design Team,33,128,43,"Black, Oak, Blue",True,4.4,461,Product Name: MALM. Category: Sofa. Price: 31349. Description: Space-saving furniture with easy assembly.. Designer: IKEA Design Team. Dimensions: 43cm width x 33cm depth x 128cm height.
IKEA00501,POANG,Dining Furniture,45727,Space-saving furniture with easy assembly.,Monika Mulder,98,121,109,"Beige, Blue, Black",True,4.9,391,Product Name: POANG. Category: Dining Furniture. Price: 45727. Description: Space-saving furniture with easy assembly.. Designer: Monika Mulder. Dimensions: 109cm width x 98cm depth x 121cm height.
IKEA00502,TROFAST,Storage,37709,Compact furniture suitable for small apartments.,IKEA Design Team,79,54,146,"Grey, Beige, Blue",False,3.9,490,Product Name: TROFAST. Category: Storage. Price: 37709. Description: Compact furniture suitable for small apartments.. Designer: IKEA Design Team. Dimensions: 146cm width x 79cm depth x 54cm height.
IKEA00503,HEMNES,Table,40930,Durable furniture with practical storage space.,Henrik Preutz,70,76,200,"Beige, Blue, Brown",False,4.0,38,Product Name: HEMNES. Category: Table. Price: 40930. Description: Durable furniture with practical storage space.. Designer: Henrik Preutz. Dimensions: 200cm width x 70cm depth x 76cm height.
IKEA00504,EKET,Chair,23531,Minimalist design suitable for modern homes.,Monika Mulder,41,102,119,"Brown, Grey, White",False,4.6,412,Product Name: EKET. Category: Chair. Price: 23531. Description: Minimalist design suitable for modern homes.. Designer: Monika Mulder. Dimensions: 119cm width x 41cm depth x 102cm height.
IKEA00505,BILLY,Wardrobe,36946,Space-saving furniture with easy assembly.,IKEA Design Team,58,166,148,"Blue, Grey, Oak",True,4.2,285,Product Name: BILLY. Category: Wardrobe. Price: 36946. Description: Space-saving furniture with easy assembly.. Designer: IKEA Design Team. Dimensions: 148cm width x 58cm depth x 166cm height.
IKEA00506,MALM,Storage,25652,Modern Scandinavian furniture with a simple and functional design.,Henrik Preutz,46,207,181,"Blue, Green, Oak",True,4.1,125,Product Name: MALM. Category: Storage. Price: 25652. Description: Modern Scandinavian furniture with a simple and functional design.. Designer: Henrik Preutz. Dimensions: 181cm width x 46cm depth x 207cm height.
IKEA00507,MALM,Dining Furniture,44382,Modern Scandinavian furniture with a simple and functional design.,Ola Wihlborg,82,59,181,"Green, Brown, Grey",True,4.6,95,Product Name: MALM. Category: Dining Furniture. Price: 44382. Description: Modern Scandinavian furniture with a simple and functional design.. Designer: Ola Wihlborg. Dimensions: 181cm width x 82cm depth x 59cm height.
IKEA00508,LACK,Bookshelf,5060,Affordable and stylish furniture for everyday use.,IKEA Design Team,96,127,113,"Green, Beige, Blue",True,3.2,423,Product Name: LACK. Category: Bookshelf. Price: 5060. Description: Affordable and stylish furniture for everyday use.. Designer: IKEA Design Team. Dimensions: 113cm width x 96cm depth x 127cm height.
IKEA00509,MALM,TV Unit,49977,Space-saving furniture with easy assembly.,IKEA Design Team,38,199,68,"Green, Grey, Brown",False,4.2,233,Product Name: MALM. Category: TV Unit. Price: 49977. Description: Space-saving furniture with easy assembly.. Designer: IKEA Design Team. Dimensions: 68cm width x 38cm depth x 199cm height.
IKEA00510,HEMNES,Desk,45162,Durable furniture with practical storage space.,Henrik Preutz,92,203,107,"Blue, Beige, Brown",True,4.2,318,Product Name: HEMNES. Category: Desk. Price: 45162. Description: Durable furniture with practical storage space.. Designer: Henrik Preutz. Dimensions: 107cm width x 92cm depth x 203cm height.
IKEA00511,MICKE,Bookshelf,8858,Simple design with clean Scandinavian lines.,Henrik Preutz,27,124,170,"White, Green, Beige",True,3.2,149,Product Name: MICKE. Category: Bookshelf. Price: 8858. Description: Simple design with clean Scandinavian lines.. Designer: Henrik Preutz. Dimensions: 170cm width x 27cm depth x 124cm height.
IKEA00512,IVAR,Sofa,15915,Minimalist design suitable for modern homes.,Ola Wihlborg,70,190,111,"Blue, Oak, Green",False,4.1,344,Product Name: IVAR. Category: Sofa. Price: 15915. Description: Minimalist design suitable for modern homes.. Designer: Ola Wihlborg. Dimensions: 111cm width x 70cm depth x 190cm height.
IKEA00513,MALM,Storage,9613,Compact furniture suitable for small apartments.,Ola Wihlborg,69,122,136,"Brown, Green, Beige",True,3.3,41,Product Name: MALM. Category: Storage. Price: 9613. Description: Compact furniture suitable for small apartments.. Designer: Ola Wihlborg. Dimensions: 136cm width x 69cm depth x 122cm height.
IKEA00514,ALEX,Sofa,9935,Space-saving furniture with easy assembly.,Monika Mulder,75,64,51,"Brown, Beige, Oak",False,4.8,361,Product Name: ALEX. Category: Sofa. Price: 9935. Description: Space-saving furniture with easy assembly.. Designer: Monika Mulder. Dimensions: 51cm width x 75cm depth x 64cm height.
IKEA00515,POANG,Bookshelf,41344,Compact furniture suitable for small apartments.,Monika Mulder,85,138,171,"Green, Oak, Brown",True,3.4,314,Product Name: POANG. Category: Bookshelf. Price: 41344. Description: Compact furniture suitable for small apartments.. Designer: Monika Mulder. Dimensions: 171cm width x 85cm depth x 138cm height.
IKEA00516,KALLAX,TV Unit,33146,Simple design with clean Scandinavian lines.,Jon Karlsson,84,98,135,"Beige, White, Blue",False,4.4,62,Product Name: KALLAX. Category: TV Unit. Price: 33146. Description: Simple design with clean Scandinavian lines.. Designer: Jon Karlsson. Dimensions: 135cm width x 84cm depth x 98cm height.
IKEA00517,POANG,Storage,45751,Modern Scandinavian furniture with a simple and functional design.,Jon Karlsson,87,101,149,"Black, Grey, Blue",True,3.5,327,Product Name: POANG. Category: Storage. Price: 45751. Description: Modern Scandinavian furniture with a simple and functional design.. Designer: Jon Karlsson. Dimensions: 149cm width x 87cm depth x 101cm height.
IKEA00518,BRIMNES,Dining Furniture,44324,Modern Scandinavian furniture with a simple and functional design.,Ola Wihlborg,94,109,186,"White, Brown, Grey",True,3.9,267,Product Name: BRIMNES. Category: Dining Furniture. Price: 44324. Description: Modern Scandinavian furniture with a simple and functional design.. Designer: Ola Wihlborg. Dimensions: 186cm width x 94cm depth x 109cm height.
IKEA00519,EKET,TV Unit,48590,Durable furniture with practical storage space.,Monika Mulder,65,105,104,"Brown, White, Beige",True,4.5,293,Product Name: EKET. Category: TV Unit. Price: 48590. Description: Durable furniture with practical storage space.. Designer: Monika Mulder. Dimensions: 104cm width x 65cm depth x 105cm height.
IKEA00520,LACK,Sofa,41740,Minimalist design suitable for modern homes.,Ola Wihlborg,41,176,43,"Grey, Blue, Beige",True,3.6,47,Product Name: LACK. Category: Sofa. Price: 41740. Description: Minimalist design suitable for modern homes.. Designer: Ola Wihlborg. Dimensions: 43cm width x 41cm depth x 176cm height.
IKEA00521,MALM,Cabinet,5536,Simple design with clean Scandinavian lines.,Henrik Preutz,52,63,187,"Grey, Brown, Blue",True,4.5,314,Product Name: MALM. Category: Cabinet. Price: 5536. Description: Simple design with clean Scandinavian lines.. Designer: Henrik Preutz. Dimensions: 187cm width x 52cm depth x 63cm height.
IKEA00522,MALM,TV Unit,48927,Compact furniture suitable for small apartments.,Monika Mulder,67,74,96,"Oak, Green, Black",True,3.7,48,Product Name: MALM. Category: TV Unit. Price: 48927. Description: Compact furniture suitable for small apartments.. Designer: Monika Mulder. Dimensions: 96cm width x 67cm depth x 74cm height.
IKEA00523,MALM,TV Unit,10601,Simple design with clean Scandinavian lines.,Monika Mulder,72,128,90,"Green, Beige, Blue",True,3.4,380,Product Name: MALM. Category: TV Unit. Price: 10601. Description: Simple design with clean Scandinavian lines.. Designer: Monika Mulder. Dimensions: 90cm width x 72cm depth x 128cm height.
IKEA00524,IVAR,Wardrobe,4059,Space-saving furniture with easy assembly.,Henrik Preutz,34,43,72,"Green, Oak, Blue",True,4.0,490,Product Name: IVAR. Category: Wardrobe. Price: 4059. Description: Space-saving furniture with easy assembly.. Designer: Henrik Preutz. Dimensions: 72cm width x 34cm depth x 43cm height.
IKEA00525,TROFAST,Cabinet,15812,Minimalist design suitable for modern homes.,Monika Mulder,80,97,67,"Blue, White, Brown",False,3.8,166,Product Name: TROFAST. Category: Cabinet. Price: 15812. Description: Minimalist design suitable for modern homes.. Designer: Monika Mulder. Dimensions: 67cm width x 80cm depth x 97cm height.
IKEA00526,MICKE,Dining Furniture,3187,Modern Scandinavian furniture with a simple and functional design.,Ola Wihlborg,65,140,186,"Grey, Brown, Blue",True,4.6,135,Product Name: MICKE. Category: Dining Furniture. Price: 3187. Description: Modern Scandinavian furniture with a simple and functional design.. Designer: Ola Wihlborg. Dimensions: 186cm width x 65cm depth x 140cm height.
IKEA00527,ALEX,TV Unit,26133,Minimalist design suitable for modern homes.,Jon Karlsson,95,79,163,"Beige, Green, Blue",True,3.6,10,Product Name: ALEX. Category: TV Unit. Price: 26133. Description: Minimalist design suitable for modern homes.. Designer: Jon Karlsson. Dimensions: 163cm width x 95cm depth x 79cm height.
IKEA00528,ALEX,Sofa,4952,Modern Scandinavian furniture with a simple and functional design.,Monika Mulder,32,164,56,"Green, Brown, Black",True,3.5,22,Product Name: ALEX. Category: Sofa. Price: 4952. Description: Modern Scandinavian furniture with a simple and functional design.. Designer: Monika Mulder. Dimensions: 56cm width x 32cm depth x 164cm height.
IKEA00529,KALLAX,TV Unit,6524,Modern Scandinavian furniture with a simple and functional design.,Ola Wihlborg,47,183,193,"Black, Beige, White",True,4.7,71,Product Name: KALLAX. Category: TV Unit. Price: 6524. Description: Modern Scandinavian furniture with a simple and functional design.. Designer: Ola Wihlborg. Dimensions: 193cm width x 47cm depth x 183cm height.
IKEA00530,PAX,Dining Furniture,42960,Affordable and stylish furniture for everyday use.,Jon Karlsson,34,208,77,"Grey, Brown, Oak",True,4.3,477,Product Name: PAX. Category: Dining Furniture. Price: 42960. Description: Affordable and stylish furniture for everyday use.. Designer: Jon Karlsson. Dimensions: 77cm width x 34cm depth x 208cm height.
IKEA00531,LACK,Bookshelf,45864,Space-saving furniture with easy assembly.,Henrik Preutz,52,71,48,"Grey, Blue, White",False,3.8,35,Product Name: LACK. Category: Bookshelf. Price: 45864. Description: Space-saving furniture with easy assembly.. Designer: Henrik Preutz. Dimensions: 48cm width x 52cm depth x 71cm height.
IKEA00532,LACK,Bed,12159,Minimalist design suitable for modern homes.,IKEA Design Team,82,81,186,"Blue, Black, Beige",False,3.2,281,Product Name: LACK. Category: Bed. Price: 12159. Description: Minimalist design suitable for modern homes.. Designer: IKEA Design Team. Dimensions: 186cm width x 82cm depth x 81cm height.
IKEA00533,TROFAST,Bookshelf,14811,Affordable and stylish furniture for everyday use.,IKEA Design Team,76,213,96,"Black, White, Blue",True,4.1,133,Product Name: TROFAST. Category: Bookshelf. Price: 14811. Description: Affordable and stylish furniture for everyday use.. Designer: IKEA Design Team. Dimensions: 96cm width x 76cm depth x 213cm height.
IKEA00534,TROFAST,Storage,1728,Minimalist design suitable for modern homes.,Jon Karlsson,20,39,200,"Blue, Brown, Black",True,4.8,299,Product Name: TROFAST. Category: Storage. Price: 1728. Description: Minimalist design suitable for modern homes.. Designer: Jon Karlsson. Dimensions: 200cm width x 20cm depth x 39cm height.
IKEA00535,KALLAX,Cabinet,46872,Simple design with clean Scandinavian lines.,Monika Mulder,81,141,133,"Black, Grey, Green",True,3.8,357,Product Name: KALLAX. Category: Cabinet. Price: 46872. Description: Simple design with clean Scandinavian lines.. Designer: Monika Mulder. Dimensions: 133cm width x 81cm depth x 141cm height.
IKEA00536,IVAR,Storage,8442,Affordable and stylish furniture for everyday use.,Ola Wihlborg,65,115,107,"Blue, White, Beige",True,3.7,441,Product Name: IVAR. Category: Storage. Price: 8442. Description: Affordable and stylish furniture for everyday use.. Designer: Ola Wihlborg. Dimensions: 107cm width x 65cm depth x 115cm height.
IKEA00537,BESTA,Chair,30621,Simple design with clean Scandinavian lines.,Henrik Preutz,45,75,171,"White, Oak, Beige",True,3.6,204,Product Name: BESTA. Category: Chair. Price: 30621. Description: Simple design with clean Scandinavian lines.. Designer: Henrik Preutz. Dimensions: 171cm width x 45cm depth x 75cm height.
IKEA00538,BILLY,Dining Furniture,45642,Durable furniture with practical storage space.,Monika Mulder,30,191,142,"Oak, Black, White",True,3.1,308,Product Name: BILLY. Category: Dining Furniture. Price: 45642. Description: Durable furniture with practical storage space.. Designer: Monika Mulder. Dimensions: 142cm width x 30cm depth x 191cm height.
IKEA00539,HEMNES,Storage,25977,Modern Scandinavian furniture with a simple and functional design.,Ola Wihlborg,59,157,166,"Green, White, Blue",True,3.1,408,Product Name: HEMNES. Category: Storage. Price: 25977. Description: Modern Scandinavian furniture with a simple and functional design.. Designer: Ola Wihlborg. Dimensions: 166cm width x 59cm depth x 157cm height.
IKEA00540,BRIMNES,Sofa,27074,Modern Scandinavian furniture with a simple and functional design.,Jon Karlsson,86,147,167,"Brown, Beige, Grey",True,4.8,23,Product Name: BRIMNES. Category: Sofa. Price: 27074. Description: Modern Scandinavian furniture with a simple and functional design.. Designer: Jon Karlsson. Dimensions: 167cm width x 86cm depth x 147cm height.
IKEA00541,BRIMNES,Table,32539,Space-saving furniture with easy assembly.,IKEA Design Team,80,188,41,"Oak, Beige, Blue",True,3.0,328,Product Name: BRIMNES. Category: Table. Price: 32539. Description: Space-saving furniture with easy assembly.. Designer: IKEA Design Team. Dimensions: 41cm width x 80cm depth x 188cm height.
IKEA00542,KALLAX,Bed,6875,Minimalist design suitable for modern homes.,Ola Wihlborg,41,181,46,"Black, White, Oak",True,3.1,108,Product Name: KALLAX. Category: Bed. Price: 6875. Description: Minimalist design suitable for modern homes.. Designer: Ola Wihlborg. Dimensions: 46cm width x 41cm depth x 181cm height.
IKEA00543,PAX,Wardrobe,48859,Space-saving furniture with easy assembly.,Monika Mulder,61,60,177,"Brown, Green, Black",True,4.2,176,Product Name: PAX. Category: Wardrobe. Price: 48859. Description: Space-saving furniture with easy assembly.. Designer: Monika Mulder. Dimensions: 177cm width x 61cm depth x 60cm height.
IKEA00544,BILLY,Chair,18448,Compact furniture suitable for small apartments.,Monika Mulder,41,208,124,"Brown, Oak, Black",True,3.3,410,Product Name: BILLY. Category: Chair. Price: 18448. Description: Compact furniture suitable for small apartments.. Designer: Monika Mulder. Dimensions: 124cm width x 41cm depth x 208cm height.
IKEA00545,IVAR,Dining Furniture,40635,Minimalist design suitable for modern homes.,Jon Karlsson,22,154,50,"White, Green, Black",True,4.4,308,Product Name: IVAR. Category: Dining Furniture. Price: 40635. Description: Minimalist design suitable for modern homes.. Designer: Jon Karlsson. Dimensions: 50cm width x 22cm depth x 154cm height.
IKEA00546,LACK,Bookshelf,45948,Simple design with clean Scandinavian lines.,Monika Mulder,36,82,66,"Grey, Green, Oak",False,3.5,94,Product Name: LACK. Category: Bookshelf. Price: 45948. Description: Simple design with clean Scandinavian lines.. Designer: Monika Mulder. Dimensions: 66cm width x 36cm depth x 82cm height.
IKEA00547,POANG,Sofa,39576,Compact furniture suitable for small apartments.,Monika Mulder,98,52,190,"Grey, Brown, Oak",True,4.1,103,Product Name: POANG. Category: Sofa. Price: 39576. Description: Compact furniture suitable for small apartments.. Designer: Monika Mulder. Dimensions: 190cm width x 98cm depth x 52cm height.
IKEA00548,BILLY,Cabinet,6769,Affordable and stylish furniture for everyday use.,Henrik Preutz,89,159,86,"Green, Blue, Beige",True,3.6,104,Product Name: BILLY. Category: Cabinet. Price: 6769. Description: Affordable and stylish furniture for everyday use.. Designer: Henrik Preutz. Dimensions: 86cm width x 89cm depth x 159cm height.
IKEA00549,BILLY,Table,45407,Simple design with clean Scandinavian lines.,Monika Mulder,83,75,70,"White, Green, Beige",True,3.6,227,Product Name: BILLY. Category: Table. Price: 45407. Description: Simple design with clean Scandinavian lines.. Designer: Monika Mulder. Dimensions: 70cm width x 83cm depth x 75cm height.
IKEA00550,LACK,Wardrobe,40922,Simple design with clean Scandinavian lines.,Monika Mulder,25,56,43,"Brown, Black, White",False,4.0,41,Product Name: LACK. Category: Wardrobe. Price: 40922. Description: Simple design with clean Scandinavian lines.. Designer: Monika Mulder. Dimensions: 43cm width x 25cm depth x 56cm height.
IKEA00551,HEMNES,Storage,39342,Affordable and stylish furniture for everyday use.,Henrik Preutz,73,80,113,"Oak, Blue, White",True,3.5,126,Product Name: HEMNES. Category: Storage. Price: 39342. Description: Affordable and stylish furniture for everyday use.. Designer: Henrik Preutz. Dimensions: 113cm width x 73cm depth x 80cm height.
IKEA00552,BRIMNES,Bookshelf,13603,Minimalist design suitable for modern homes.,Jon Karlsson,29,150,179,"Green, White, Oak",True,3.4,317,Product Name: BRIMNES. Category: Bookshelf. Price: 13603. Description: Minimalist design suitable for modern homes.. Designer: Jon Karlsson. Dimensions: 179cm width x 29cm depth x 150cm height.
IKEA00553,EKET,Table,25883,Durable furniture with practical storage space.,Jon Karlsson,78,214,79,"Beige, Brown, Black",True,3.3,359,Product Name: EKET. Category: Table. Price: 25883. Description: Durable furniture with practical storage space.. Designer: Jon Karlsson. Dimensions: 79cm width x 78cm depth x 214cm height.
IKEA00554,POANG,Sofa,18888,Compact furniture suitable for small apartments.,IKEA Design Team,79,147,137,"Brown, Blue, Green",True,4.8,314,Product Name: POANG. Category: Sofa. Price: 18888. Description: Compact furniture suitable for small apartments.. Designer: IKEA Design Team. Dimensions: 137cm width x 79cm depth x 147cm height.
IKEA00555,MALM,Dining Furniture,40576,Compact furniture suitable for small apartments.,Ola Wihlborg,90,88,52,"Blue, Green, Grey",False,4.7,115,Product Name: MALM. Category: Dining Furniture. Price: 40576. Description: Compact furniture suitable for small apartments.. Designer: Ola Wihlborg. Dimensions: 52cm width x 90cm depth x 88cm height.
IKEA00556,POANG,Storage,30826,Durable furniture with practical storage space.,IKEA Design Team,74,218,93,"Oak, Brown, Green",True,4.8,307,Product Name: POANG. Category: Storage. Price: 30826. Description: Durable furniture with practical storage space.. Designer: IKEA Design Team. Dimensions: 93cm width x 74cm depth x 218cm height.
IKEA00557,MALM,TV Unit,831,Minimalist design suitable for modern homes.,IKEA Design Team,25,150,159,"White, Oak, Grey",False,4.0,413,Product Name: MALM. Category: TV Unit. Price: 831. Description: Minimalist design suitable for modern homes.. Designer: IKEA Design Team. Dimensions: 159cm width x 25cm depth x 150cm height.
IKEA00558,BRIMNES,Chair,30150,Minimalist design suitable for modern homes.,Jon Karlsson,30,172,33,"Blue, Black, Green",True,3.6,336,Product Name: BRIMNES. Category: Chair. Price: 30150. Description: Minimalist design suitable for modern homes.. Designer: Jon Karlsson. Dimensions: 33cm width x 30cm depth x 172cm height.
IKEA00559,BILLY,Sofa,31942,Space-saving furniture with easy assembly.,Henrik Preutz,40,210,147,"White, Oak, Blue",True,4.7,212,Product Name: BILLY. Category: Sofa. Price: 31942. Description: Space-saving furniture with easy assembly.. Designer: Henrik Preutz. Dimensions: 147cm width x 40cm depth x 210cm height.
IKEA00560,MALM,Wardrobe,41577,Minimalist design suitable for modern homes.,IKEA Design Team,100,48,128,"Beige, Grey, White",True,3.9,143,Product Name: MALM. Category: Wardrobe. Price: 41577. Description: Minimalist design suitable for modern homes.. Designer: IKEA Design Team. Dimensions: 128cm width x 100cm depth x 48cm height.
IKEA00561,BRIMNES,TV Unit,36048,Affordable and stylish furniture for everyday use.,Jon Karlsson,30,188,115,"White, Grey, Beige",True,4.8,61,Product Name: BRIMNES. Category: TV Unit. Price: 36048. Description: Affordable and stylish furniture for everyday use.. Designer: Jon Karlsson. Dimensions: 115cm width x 30cm depth x 188cm height.
IKEA00562,PAX,Wardrobe,30996,Affordable and stylish furniture for everyday use.,IKEA Design Team,66,123,74,"Black, Grey, Beige",True,3.3,176,Product Name: PAX. Category: Wardrobe. Price: 30996. Description: Affordable and stylish furniture for everyday use.. Designer: IKEA Design Team. Dimensions: 74cm width x 66cm depth x 123cm height.
IKEA00563,HEMNES,Cabinet,7941,Space-saving furniture with easy assembly.,Monika Mulder,94,209,83,"Oak, Brown, Blue",True,4.0,221,Product Name: HEMNES. Category: Cabinet. Price: 7941. Description: Space-saving furniture with easy assembly.. Designer: Monika Mulder. Dimensions: 83cm width x 94cm depth x 209cm height.
IKEA00564,LACK,Sofa,4651,Durable furniture with practical storage space.,Henrik Preutz,77,154,158,"Black, Oak, Beige",True,3.9,193,Product Name: LACK. Category: Sofa. Price: 4651. Description: Durable furniture with practical storage space.. Designer: Henrik Preutz. Dimensions: 158cm width x 77cm depth x 154cm height.
IKEA00565,TROFAST,Dining Furniture,45930,Simple design with clean Scandinavian lines.,IKEA Design Team,44,147,52,"Black, Oak, Green",True,4.9,44,Product Name: TROFAST. Category: Dining Furniture. Price: 45930. Description: Simple design with clean Scandinavian lines.. Designer: IKEA Design Team. Dimensions: 52cm width x 44cm depth x 147cm height.
IKEA00566,BILLY,Table,18583,Modern Scandinavian furniture with a simple and functional design.,Jon Karlsson,83,68,82,"White, Brown, Oak",True,3.9,220,Product Name: BILLY. Category: Table. Price: 18583. Description: Modern Scandinavian furniture with a simple and functional design.. Designer: Jon Karlsson. Dimensions: 82cm width x 83cm depth x 68cm height.
IKEA00567,EKET,Dining Furniture,1906,Durable furniture with practical storage space.,Jon Karlsson,28,35,89,"Beige, Oak, Grey",True,4.3,407,Product Name: EKET. Category: Dining Furniture. Price: 1906. Description: Durable furniture with practical storage space.. Designer: Jon Karlsson. Dimensions: 89cm width x 28cm depth x 35cm height.
IKEA00568,BESTA,Storage,39385,Space-saving furniture with easy assembly.,Ola Wihlborg,90,143,147,"Grey, Green, Black",True,3.3,138,Product Name: BESTA. Category: Storage. Price: 39385. Description: Space-saving furniture with easy assembly.. Designer: Ola Wihlborg. Dimensions: 147cm width x 90cm depth x 143cm height.
IKEA00569,HEMNES,Storage,24871,Durable furniture with practical storage space.,IKEA Design Team,38,120,102,"Green, Black, Grey",True,4.4,151,Product Name: HEMNES. Category: Storage. Price: 24871. Description: Durable furniture with practical storage space.. Designer: IKEA Design Team. Dimensions: 102cm width x 38cm depth x 120cm height.
IKEA00570,MALM,Table,46905,Space-saving furniture with easy assembly.,Jon Karlsson,40,90,59,"White, Brown, Grey",True,3.9,194,Product Name: MALM. Category: Table. Price: 46905. Description: Space-saving furniture with easy assembly.. Designer: Jon Karlsson. Dimensions: 59cm width x 40cm depth x 90cm height.
IKEA00571,MALM,Desk,37362,Space-saving furniture with easy assembly.,IKEA Design Team,60,118,67,"Beige, Oak, Grey",True,4.1,67,Product Name: MALM. Category: Desk. Price: 37362. Description: Space-saving furniture with easy assembly.. Designer: IKEA Design Team. Dimensions: 67cm width x 60cm depth x 118cm height.
IKEA00572,KALLAX,Bookshelf,33228,Simple design with clean Scandinavian lines.,Jon Karlsson,78,111,69,"White, Beige, Grey",True,4.3,156,Product Name: KALLAX. Category: Bookshelf. Price: 33228. Description: Simple design with clean Scandinavian lines.. Designer: Jon Karlsson. Dimensions: 69cm width x 78cm depth x 111cm height.
IKEA00573,EKET,Bed,49923,Affordable and stylish furniture for everyday use.,Jon Karlsson,92,216,143,"Beige, Green, White",False,4.8,76,Product Name: EKET. Category: Bed. Price: 49923. Description: Affordable and stylish furniture for everyday use.. Designer: Jon Karlsson. Dimensions: 143cm width x 92cm depth x 216cm height.
IKEA00574,ALEX,Cabinet,8158,Durable furniture with practical storage space.,IKEA Design Team,71,188,86,"Green, Brown, White",True,3.1,333,Product Name: ALEX. Category: Cabinet. Price: 8158. Description: Durable furniture with practical storage space.. Designer: IKEA Design Team. Dimensions: 86cm width x 71cm depth x 188cm height.
IKEA00575,HEMNES,TV Unit,34999,Compact furniture suitable for small apartments.,Henrik Preutz,45,35,51,"Green, Beige, Blue",True,5.0,206,Product Name: HEMNES. Category: TV Unit. Price: 34999. Description: Compact furniture suitable for small apartments.. Designer: Henrik Preutz. Dimensions: 51cm width x 45cm depth x 35cm height.
IKEA00576,HEMNES,Storage,21323,Affordable and stylish furniture for everyday use.,Ola Wihlborg,85,44,200,"Beige, Oak, Black",False,3.7,195,Product Name: HEMNES. Category: Storage. Price: 21323. Description: Affordable and stylish furniture for everyday use.. Designer: Ola Wihlborg. Dimensions: 200cm width x 85cm depth x 44cm height.
IKEA00577,KALLAX,Bed,23103,Durable furniture with practical storage space.,Henrik Preutz,77,173,52,"Oak, Beige, Green",False,4.6,152,Product Name: KALLAX. Category: Bed. Price: 23103. Description: Durable furniture with practical storage space.. Designer: Henrik Preutz. Dimensions: 52cm width x 77cm depth x 173cm height.
IKEA00578,MALM,Bookshelf,48248,Minimalist design suitable for modern homes.,Jon Karlsson,95,183,52,"Brown, Black, Green",False,5.0,273,Product Name: MALM. Category: Bookshelf. Price: 48248. Description: Minimalist design suitable for modern homes.. Designer: Jon Karlsson. Dimensions: 52cm width x 95cm depth x 183cm height.
IKEA00579,BESTA,Chair,39209,Simple design with clean Scandinavian lines.,Monika Mulder,31,31,134,"Grey, Oak, Black",False,4.4,391,Product Name: BESTA. Category: Chair. Price: 39209. Description: Simple design with clean Scandinavian lines.. Designer: Monika Mulder. Dimensions: 134cm width x 31cm depth x 31cm height.
IKEA00580,MALM,Desk,12689,Simple design with clean Scandinavian lines.,Monika Mulder,57,171,155,"White, Blue, Brown",True,4.0,383,Product Name: MALM. Category: Desk. Price: 12689. Description: Simple design with clean Scandinavian lines.. Designer: Monika Mulder. Dimensions: 155cm width x 57cm depth x 171cm height.
IKEA00581,EKET,Desk,2257,Simple design with clean Scandinavian lines.,IKEA Design Team,39,97,106,"Green, White, Beige",True,3.8,256,Product Name: EKET. Category: Desk. Price: 2257. Description: Simple design with clean Scandinavian lines.. Designer: IKEA Design Team. Dimensions: 106cm width x 39cm depth x 97cm height.
IKEA00582,BRIMNES,Dining Furniture,16538,Modern Scandinavian furniture with a simple and functional design.,IKEA Design Team,55,156,47,"Beige, Grey, Oak",False,4.7,326,Product Name: BRIMNES. Category: Dining Furniture. Price: 16538. Description: Modern Scandinavian furniture with a simple and functional design.. Designer: IKEA Design Team. Dimensions: 47cm width x 55cm depth x 156cm height.
IKEA00583,ALEX,Storage,45997,Simple design with clean Scandinavian lines.,IKEA Design Team,67,161,177,"White, Blue, Brown",True,4.2,79,Product Name: ALEX. Category: Storage. Price: 45997. Description: Simple design with clean Scandinavian lines.. Designer: IKEA Design Team. Dimensions: 177cm width x 67cm depth x 161cm height.
IKEA00584,BESTA,Storage,45933,Compact furniture suitable for small apartments.,Henrik Preutz,40,43,99,"Beige, Oak, Green",True,3.1,154,Product Name: BESTA. Category: Storage. Price: 45933. Description: Compact furniture suitable for small apartments.. Designer: Henrik Preutz. Dimensions: 99cm width x 40cm depth x 43cm height.
IKEA00585,MICKE,Dining Furniture,5533,Affordable and stylish furniture for everyday use.,Jon Karlsson,100,76,54,"Brown, Grey, Green",True,4.7,355,Product Name: MICKE. Category: Dining Furniture. Price: 5533. Description: Affordable and stylish furniture for everyday use.. Designer: Jon Karlsson. Dimensions: 54cm width x 100cm depth x 76cm height.
IKEA00586,TROFAST,Bed,18289,Space-saving furniture with easy assembly.,Henrik Preutz,32,166,178,"Beige, Blue, Black",True,3.3,149,Product Name: TROFAST. Category: Bed. Price: 18289. Description: Space-saving furniture with easy assembly.. Designer: Henrik Preutz. Dimensions: 178cm width x 32cm depth x 166cm height.
IKEA00587,BESTA,Storage,27499,Durable furniture with practical storage space.,Jon Karlsson,33,85,69,"Oak, Blue, Black",True,3.8,474,Product Name: BESTA. Category: Storage. Price: 27499. Description: Durable furniture with practical storage space.. Designer: Jon Karlsson. Dimensions: 69cm width x 33cm depth x 85cm height.
IKEA00588,BILLY,Chair,9099,Modern Scandinavian furniture with a simple and functional design.,Monika Mulder,64,109,122,"Brown, Blue, Oak",True,3.3,160,Product Name: BILLY. Category: Chair. Price: 9099. Description: Modern Scandinavian furniture with a simple and functional design.. Designer: Monika Mulder. Dimensions: 122cm width x 64cm depth x 109cm height.
IKEA00589,KALLAX,Chair,15071,Compact furniture suitable for small apartments.,Jon Karlsson,49,108,62,"Oak, Black, White",False,4.4,406,Product Name: KALLAX. Category: Chair. Price: 15071. Description: Compact furniture suitable for small apartments.. Designer: Jon Karlsson. Dimensions: 62cm width x 49cm depth x 108cm height.
IKEA00590,BILLY,Chair,1731,Simple design with clean Scandinavian lines.,Monika Mulder,75,40,80,"Black, White, Beige",True,3.9,470,Product Name: BILLY. Category: Chair. Price: 1731. Description: Simple design with clean Scandinavian lines.. Designer: Monika Mulder. Dimensions: 80cm width x 75cm depth x 40cm height.
IKEA00591,LACK,Sofa,4840,Durable furniture with practical storage space.,IKEA Design Team,32,61,184,"Oak, Grey, Black",True,4.3,19,Product Name: LACK. Category: Sofa. Price: 4840. Description: Durable furniture with practical storage space.. Designer: IKEA Design Team. Dimensions: 184cm width x 32cm depth x 61cm height.
IKEA00592,BILLY,Table,49401,Durable furniture with practical storage space.,Ola Wihlborg,64,120,71,"Oak, Grey, Blue",True,3.2,301,Product Name: BILLY. Category: Table. Price: 49401. Description: Durable furniture with practical storage space.. Designer: Ola Wihlborg. Dimensions: 71cm width x 64cm depth x 120cm height.
IKEA00593,TROFAST,Sofa,35156,Compact furniture suitable for small apartments.,Jon Karlsson,56,73,167,"White, Beige, Green",True,4.8,440,Product Name: TROFAST. Category: Sofa. Price: 35156. Description: Compact furniture suitable for small apartments.. Designer: Jon Karlsson. Dimensions: 167cm width x 56cm depth x 73cm height.
IKEA00594,BRIMNES,Storage,24515,Space-saving furniture with easy assembly.,Ola Wihlborg,43,142,57,"Brown, Blue, Green",False,3.8,268,Product Name: BRIMNES. Category: Storage. Price: 24515. Description: Space-saving furniture with easy assembly.. Designer: Ola Wihlborg. Dimensions: 57cm width x 43cm depth x 142cm height.
IKEA00595,HEMNES,Bookshelf,7894,Simple design with clean Scandinavian lines.,Henrik Preutz,35,149,58,"Brown, Oak, Green",True,4.1,25,Product Name: HEMNES. Category: Bookshelf. Price: 7894. Description: Simple design with clean Scandinavian lines.. Designer: Henrik Preutz. Dimensions: 58cm width x 35cm depth x 149cm height.
IKEA00596,BILLY,Wardrobe,32854,Modern Scandinavian furniture with a simple and functional design.,Monika Mulder,56,146,183,"Grey, Beige, Oak",True,4.1,153,Product Name: BILLY. Category: Wardrobe. Price: 32854. Description: Modern Scandinavian furniture with a simple and functional design.. Designer: Monika Mulder. Dimensions: 183cm width x 56cm depth x 146cm height.
IKEA00597,IVAR,Bookshelf,12871,Simple design with clean Scandinavian lines.,IKEA Design Team,80,203,124,"Brown, White, Beige",False,4.3,207,Product Name: IVAR. Category: Bookshelf. Price: 12871. Description: Simple design with clean Scandinavian lines.. Designer: IKEA Design Team. Dimensions: 124cm width x 80cm depth x 203cm height.
IKEA00598,EKET,Cabinet,43657,Space-saving furniture with easy assembly.,IKEA Design Team,35,66,131,"Blue, Beige, Grey",True,4.5,461,Product Name: EKET. Category: Cabinet. Price: 43657. Description: Space-saving furniture with easy assembly.. Designer: IKEA Design Team. Dimensions: 131cm width x 35cm depth x 66cm height.
IKEA00599,MALM,Chair,24335,Compact furniture suitable for small apartments.,Henrik Preutz,45,182,133,"Black, Green, Oak",False,3.6,370,Product Name: MALM. Category: Chair. Price: 24335. Description: Compact furniture suitable for small apartments.. Designer: Henrik Preutz. Dimensions: 133cm width x 45cm depth x 182cm height.
IKEA00600,TROFAST,TV Unit,39404,Durable furniture with practical storage space.,Monika Mulder,65,151,200,"Blue, Oak, Grey",True,3.3,237,Product Name: TROFAST. Category: TV Unit. Price: 39404. Description: Durable furniture with practical storage space.. Designer: Monika Mulder. Dimensions: 200cm width x 65cm depth x 151cm height.
IKEA00601,BILLY,Chair,16928,Minimalist design suitable for modern homes.,Monika Mulder,49,190,64,"White, Green, Beige",True,4.7,260,Product Name: BILLY. Category: Chair. Price: 16928. Description: Minimalist design suitable for modern homes.. Designer: Monika Mulder. Dimensions: 64cm width x 49cm depth x 190cm height.
IKEA00602,ALEX,Sofa,12236,Minimalist design suitable for modern homes.,Ola Wihlborg,61,69,107,"Black, Blue, White",False,4.6,108,Product Name: ALEX. Category: Sofa. Price: 12236. Description: Minimalist design suitable for modern homes.. Designer: Ola Wihlborg. Dimensions: 107cm width x 61cm depth x 69cm height.
IKEA00603,LACK,Dining Furniture,33129,Minimalist design suitable for modern homes.,Ola Wihlborg,53,168,117,"White, Blue, Green",False,4.8,65,Product Name: LACK. Category: Dining Furniture. Price: 33129. Description: Minimalist design suitable for modern homes.. Designer: Ola Wihlborg. Dimensions: 117cm width x 53cm depth x 168cm height.
IKEA00604,PAX,Storage,21113,Simple design with clean Scandinavian lines.,Monika Mulder,76,147,39,"White, Black, Grey",True,4.8,89,Product Name: PAX. Category: Storage. Price: 21113. Description: Simple design with clean Scandinavian lines.. Designer: Monika Mulder. Dimensions: 39cm width x 76cm depth x 147cm height.
IKEA00605,EKET,Bookshelf,9312,Durable furniture with practical storage space.,Monika Mulder,82,58,175,"Green, Beige, Grey",False,4.0,442,Product Name: EKET. Category: Bookshelf. Price: 9312. Description: Durable furniture with practical storage space.. Designer: Monika Mulder. Dimensions: 175cm width x 82cm depth x 58cm height.
IKEA00606,MALM,Cabinet,4151,Minimalist design suitable for modern homes.,Henrik Preutz,83,181,126,"Beige, Blue, Brown",True,3.1,307,Product Name: MALM. Category: Cabinet. Price: 4151. Description: Minimalist design suitable for modern homes.. Designer: Henrik Preutz. Dimensions: 126cm width x 83cm depth x 181cm height.
IKEA00607,KALLAX,Table,24512,Durable furniture with practical storage space.,Ola Wihlborg,23,190,117,"Blue, White, Oak",True,5.0,215,Product Name: KALLAX. Category: Table. Price: 24512. Description: Durable furniture with practical storage space.. Designer: Ola Wihlborg. Dimensions: 117cm width x 23cm depth x 190cm height.
IKEA00608,BESTA,Sofa,43834,Compact furniture suitable for small apartments.,Jon Karlsson,50,195,109,"Black, Beige, White",True,3.2,91,Product Name: BESTA. Category: Sofa. Price: 43834. Description: Compact furniture suitable for small apartments.. Designer: Jon Karlsson. Dimensions: 109cm width x 50cm depth x 195cm height.
IKEA00609,KALLAX,Cabinet,21871,Modern Scandinavian furniture with a simple and functional design.,Monika Mulder,74,175,161,"Blue, Brown, White",False,4.2,167,Product Name: KALLAX. Category: Cabinet. Price: 21871. Description: Modern Scandinavian furniture with a simple and functional design.. Designer: Monika Mulder. Dimensions: 161cm width x 74cm depth x 175cm height.
IKEA00610,PAX,TV Unit,26077,Durable furniture with practical storage space.,Ola Wihlborg,32,155,55,"Oak, Brown, Green",True,3.3,158,Product Name: PAX. Category: TV Unit. Price: 26077. Description: Durable furniture with practical storage space.. Designer: Ola Wihlborg. Dimensions: 55cm width x 32cm depth x 155cm height.
IKEA00611,BESTA,Bookshelf,13721,Minimalist design suitable for modern homes.,IKEA Design Team,88,84,103,"Grey, White, Brown",False,4.6,324,Product Name: BESTA. Category: Bookshelf. Price: 13721. Description: Minimalist design suitable for modern homes.. Designer: IKEA Design Team. Dimensions: 103cm width x 88cm depth x 84cm height.
IKEA00612,BRIMNES,Chair,47534,Simple design with clean Scandinavian lines.,Ola Wihlborg,32,181,116,"Grey, White, Green",False,3.9,182,Product Name: BRIMNES. Category: Chair. Price: 47534. Description: Simple design with clean Scandinavian lines.. Designer: Ola Wihlborg. Dimensions: 116cm width x 32cm depth x 181cm height.
IKEA00613,TROFAST,Chair,43198,Simple design with clean Scandinavian lines.,Henrik Preutz,84,106,140,"Beige, Black, Oak",False,3.5,268,Product Name: TROFAST. Category: Chair. Price: 43198. Description: Simple design with clean Scandinavian lines.. Designer: Henrik Preutz. Dimensions: 140cm width x 84cm depth x 106cm height.
IKEA00614,EKET,Dining Furniture,36384,Compact furniture suitable for small apartments.,IKEA Design Team,100,210,162,"Brown, Grey, Oak",True,4.3,426,Product Name: EKET. Category: Dining Furniture. Price: 36384. Description: Compact furniture suitable for small apartments.. Designer: IKEA Design Team. Dimensions: 162cm width x 100cm depth x 210cm height.
IKEA00615,BRIMNES,Storage,18058,Space-saving furniture with easy assembly.,Ola Wihlborg,98,141,174,"White, Grey, Black",True,3.9,128,Product Name: BRIMNES. Category: Storage. Price: 18058. Description: Space-saving furniture with easy assembly.. Designer: Ola Wihlborg. Dimensions: 174cm width x 98cm depth x 141cm height.
IKEA00616,MALM,Dining Furniture,20177,Simple design with clean Scandinavian lines.,Monika Mulder,72,111,46,"Oak, Blue, Green",True,4.6,335,Product Name: MALM. Category: Dining Furniture. Price: 20177. Description: Simple design with clean Scandinavian lines.. Designer: Monika Mulder. Dimensions: 46cm width x 72cm depth x 111cm height.
IKEA00617,MALM,Bed,45512,Affordable and stylish furniture for everyday use.,Jon Karlsson,71,91,59,"Brown, Black, White",True,4.6,163,Product Name: MALM. Category: Bed. Price: 45512. Description: Affordable and stylish furniture for everyday use.. Designer: Jon Karlsson. Dimensions: 59cm width x 71cm depth x 91cm height.
IKEA00618,EKET,Storage,37187,Minimalist design suitable for modern homes.,Monika Mulder,24,81,70,"Grey, Black, White",True,4.6,147,Product Name: EKET. Category: Storage. Price: 37187. Description: Minimalist design suitable for modern homes.. Designer: Monika Mulder. Dimensions: 70cm width x 24cm depth x 81cm height.
IKEA00619,ALEX,Cabinet,12032,Space-saving furniture with easy assembly.,IKEA Design Team,82,35,44,"Black, Brown, Grey",True,4.7,466,Product Name: ALEX. Category: Cabinet. Price: 12032. Description: Space-saving furniture with easy assembly.. Designer: IKEA Design Team. Dimensions: 44cm width x 82cm depth x 35cm height.
IKEA00620,PAX,Wardrobe,44517,Space-saving furniture with easy assembly.,IKEA Design Team,70,215,65,"Oak, White, Grey",True,4.0,429,Product Name: PAX. Category: Wardrobe. Price: 44517. Description: Space-saving furniture with easy assembly.. Designer: IKEA Design Team. Dimensions: 65cm width x 70cm depth x 215cm height.
IKEA00621,POANG,Cabinet,17001,Minimalist design suitable for modern homes.,IKEA Design Team,50,183,61,"Beige, Brown, Grey",False,4.6,385,Product Name: POANG. Category: Cabinet. Price: 17001. Description: Minimalist design suitable for modern homes.. Designer: IKEA Design Team. Dimensions: 61cm width x 50cm depth x 183cm height.
IKEA00622,HEMNES,Bookshelf,14786,Compact furniture suitable for small apartments.,IKEA Design Team,42,84,100,"Green, Oak, Brown",True,4.0,196,Product Name: HEMNES. Category: Bookshelf. Price: 14786. Description: Compact furniture suitable for small apartments.. Designer: IKEA Design Team. Dimensions: 100cm width x 42cm depth x 84cm height.
IKEA00623,BRIMNES,Chair,21240,Affordable and stylish furniture for everyday use.,Monika Mulder,80,204,93,"Grey, Blue, Black",True,4.0,193,Product Name: BRIMNES. Category: Chair. Price: 21240. Description: Affordable and stylish furniture for everyday use.. Designer: Monika Mulder. Dimensions: 93cm width x 80cm depth x 204cm height.
IKEA00624,IVAR,Bed,1880,Space-saving furniture with easy assembly.,Ola Wihlborg,24,219,199,"White, Beige, Blue",True,3.5,201,Product Name: IVAR. Category: Bed. Price: 1880. Description: Space-saving furniture with easy assembly.. Designer: Ola Wihlborg. Dimensions: 199cm width x 24cm depth x 219cm height.
IKEA00625,LACK,Dining Furniture,46414,Durable furniture with practical storage space.,IKEA Design Team,88,90,143,"Blue, White, Oak",True,3.6,484,Product Name: LACK. Category: Dining Furniture. Price: 46414. Description: Durable furniture with practical storage space.. Designer: IKEA Design Team. Dimensions: 143cm width x 88cm depth x 90cm height.
IKEA00626,IVAR,Desk,19990,Compact furniture suitable for small apartments.,Jon Karlsson,76,191,111,"Blue, Green, White",True,4.7,426,Product Name: IVAR. Category: Desk. Price: 19990. Description: Compact furniture suitable for small apartments.. Designer: Jon Karlsson. Dimensions: 111cm width x 76cm depth x 191cm height.
IKEA00627,TROFAST,Storage,31372,Space-saving furniture with easy assembly.,Monika Mulder,62,213,138,"Black, Blue, Green",True,4.0,185,Product Name: TROFAST. Category: Storage. Price: 31372. Description: Space-saving furniture with easy assembly.. Designer: Monika Mulder. Dimensions: 138cm width x 62cm depth x 213cm height.
IKEA00628,PAX,TV Unit,48289,Simple design with clean Scandinavian lines.,Ola Wihlborg,61,146,37,"White, Beige, Blue",True,4.3,410,Product Name: PAX. Category: TV Unit. Price: 48289. Description: Simple design with clean Scandinavian lines.. Designer: Ola Wihlborg. Dimensions: 37cm width x 61cm depth x 146cm height.
IKEA00629,ALEX,Table,700,Minimalist design suitable for modern homes.,Jon Karlsson,100,108,110,"Black, White, Green",True,4.0,398,Product Name: ALEX. Category: Table. Price: 700. Description: Minimalist design suitable for modern homes.. Designer: Jon Karlsson. Dimensions: 110cm width x 100cm depth x 108cm height.
IKEA00630,IVAR,Dining Furniture,9024,Simple design with clean Scandinavian lines.,Ola Wihlborg,72,111,145,"Green, Blue, Beige",True,3.5,356,Product Name: IVAR. Category: Dining Furniture. Price: 9024. Description: Simple design with clean Scandinavian lines.. Designer: Ola Wihlborg. Dimensions: 145cm width x 72cm depth x 111cm height.
IKEA00631,POANG,Wardrobe,18966,Compact furniture suitable for small apartments.,IKEA Design Team,73,124,76,"Blue, Oak, Grey",True,3.0,16,Product Name: POANG. Category: Wardrobe. Price: 18966. Description: Compact furniture suitable for small apartments.. Designer: IKEA Design Team. Dimensions: 76cm width x 73cm depth x 124cm height.
IKEA00632,MICKE,Dining Furniture,40607,Space-saving furniture with easy assembly.,Jon Karlsson,31,148,80,"Grey, Beige, Black",True,3.8,224,Product Name: MICKE. Category: Dining Furniture. Price: 40607. Description: Space-saving furniture with easy assembly.. Designer: Jon Karlsson. Dimensions: 80cm width x 31cm depth x 148cm height.
IKEA00633,POANG,Bed,10280,Modern Scandinavian furniture with a simple and functional design.,Henrik Preutz,41,175,60,"White, Beige, Grey",False,4.5,480,Product Name: POANG. Category: Bed. Price: 10280. Description: Modern Scandinavian furniture with a simple and functional design.. Designer: Henrik Preutz. Dimensions: 60cm width x 41cm depth x 175cm height.
IKEA00634,EKET,Dining Furniture,32883,Modern Scandinavian furniture with a simple and functional design.,Jon Karlsson,46,78,98,"Grey, Beige, Oak",False,3.3,443,Product Name: EKET. Category: Dining Furniture. Price: 32883. Description: Modern Scandinavian furniture with a simple and functional design.. Designer: Jon Karlsson. Dimensions: 98cm width x 46cm depth x 78cm height.
IKEA00635,HEMNES,TV Unit,14626,Simple design with clean Scandinavian lines.,Henrik Preutz,44,137,76,"Blue, Green, Black",True,3.6,139,Product Name: HEMNES. Category: TV Unit. Price: 14626. Description: Simple design with clean Scandinavian lines.. Designer: Henrik Preutz. Dimensions: 76cm width x 44cm depth x 137cm height.
IKEA00636,HEMNES,TV Unit,30054,Compact furniture suitable for small apartments.,Henrik Preutz,94,205,195,"Green, White, Blue",False,3.3,170,Product Name: HEMNES. Category: TV Unit. Price: 30054. Description: Compact furniture suitable for small apartments.. Designer: Henrik Preutz. Dimensions: 195cm width x 94cm depth x 205cm height.
IKEA00637,BRIMNES,Bookshelf,45512,Compact furniture suitable for small apartments.,Monika Mulder,74,218,182,"Grey, White, Blue",True,3.1,481,Product Name: BRIMNES. Category: Bookshelf. Price: 45512. Description: Compact furniture suitable for small apartments.. Designer: Monika Mulder. Dimensions: 182cm width x 74cm depth x 218cm height.
IKEA00638,HEMNES,Storage,23718,Affordable and stylish furniture for everyday use.,Ola Wihlborg,25,31,94,"Blue, Brown, Oak",True,3.3,461,Product Name: HEMNES. Category: Storage. Price: 23718. Description: Affordable and stylish furniture for everyday use.. Designer: Ola Wihlborg. Dimensions: 94cm width x 25cm depth x 31cm height.
IKEA00639,MICKE,Sofa,38541,Compact furniture suitable for small apartments.,Henrik Preutz,41,158,156,"Beige, Oak, Black",True,3.6,276,Product Name: MICKE. Category: Sofa. Price: 38541. Description: Compact furniture suitable for small apartments.. Designer: Henrik Preutz. Dimensions: 156cm width x 41cm depth x 158cm height.
IKEA00640,PAX,Table,17564,Modern Scandinavian furniture with a simple and functional design.,Henrik Preutz,25,62,157,"Grey, Beige, Brown",False,3.6,453,Product Name: PAX. Category: Table. Price: 17564. Description: Modern Scandinavian furniture with a simple and functional design.. Designer: Henrik Preutz. Dimensions: 157cm width x 25cm depth x 62cm height.
IKEA00641,LACK,TV Unit,17784,Affordable and stylish furniture for everyday use.,Henrik Preutz,75,72,110,"Green, Blue, Black",False,3.1,81,Product Name: LACK. Category: TV Unit. Price: 17784. Description: Affordable and stylish furniture for everyday use.. Designer: Henrik Preutz. Dimensions: 110cm width x 75cm depth x 72cm height.
IKEA00642,KALLAX,Desk,12501,Modern Scandinavian furniture with a simple and functional design.,Monika Mulder,53,71,149,"Blue, White, Oak",True,3.9,368,Product Name: KALLAX. Category: Desk. Price: 12501. Description: Modern Scandinavian furniture with a simple and functional design.. Designer: Monika Mulder. Dimensions: 149cm width x 53cm depth x 71cm height.
IKEA00643,MICKE,Storage,30498,Minimalist design suitable for modern homes.,IKEA Design Team,38,61,119,"Black, Green, Brown",True,4.7,388,Product Name: MICKE. Category: Storage. Price: 30498. Description: Minimalist design suitable for modern homes.. Designer: IKEA Design Team. Dimensions: 119cm width x 38cm depth x 61cm height.
IKEA00644,MICKE,Bed,37411,Space-saving furniture with easy assembly.,Ola Wihlborg,47,179,31,"Brown, Oak, White",True,4.5,351,Product Name: MICKE. Category: Bed. Price: 37411. Description: Space-saving furniture with easy assembly.. Designer: Ola Wihlborg. Dimensions: 31cm width x 47cm depth x 179cm height.
IKEA00645,BILLY,Wardrobe,2200,Durable furniture with practical storage space.,IKEA Design Team,70,125,181,"Black, Blue, Brown",True,3.1,240,Product Name: BILLY. Category: Wardrobe. Price: 2200. Description: Durable furniture with practical storage space.. Designer: IKEA Design Team. Dimensions: 181cm width x 70cm depth x 125cm height.
IKEA00646,IVAR,Dining Furniture,31946,Minimalist design suitable for modern homes.,Henrik Preutz,96,198,31,"Beige, White, Green",False,3.6,379,Product Name: IVAR. Category: Dining Furniture. Price: 31946. Description: Minimalist design suitable for modern homes.. Designer: Henrik Preutz. Dimensions: 31cm width x 96cm depth x 198cm height.
IKEA00647,BRIMNES,TV Unit,8974,Compact furniture suitable for small apartments.,IKEA Design Team,56,112,44,"Black, Grey, Blue",False,3.2,135,Product Name: BRIMNES. Category: TV Unit. Price: 8974. Description: Compact furniture suitable for small apartments.. Designer: IKEA Design Team. Dimensions: 44cm width x 56cm depth x 112cm height.
IKEA00648,MALM,Desk,26642,Modern Scandinavian furniture with a simple and functional design.,IKEA Design Team,46,71,129,"Blue, Brown, Beige",True,3.2,256,Product Name: MALM. Category: Desk. Price: 26642. Description: Modern Scandinavian furniture with a simple and functional design.. Designer: IKEA Design Team. Dimensions: 129cm width x 46cm depth x 71cm height.
IKEA00649,TROFAST,Bookshelf,48726,Simple design with clean Scandinavian lines.,Henrik Preutz,97,63,121,"Black, Blue, Brown",True,4.0,458,Product Name: TROFAST. Category: Bookshelf. Price: 48726. Description: Simple design with clean Scandinavian lines.. Designer: Henrik Preutz. Dimensions: 121cm width x 97cm depth x 63cm height.
IKEA00650,PAX,Storage,18094,Affordable and stylish furniture for everyday use.,Ola Wihlborg,74,53,138,"Beige, Grey, Black",False,4.3,52,Product Name: PAX. Category: Storage. Price: 18094. Description: Affordable and stylish furniture for everyday use.. Designer: Ola Wihlborg. Dimensions: 138cm width x 74cm depth x 53cm height.
IKEA00651,KALLAX,Cabinet,22895,Minimalist design suitable for modern homes.,Jon Karlsson,39,156,164,"Black, Brown, Oak",False,3.2,415,Product Name: KALLAX. Category: Cabinet. Price: 22895. Description: Minimalist design suitable for modern homes.. Designer: Jon Karlsson. Dimensions: 164cm width x 39cm depth x 156cm height.
IKEA00652,EKET,Bed,10238,Compact furniture suitable for small apartments.,Henrik Preutz,51,163,139,"Grey, Green, White",True,4.8,267,Product Name: EKET. Category: Bed. Price: 10238. Description: Compact furniture suitable for small apartments.. Designer: Henrik Preutz. Dimensions: 139cm width x 51cm depth x 163cm height.
IKEA00653,BILLY,Cabinet,28346,Minimalist design suitable for modern homes.,IKEA Design Team,79,199,175,"Grey, Brown, Blue",True,4.5,13,Product Name: BILLY. Category: Cabinet. Price: 28346. Description: Minimalist design suitable for modern homes.. Designer: IKEA Design Team. Dimensions: 175cm width x 79cm depth x 199cm height.
IKEA00654,BILLY,Dining Furniture,30834,Compact furniture suitable for small apartments.,Jon Karlsson,70,41,51,"Blue, Beige, Brown",True,4.2,237,Product Name: BILLY. Category: Dining Furniture. Price: 30834. Description: Compact furniture suitable for small apartments.. Designer: Jon Karlsson. Dimensions: 51cm width x 70cm depth x 41cm height.
IKEA00655,TROFAST,Dining Furniture,29986,Affordable and stylish furniture for everyday use.,Henrik Preutz,63,77,84,"Brown, White, Beige",True,4.7,59,Product Name: TROFAST. Category: Dining Furniture. Price: 29986. Description: Affordable and stylish furniture for everyday use.. Designer: Henrik Preutz. Dimensions: 84cm width x 63cm depth x 77cm height.
IKEA00656,PAX,Cabinet,1673,Modern Scandinavian furniture with a simple and functional design.,Monika Mulder,34,33,73,"Green, Oak, Beige",False,4.7,499,Product Name: PAX. Category: Cabinet. Price: 1673. Description: Modern Scandinavian furniture with a simple and functional design.. Designer: Monika Mulder. Dimensions: 73cm width x 34cm depth x 33cm height.
IKEA00657,BRIMNES,TV Unit,48072,Minimalist design suitable for modern homes.,Henrik Preutz,99,187,122,"Blue, Green, Brown",True,3.3,12,Product Name: BRIMNES. Category: TV Unit. Price: 48072. Description: Minimalist design suitable for modern homes.. Designer: Henrik Preutz. Dimensions: 122cm width x 99cm depth x 187cm height.
IKEA00658,HEMNES,Chair,1540,Space-saving furniture with easy assembly.,Jon Karlsson,23,83,153,"Brown, Beige, Black",False,4.7,444,Product Name: HEMNES. Category: Chair. Price: 1540. Description: Space-saving furniture with easy assembly.. Designer: Jon Karlsson. Dimensions: 153cm width x 23cm depth x 83cm height.
IKEA00659,TROFAST,Cabinet,13010,Modern Scandinavian furniture with a simple and functional design.,Henrik Preutz,79,67,151,"Blue, White, Green",True,4.8,383,Product Name: TROFAST. Category: Cabinet. Price: 13010. Description: Modern Scandinavian furniture with a simple and functional design.. Designer: Henrik Preutz. Dimensions: 151cm width x 79cm depth x 67cm height.
IKEA00660,BRIMNES,Storage,32287,Minimalist design suitable for modern homes.,IKEA Design Team,77,179,92,"Oak, Brown, Grey",False,3.1,9,Product Name: BRIMNES. Category: Storage. Price: 32287. Description: Minimalist design suitable for modern homes.. Designer: IKEA Design Team. Dimensions: 92cm width x 77cm depth x 179cm height.
IKEA00661,BILLY,Dining Furniture,47232,Minimalist design suitable for modern homes.,Monika Mulder,83,218,178,"Grey, White, Oak",False,4.0,307,Product Name: BILLY. Category: Dining Furniture. Price: 47232. Description: Minimalist design suitable for modern homes.. Designer: Monika Mulder. Dimensions: 178cm width x 83cm depth x 218cm height.
IKEA00662,BRIMNES,TV Unit,44976,Simple design with clean Scandinavian lines.,Monika Mulder,49,212,45,"White, Oak, Grey",True,4.1,142,Product Name: BRIMNES. Category: TV Unit. Price: 44976. Description: Simple design with clean Scandinavian lines.. Designer: Monika Mulder. Dimensions: 45cm width x 49cm depth x 212cm height.
IKEA00663,ALEX,Bookshelf,31519,Modern Scandinavian furniture with a simple and functional design.,Monika Mulder,99,195,118,"Green, Beige, Oak",True,3.3,376,Product Name: ALEX. Category: Bookshelf. Price: 31519. Description: Modern Scandinavian furniture with a simple and functional design.. Designer: Monika Mulder. Dimensions: 118cm width x 99cm depth x 195cm height.
IKEA00664,HEMNES,Storage,23033,Minimalist design suitable for modern homes.,Jon Karlsson,84,86,180,"Beige, Grey, Green",False,3.3,155,Product Name: HEMNES. Category: Storage. Price: 23033. Description: Minimalist design suitable for modern homes.. Designer: Jon Karlsson. Dimensions: 180cm width x 84cm depth x 86cm height.
IKEA00665,BRIMNES,Bookshelf,27818,Simple design with clean Scandinavian lines.,Henrik Preutz,80,71,189,"Oak, Brown, Beige",True,4.3,71,Product Name: BRIMNES. Category: Bookshelf. Price: 27818. Description: Simple design with clean Scandinavian lines.. Designer: Henrik Preutz. Dimensions: 189cm width x 80cm depth x 71cm height.
IKEA00666,MALM,Desk,10743,Affordable and stylish furniture for everyday use.,Monika Mulder,32,136,156,"Grey, Black, Blue",True,5.0,188,Product Name: MALM. Category: Desk. Price: 10743. Description: Affordable and stylish furniture for everyday use.. Designer: Monika Mulder. Dimensions: 156cm width x 32cm depth x 136cm height.
IKEA00667,LACK,Wardrobe,44862,Compact furniture suitable for small apartments.,Jon Karlsson,84,38,46,"Beige, Oak, White",True,3.2,119,Product Name: LACK. Category: Wardrobe. Price: 44862. Description: Compact furniture suitable for small apartments.. Designer: Jon Karlsson. Dimensions: 46cm width x 84cm depth x 38cm height.
IKEA00668,EKET,Bed,22802,Simple design with clean Scandinavian lines.,Henrik Preutz,25,172,98,"Brown, Blue, Beige",True,4.4,479,Product Name: EKET. Category: Bed. Price: 22802. Description: Simple design with clean Scandinavian lines.. Designer: Henrik Preutz. Dimensions: 98cm width x 25cm depth x 172cm height.
IKEA00669,EKET,Storage,7768,Modern Scandinavian furniture with a simple and functional design.,Ola Wihlborg,98,56,173,"White, Grey, Green",True,4.3,450,Product Name: EKET. Category: Storage. Price: 7768. Description: Modern Scandinavian furniture with a simple and functional design.. Designer: Ola Wihlborg. Dimensions: 173cm width x 98cm depth x 56cm height.
IKEA00670,HEMNES,Wardrobe,10790,Space-saving furniture with easy assembly.,Henrik Preutz,76,159,157,"Black, Green, Beige",True,3.7,75,Product Name: HEMNES. Category: Wardrobe. Price: 10790. Description: Space-saving furniture with easy assembly.. Designer: Henrik Preutz. Dimensions: 157cm width x 76cm depth x 159cm height.
IKEA00671,BILLY,Desk,29276,Minimalist design suitable for modern homes.,IKEA Design Team,51,151,117,"Grey, Green, Black",True,3.5,371,Product Name: BILLY. Category: Desk. Price: 29276. Description: Minimalist design suitable for modern homes.. Designer: IKEA Design Team. Dimensions: 117cm width x 51cm depth x 151cm height.
IKEA00672,TROFAST,Bookshelf,24134,Space-saving furniture with easy assembly.,Jon Karlsson,39,165,137,"Oak, Black, Green",False,4.8,464,Product Name: TROFAST. Category: Bookshelf. Price: 24134. Description: Space-saving furniture with easy assembly.. Designer: Jon Karlsson. Dimensions: 137cm width x 39cm depth x 165cm height.
IKEA00673,EKET,Cabinet,45207,Durable furniture with practical storage space.,IKEA Design Team,76,67,32,"Black, White, Brown",True,3.8,400,Product Name: EKET. Category: Cabinet. Price: 45207. Description: Durable furniture with practical storage space.. Designer: IKEA Design Team. Dimensions: 32cm width x 76cm depth x 67cm height.
IKEA00674,MALM,Bookshelf,4527,Minimalist design suitable for modern homes.,IKEA Design Team,39,177,44,"Grey, Oak, Blue",True,4.4,165,Product Name: MALM. Category: Bookshelf. Price: 4527. Description: Minimalist design suitable for modern homes.. Designer: IKEA Design Team. Dimensions: 44cm width x 39cm depth x 177cm height.
IKEA00675,BESTA,Sofa,18834,Affordable and stylish furniture for everyday use.,Ola Wihlborg,38,209,133,"Green, Beige, Black",False,4.4,459,Product Name: BESTA. Category: Sofa. Price: 18834. Description: Affordable and stylish furniture for everyday use.. Designer: Ola Wihlborg. Dimensions: 133cm width x 38cm depth x 209cm height.
IKEA00676,TROFAST,Dining Furniture,27008,Simple design with clean Scandinavian lines.,Jon Karlsson,58,51,39,"Beige, Oak, Green",True,4.0,281,Product Name: TROFAST. Category: Dining Furniture. Price: 27008. Description: Simple design with clean Scandinavian lines.. Designer: Jon Karlsson. Dimensions: 39cm width x 58cm depth x 51cm height.
IKEA00677,LACK,Desk,6582,Affordable and stylish furniture for everyday use.,Ola Wihlborg,59,163,117,"Brown, White, Blue",True,3.5,401,Product Name: LACK. Category: Desk. Price: 6582. Description: Affordable and stylish furniture for everyday use.. Designer: Ola Wihlborg. Dimensions: 117cm width x 59cm depth x 163cm height.
IKEA00678,LACK,Bookshelf,33612,Modern Scandinavian furniture with a simple and functional design.,IKEA Design Team,67,96,190,"Beige, White, Blue",True,3.9,298,Product Name: LACK. Category: Bookshelf. Price: 33612. Description: Modern Scandinavian furniture with a simple and functional design.. Designer: IKEA Design Team. Dimensions: 190cm width x 67cm depth x 96cm height.
IKEA00679,BRIMNES,Sofa,30196,Durable furniture with practical storage space.,Jon Karlsson,94,174,190,"Oak, Brown, Blue",True,4.3,422,Product Name: BRIMNES. Category: Sofa. Price: 30196. Description: Durable furniture with practical storage space.. Designer: Jon Karlsson. Dimensions: 190cm width x 94cm depth x 174cm height.
IKEA00680,BRIMNES,TV Unit,44567,Compact furniture suitable for small apartments.,Monika Mulder,86,218,93,"Black, Brown, Grey",True,4.6,189,Product Name: BRIMNES. Category: TV Unit. Price: 44567. Description: Compact furniture suitable for small apartments.. Designer: Monika Mulder. Dimensions: 93cm width x 86cm depth x 218cm height.
IKEA00681,EKET,Chair,10103,Space-saving furniture with easy assembly.,Monika Mulder,72,50,53,"White, Oak, Black",False,3.4,44,Product Name: EKET. Category: Chair. Price: 10103. Description: Space-saving furniture with easy assembly.. Designer: Monika Mulder. Dimensions: 53cm width x 72cm depth x 50cm height.
IKEA00682,BESTA,Dining Furniture,34987,Minimalist design suitable for modern homes.,Ola Wihlborg,91,162,131,"Grey, Green, Oak",False,5.0,357,Product Name: BESTA. Category: Dining Furniture. Price: 34987. Description: Minimalist design suitable for modern homes.. Designer: Ola Wihlborg. Dimensions: 131cm width x 91cm depth x 162cm height.
IKEA00683,EKET,Bookshelf,11171,Compact furniture suitable for small apartments.,Ola Wihlborg,36,154,147,"Brown, Beige, Grey",True,4.4,238,Product Name: EKET. Category: Bookshelf. Price: 11171. Description: Compact furniture suitable for small apartments.. Designer: Ola Wihlborg. Dimensions: 147cm width x 36cm depth x 154cm height.
IKEA00684,EKET,Sofa,49421,Compact furniture suitable for small apartments.,Ola Wihlborg,67,60,184,"Blue, White, Green",True,4.1,25,Product Name: EKET. Category: Sofa. Price: 49421. Description: Compact furniture suitable for small apartments.. Designer: Ola Wihlborg. Dimensions: 184cm width x 67cm depth x 60cm height.
IKEA00685,MICKE,Table,8215,Durable furniture with practical storage space.,Henrik Preutz,67,107,105,"Green, White, Black",True,4.6,220,Product Name: MICKE. Category: Table. Price: 8215. Description: Durable furniture with practical storage space.. Designer: Henrik Preutz. Dimensions: 105cm width x 67cm depth x 107cm height.
IKEA00686,KALLAX,Bed,19077,Compact furniture suitable for small apartments.,Jon Karlsson,82,30,61,"Beige, White, Blue",False,4.0,163,Product Name: KALLAX. Category: Bed. Price: 19077. Description: Compact furniture suitable for small apartments.. Designer: Jon Karlsson. Dimensions: 61cm width x 82cm depth x 30cm height.
IKEA00687,POANG,Storage,22638,Simple design with clean Scandinavian lines.,Monika Mulder,80,214,185,"Brown, Blue, Black",False,4.5,346,Product Name: POANG. Category: Storage. Price: 22638. Description: Simple design with clean Scandinavian lines.. Designer: Monika Mulder. Dimensions: 185cm width x 80cm depth x 214cm height.
IKEA00688,EKET,Table,48200,Durable furniture with practical storage space.,IKEA Design Team,99,200,189,"Blue, Oak, Black",False,3.7,28,Product Name: EKET. Category: Table. Price: 48200. Description: Durable furniture with practical storage space.. Designer: IKEA Design Team. Dimensions: 189cm width x 99cm depth x 200cm height.
IKEA00689,ALEX,Storage,48727,Durable furniture with practical storage space.,IKEA Design Team,41,211,36,"Grey, Green, Beige",True,4.3,48,Product Name: ALEX. Category: Storage. Price: 48727. Description: Durable furniture with practical storage space.. Designer: IKEA Design Team. Dimensions: 36cm width x 41cm depth x 211cm height.
IKEA00690,HEMNES,TV Unit,36008,Affordable and stylish furniture for everyday use.,IKEA Design Team,92,163,78,"Green, Grey, White",True,4.3,277,Product Name: HEMNES. Category: TV Unit. Price: 36008. Description: Affordable and stylish furniture for everyday use.. Designer: IKEA Design Team. Dimensions: 78cm width x 92cm depth x 163cm height.
IKEA00691,MALM,Sofa,18518,Simple design with clean Scandinavian lines.,Jon Karlsson,51,210,178,"Green, White, Grey",True,3.8,28,Product Name: MALM. Category: Sofa. Price: 18518. Description: Simple design with clean Scandinavian lines.. Designer: Jon Karlsson. Dimensions: 178cm width x 51cm depth x 210cm height.
IKEA00692,EKET,Sofa,22778,Minimalist design suitable for modern homes.,Jon Karlsson,73,36,165,"Beige, Oak, Brown",True,3.2,55,Product Name: EKET. Category: Sofa. Price: 22778. Description: Minimalist design suitable for modern homes.. Designer: Jon Karlsson. Dimensions: 165cm width x 73cm depth x 36cm height.
IKEA00693,MICKE,Table,19199,Compact furniture suitable for small apartments.,Jon Karlsson,52,52,69,"Grey, Oak, Beige",True,3.1,497,Product Name: MICKE. Category: Table. Price: 19199. Description: Compact furniture suitable for small apartments.. Designer: Jon Karlsson. Dimensions: 69cm width x 52cm depth x 52cm height.
IKEA00694,BESTA,Table,2279,Space-saving furniture with easy assembly.,IKEA Design Team,58,129,55,"Beige, Black, Oak",True,3.5,487,Product Name: BESTA. Category: Table. Price: 2279. Description: Space-saving furniture with easy assembly.. Designer: IKEA Design Team. Dimensions: 55cm width x 58cm depth x 129cm height.
IKEA00695,IVAR,Chair,3898,Compact furniture suitable for small apartments.,Jon Karlsson,96,180,90,"Green, Grey, Blue",False,4.9,142,Product Name: IVAR. Category: Chair. Price: 3898. Description: Compact furniture suitable for small apartments.. Designer: Jon Karlsson. Dimensions: 90cm width x 96cm depth x 180cm height.
IKEA00696,KALLAX,Wardrobe,30961,Affordable and stylish furniture for everyday use.,Monika Mulder,28,153,37,"Blue, Beige, Black",True,3.5,498,Product Name: KALLAX. Category: Wardrobe. Price: 30961. Description: Affordable and stylish furniture for everyday use.. Designer: Monika Mulder. Dimensions: 37cm width x 28cm depth x 153cm height.
IKEA00697,POANG,Dining Furniture,7151,Compact furniture suitable for small apartments.,Ola Wihlborg,36,107,175,"Blue, Oak, White",True,4.6,77,Product Name: POANG. Category: Dining Furniture. Price: 7151. Description: Compact furniture suitable for small apartments.. Designer: Ola Wihlborg. Dimensions: 175cm width x 36cm depth x 107cm height.
IKEA00698,BESTA,Cabinet,11521,Simple design with clean Scandinavian lines.,Jon Karlsson,88,138,172,"Green, White, Blue",False,4.9,322,Product Name: BESTA. Category: Cabinet. Price: 11521. Description: Simple design with clean Scandinavian lines.. Designer: Jon Karlsson. Dimensions: 172cm width x 88cm depth x 138cm height.
IKEA00699,LACK,Dining Furniture,11468,Modern Scandinavian furniture with a simple and functional design.,IKEA Design Team,81,99,183,"Grey, Blue, Beige",False,5.0,436,Product Name: LACK. Category: Dining Furniture. Price: 11468. Description: Modern Scandinavian furniture with a simple and functional design.. Designer: IKEA Design Team. Dimensions: 183cm width x 81cm depth x 99cm height.
IKEA00700,ALEX,Desk,38847,Simple design with clean Scandinavian lines.,Ola Wihlborg,56,41,71,"Black, Brown, White",False,4.4,430,Product Name: ALEX. Category: Desk. Price: 38847. Description: Simple design with clean Scandinavian lines.. Designer: Ola Wihlborg. Dimensions: 71cm width x 56cm depth x 41cm height.
IKEA00701,MALM,Cabinet,18813,Minimalist design suitable for modern homes.,Jon Karlsson,98,159,111,"Beige, Green, Brown",False,3.5,344,Product Name: MALM. Category: Cabinet. Price: 18813. Description: Minimalist design suitable for modern homes.. Designer: Jon Karlsson. Dimensions: 111cm width x 98cm depth x 159cm height.
IKEA00702,BESTA,Wardrobe,14302,Minimalist design suitable for modern homes.,Ola Wihlborg,62,34,64,"White, Grey, Oak",True,4.8,349,Product Name: BESTA. Category: Wardrobe. Price: 14302. Description: Minimalist design suitable for modern homes.. Designer: Ola Wihlborg. Dimensions: 64cm width x 62cm depth x 34cm height.
IKEA00703,MALM,Bookshelf,36923,Space-saving furniture with easy assembly.,Monika Mulder,70,167,50,"Black, Grey, White",False,4.3,185,Product Name: MALM. Category: Bookshelf. Price: 36923. Description: Space-saving furniture with easy assembly.. Designer: Monika Mulder. Dimensions: 50cm width x 70cm depth x 167cm height.
IKEA00704,IVAR,Bookshelf,39906,Durable furniture with practical storage space.,Monika Mulder,42,208,32,"Black, Oak, Brown",True,3.9,118,Product Name: IVAR. Category: Bookshelf. Price: 39906. Description: Durable furniture with practical storage space.. Designer: Monika Mulder. Dimensions: 32cm width x 42cm depth x 208cm height.
IKEA00705,BRIMNES,Sofa,18923,Space-saving furniture with easy assembly.,Henrik Preutz,44,53,187,"Grey, Blue, Beige",True,3.5,257,Product Name: BRIMNES. Category: Sofa. Price: 18923. Description: Space-saving furniture with easy assembly.. Designer: Henrik Preutz. Dimensions: 187cm width x 44cm depth x 53cm height.
IKEA00706,BESTA,Sofa,18898,Minimalist design suitable for modern homes.,Ola Wihlborg,46,31,80,"Blue, White, Brown",False,3.3,104,Product Name: BESTA. Category: Sofa. Price: 18898. Description: Minimalist design suitable for modern homes.. Designer: Ola Wihlborg. Dimensions: 80cm width x 46cm depth x 31cm height.
IKEA00707,ALEX,TV Unit,44550,Space-saving furniture with easy assembly.,Ola Wihlborg,92,74,46,"Brown, Beige, White",True,3.5,296,Product Name: ALEX. Category: TV Unit. Price: 44550. Description: Space-saving furniture with easy assembly.. Designer: Ola Wihlborg. Dimensions: 46cm width x 92cm depth x 74cm height.
IKEA00708,IVAR,Desk,34779,Space-saving furniture with easy assembly.,Henrik Preutz,44,203,35,"Grey, Beige, Green",False,3.0,223,Product Name: IVAR. Category: Desk. Price: 34779. Description: Space-saving furniture with easy assembly.. Designer: Henrik Preutz. Dimensions: 35cm width x 44cm depth x 203cm height.
IKEA00709,ALEX,Dining Furniture,43099,Modern Scandinavian furniture with a simple and functional design.,Henrik Preutz,75,134,100,"Black, Beige, Grey",False,4.0,269,Product Name: ALEX. Category: Dining Furniture. Price: 43099. Description: Modern Scandinavian furniture with a simple and functional design.. Designer: Henrik Preutz. Dimensions: 100cm width x 75cm depth x 134cm height.
IKEA00710,TROFAST,Sofa,47764,Compact furniture suitable for small apartments.,IKEA Design Team,55,137,166,"Green, Brown, White",False,3.4,46,Product Name: TROFAST. Category: Sofa. Price: 47764. Description: Compact furniture suitable for small apartments.. Designer: IKEA Design Team. Dimensions: 166cm width x 55cm depth x 137cm height.
IKEA00711,POANG,Sofa,48828,Compact furniture suitable for small apartments.,Monika Mulder,29,93,80,"Brown, Green, Blue",True,4.3,54,Product Name: POANG. Category: Sofa. Price: 48828. Description: Compact furniture suitable for small apartments.. Designer: Monika Mulder. Dimensions: 80cm width x 29cm depth x 93cm height.
IKEA00712,KALLAX,Storage,28807,Simple design with clean Scandinavian lines.,IKEA Design Team,95,190,115,"Grey, Black, White",False,3.5,179,Product Name: KALLAX. Category: Storage. Price: 28807. Description: Simple design with clean Scandinavian lines.. Designer: IKEA Design Team. Dimensions: 115cm width x 95cm depth x 190cm height.
IKEA00713,IVAR,Sofa,22361,Affordable and stylish furniture for everyday use.,Jon Karlsson,29,183,188,"Green, Blue, White",False,4.2,48,Product Name: IVAR. Category: Sofa. Price: 22361. Description: Affordable and stylish furniture for everyday use.. Designer: Jon Karlsson. Dimensions: 188cm width x 29cm depth x 183cm height.
IKEA00714,KALLAX,Sofa,25231,Durable furniture with practical storage space.,IKEA Design Team,36,45,143,"White, Brown, Grey",False,3.1,351,Product Name: KALLAX. Category: Sofa. Price: 25231. Description: Durable furniture with practical storage space.. Designer: IKEA Design Team. Dimensions: 143cm width x 36cm depth x 45cm height.
IKEA00715,KALLAX,Cabinet,3920,Durable furniture with practical storage space.,Monika Mulder,71,54,188,"Blue, Black, Grey",True,3.9,242,Product Name: KALLAX. Category: Cabinet. Price: 3920. Description: Durable furniture with practical storage space.. Designer: Monika Mulder. Dimensions: 188cm width x 71cm depth x 54cm height.
IKEA00716,TROFAST,Bookshelf,41145,Affordable and stylish furniture for everyday use.,IKEA Design Team,63,196,36,"Green, Grey, Brown",True,3.2,11,Product Name: TROFAST. Category: Bookshelf. Price: 41145. Description: Affordable and stylish furniture for everyday use.. Designer: IKEA Design Team. Dimensions: 36cm width x 63cm depth x 196cm height.
IKEA00717,POANG,Chair,39354,Simple design with clean Scandinavian lines.,Jon Karlsson,93,62,193,"Grey, Brown, Oak",False,4.4,232,Product Name: POANG. Category: Chair. Price: 39354. Description: Simple design with clean Scandinavian lines.. Designer: Jon Karlsson. Dimensions: 193cm width x 93cm depth x 62cm height.
IKEA00718,MALM,Desk,9521,Simple design with clean Scandinavian lines.,IKEA Design Team,27,62,109,"Blue, Grey, Beige",True,3.6,458,Product Name: MALM. Category: Desk. Price: 9521. Description: Simple design with clean Scandinavian lines.. Designer: IKEA Design Team. Dimensions: 109cm width x 27cm depth x 62cm height.
IKEA00719,MICKE,Table,10159,Minimalist design suitable for modern homes.,Henrik Preutz,97,117,104,"Beige, White, Grey",True,3.1,264,Product Name: MICKE. Category: Table. Price: 10159. Description: Minimalist design suitable for modern homes.. Designer: Henrik Preutz. Dimensions: 104cm width x 97cm depth x 117cm height.
IKEA00720,IVAR,Cabinet,4077,Minimalist design suitable for modern homes.,Henrik Preutz,45,81,193,"Oak, Blue, White",True,3.4,248,Product Name: IVAR. Category: Cabinet. Price: 4077. Description: Minimalist design suitable for modern homes.. Designer: Henrik Preutz. Dimensions: 193cm width x 45cm depth x 81cm height.
IKEA00721,BRIMNES,Storage,39805,Space-saving furniture with easy assembly.,Henrik Preutz,94,174,115,"Grey, Oak, Brown",True,3.2,453,Product Name: BRIMNES. Category: Storage. Price: 39805. Description: Space-saving furniture with easy assembly.. Designer: Henrik Preutz. Dimensions: 115cm width x 94cm depth x 174cm height.
IKEA00722,TROFAST,Sofa,33000,Compact furniture suitable for small apartments.,IKEA Design Team,48,207,88,"Green, Grey, Black",True,4.0,398,Product Name: TROFAST. Category: Sofa. Price: 33000. Description: Compact furniture suitable for small apartments.. Designer: IKEA Design Team. Dimensions: 88cm width x 48cm depth x 207cm height.
IKEA00723,IVAR,Wardrobe,49000,Minimalist design suitable for modern homes.,Jon Karlsson,71,77,31,"Beige, White, Blue",True,3.1,63,Product Name: IVAR. Category: Wardrobe. Price: 49000. Description: Minimalist design suitable for modern homes.. Designer: Jon Karlsson. Dimensions: 31cm width x 71cm depth x 77cm height.
IKEA00724,MALM,Bed,29361,Compact furniture suitable for small apartments.,Ola Wihlborg,66,41,37,"Oak, Black, Brown",True,3.4,139,Product Name: MALM. Category: Bed. Price: 29361. Description: Compact furniture suitable for small apartments.. Designer: Ola Wihlborg. Dimensions: 37cm width x 66cm depth x 41cm height.
IKEA00725,BRIMNES,Table,22769,Simple design with clean Scandinavian lines.,Ola Wihlborg,51,75,80,"White, Black, Brown",True,3.0,351,Product Name: BRIMNES. Category: Table. Price: 22769. Description: Simple design with clean Scandinavian lines.. Designer: Ola Wihlborg. Dimensions: 80cm width x 51cm depth x 75cm height.
IKEA00726,MALM,Bookshelf,43416,Simple design with clean Scandinavian lines.,IKEA Design Team,63,83,108,"Green, Black, Brown",True,4.3,486,Product Name: MALM. Category: Bookshelf. Price: 43416. Description: Simple design with clean Scandinavian lines.. Designer: IKEA Design Team. Dimensions: 108cm width x 63cm depth x 83cm height.
IKEA00727,MICKE,TV Unit,28923,Space-saving furniture with easy assembly.,IKEA Design Team,35,66,63,"Oak, Black, Grey",False,4.4,167,Product Name: MICKE. Category: TV Unit. Price: 28923. Description: Space-saving furniture with easy assembly.. Designer: IKEA Design Team. Dimensions: 63cm width x 35cm depth x 66cm height.
IKEA00728,POANG,Bookshelf,42189,Compact furniture suitable for small apartments.,IKEA Design Team,98,180,78,"Grey, Blue, Black",True,3.5,327,Product Name: POANG. Category: Bookshelf. Price: 42189. Description: Compact furniture suitable for small apartments.. Designer: IKEA Design Team. Dimensions: 78cm width x 98cm depth x 180cm height.
IKEA00729,TROFAST,Bed,8786,Simple design with clean Scandinavian lines.,Ola Wihlborg,94,155,83,"Black, Blue, Oak",True,3.3,203,Product Name: TROFAST. Category: Bed. Price: 8786. Description: Simple design with clean Scandinavian lines.. Designer: Ola Wihlborg. Dimensions: 83cm width x 94cm depth x 155cm height.
IKEA00730,TROFAST,Dining Furniture,49725,Affordable and stylish furniture for everyday use.,Henrik Preutz,83,162,148,"Brown, Green, Beige",True,4.1,252,Product Name: TROFAST. Category: Dining Furniture. Price: 49725. Description: Affordable and stylish furniture for everyday use.. Designer: Henrik Preutz. Dimensions: 148cm width x 83cm depth x 162cm height.
IKEA00731,BRIMNES,Storage,31547,Durable furniture with practical storage space.,Ola Wihlborg,71,193,179,"White, Black, Blue",True,3.9,125,Product Name: BRIMNES. Category: Storage. Price: 31547. Description: Durable furniture with practical storage space.. Designer: Ola Wihlborg. Dimensions: 179cm width x 71cm depth x 193cm height.
IKEA00732,PAX,Desk,20552,Minimalist design suitable for modern homes.,Monika Mulder,93,70,125,"Grey, Green, White",True,4.5,156,Product Name: PAX. Category: Desk. Price: 20552. Description: Minimalist design suitable for modern homes.. Designer: Monika Mulder. Dimensions: 125cm width x 93cm depth x 70cm height.
IKEA00733,EKET,Cabinet,23539,Compact furniture suitable for small apartments.,Ola Wihlborg,25,149,161,"Beige, Oak, Blue",False,3.9,193,Product Name: EKET. Category: Cabinet. Price: 23539. Description: Compact furniture suitable for small apartments.. Designer: Ola Wihlborg. Dimensions: 161cm width x 25cm depth x 149cm height.
IKEA00734,TROFAST,Storage,21275,Durable furniture with practical storage space.,Monika Mulder,23,75,143,"Oak, Brown, Beige",True,3.7,47,Product Name: TROFAST. Category: Storage. Price: 21275. Description: Durable furniture with practical storage space.. Designer: Monika Mulder. Dimensions: 143cm width x 23cm depth x 75cm height.
IKEA00735,LACK,Cabinet,34105,Affordable and stylish furniture for everyday use.,IKEA Design Team,55,88,55,"Black, White, Brown",True,4.1,175,Product Name: LACK. Category: Cabinet. Price: 34105. Description: Affordable and stylish furniture for everyday use.. Designer: IKEA Design Team. Dimensions: 55cm width x 55cm depth x 88cm height.
IKEA00736,HEMNES,Dining Furniture,22076,Durable furniture with practical storage space.,Henrik Preutz,55,78,184,"Brown, Blue, Beige",True,3.0,158,Product Name: HEMNES. Category: Dining Furniture. Price: 22076. Description: Durable furniture with practical storage space.. Designer: Henrik Preutz. Dimensions: 184cm width x 55cm depth x 78cm height.
IKEA00737,LACK,Wardrobe,26963,Minimalist design suitable for modern homes.,Ola Wihlborg,21,150,197,"Brown, Blue, Oak",True,3.5,388,Product Name: LACK. Category: Wardrobe. Price: 26963. Description: Minimalist design suitable for modern homes.. Designer: Ola Wihlborg. Dimensions: 197cm width x 21cm depth x 150cm height.
IKEA00738,HEMNES,Storage,15816,Affordable and stylish furniture for everyday use.,Ola Wihlborg,90,149,148,"Beige, Blue, White",True,4.7,224,Product Name: HEMNES. Category: Storage. Price: 15816. Description: Affordable and stylish furniture for everyday use.. Designer: Ola Wihlborg. Dimensions: 148cm width x 90cm depth x 149cm height.
IKEA00739,TROFAST,Bookshelf,14234,Minimalist design suitable for modern homes.,Monika Mulder,91,37,125,"Brown, Grey, Black",True,4.9,9,Product Name: TROFAST. Category: Bookshelf. Price: 14234. Description: Minimalist design suitable for modern homes.. Designer: Monika Mulder. Dimensions: 125cm width x 91cm depth x 37cm height.
IKEA00740,EKET,Dining Furniture,23742,Durable furniture with practical storage space.,Jon Karlsson,73,138,133,"Grey, Brown, Green",True,4.1,21,Product Name: EKET. Category: Dining Furniture. Price: 23742. Description: Durable furniture with practical storage space.. Designer: Jon Karlsson. Dimensions: 133cm width x 73cm depth x 138cm height.
IKEA00741,MALM,Table,22142,Affordable and stylish furniture for everyday use.,Ola Wihlborg,97,176,130,"Blue, Black, Oak",True,4.1,101,Product Name: MALM. Category: Table. Price: 22142. Description: Affordable and stylish furniture for everyday use.. Designer: Ola Wihlborg. Dimensions: 130cm width x 97cm depth x 176cm height.
IKEA00742,EKET,Chair,22049,Affordable and stylish furniture for everyday use.,Monika Mulder,58,53,73,"Black, Beige, Grey",True,3.1,357,Product Name: EKET. Category: Chair. Price: 22049. Description: Affordable and stylish furniture for everyday use.. Designer: Monika Mulder. Dimensions: 73cm width x 58cm depth x 53cm height.
IKEA00743,POANG,Storage,2257,Compact furniture suitable for small apartments.,Jon Karlsson,28,128,102,"Oak, Black, Brown",True,3.9,193,Product Name: POANG. Category: Storage. Price: 2257. Description: Compact furniture suitable for small apartments.. Designer: Jon Karlsson. Dimensions: 102cm width x 28cm depth x 128cm height.
IKEA00744,MICKE,Sofa,11759,Durable furniture with practical storage space.,Monika Mulder,70,70,58,"Brown, Grey, Oak",False,4.5,204,Product Name: MICKE. Category: Sofa. Price: 11759. Description: Durable furniture with practical storage space.. Designer: Monika Mulder. Dimensions: 58cm width x 70cm depth x 70cm height.
IKEA00745,IVAR,Desk,9014,Simple design with clean Scandinavian lines.,Jon Karlsson,59,140,200,"Green, Black, Grey",True,4.2,262,Product Name: IVAR. Category: Desk. Price: 9014. Description: Simple design with clean Scandinavian lines.. Designer: Jon Karlsson. Dimensions: 200cm width x 59cm depth x 140cm height.
IKEA00746,BRIMNES,Dining Furniture,30577,Durable furniture with practical storage space.,Jon Karlsson,20,66,144,"Black, Blue, Oak",True,4.1,471,Product Name: BRIMNES. Category: Dining Furniture. Price: 30577. Description: Durable furniture with practical storage space.. Designer: Jon Karlsson. Dimensions: 144cm width x 20cm depth x 66cm height.
IKEA00747,POANG,Storage,30658,Minimalist design suitable for modern homes.,Ola Wihlborg,25,218,53,"Grey, Beige, Oak",True,4.4,369,Product Name: POANG. Category: Storage. Price: 30658. Description: Minimalist design suitable for modern homes.. Designer: Ola Wihlborg. Dimensions: 53cm width x 25cm depth x 218cm height.
IKEA00748,TROFAST,Bed,26129,Affordable and stylish furniture for everyday use.,Jon Karlsson,73,93,75,"Blue, Oak, Green",True,4.4,53,Product Name: TROFAST. Category: Bed. Price: 26129. Description: Affordable and stylish furniture for everyday use.. Designer: Jon Karlsson. Dimensions: 75cm width x 73cm depth x 93cm height.
IKEA00749,PAX,Sofa,16207,Simple design with clean Scandinavian lines.,Jon Karlsson,55,190,167,"Grey, Beige, White",True,4.8,215,Product Name: PAX. Category: Sofa. Price: 16207. Description: Simple design with clean Scandinavian lines.. Designer: Jon Karlsson. Dimensions: 167cm width x 55cm depth x 190cm height.
IKEA00750,TROFAST,Cabinet,8443,Durable furniture with practical storage space.,IKEA Design Team,33,159,113,"Blue, Oak, Black",True,3.4,27,Product Name: TROFAST. Category: Cabinet. Price: 8443. Description: Durable furniture with practical storage space.. Designer: IKEA Design Team. Dimensions: 113cm width x 33cm depth x 159cm height.
IKEA00751,EKET,Sofa,5295,Space-saving furniture with easy assembly.,Monika Mulder,68,117,132,"Oak, Green, White",True,3.5,368,Product Name: EKET. Category: Sofa. Price: 5295. Description: Space-saving furniture with easy assembly.. Designer: Monika Mulder. Dimensions: 132cm width x 68cm depth x 117cm height.
IKEA00752,MALM,Wardrobe,44427,Space-saving furniture with easy assembly.,Monika Mulder,82,148,47,"Black, Grey, Beige",True,4.4,229,Product Name: MALM. Category: Wardrobe. Price: 44427. Description: Space-saving furniture with easy assembly.. Designer: Monika Mulder. Dimensions: 47cm width x 82cm depth x 148cm height.
IKEA00753,MALM,Storage,18792,Simple design with clean Scandinavian lines.,Jon Karlsson,41,34,185,"Black, Green, Brown",True,4.1,205,Product Name: MALM. Category: Storage. Price: 18792. Description: Simple design with clean Scandinavian lines.. Designer: Jon Karlsson. Dimensions: 185cm width x 41cm depth x 34cm height.
IKEA00754,MALM,Chair,44499,Simple design with clean Scandinavian lines.,IKEA Design Team,54,69,142,"Beige, Black, Blue",True,4.8,277,Product Name: MALM. Category: Chair. Price: 44499. Description: Simple design with clean Scandinavian lines.. Designer: IKEA Design Team. Dimensions: 142cm width x 54cm depth x 69cm height.
IKEA00755,HEMNES,Storage,46160,Modern Scandinavian furniture with a simple and functional design.,Ola Wihlborg,33,129,108,"Green, White, Grey",True,3.1,198,Product Name: HEMNES. Category: Storage. Price: 46160. Description: Modern Scandinavian furniture with a simple and functional design.. Designer: Ola Wihlborg. Dimensions: 108cm width x 33cm depth x 129cm height.
IKEA00756,TROFAST,Desk,16863,Durable furniture with practical storage space.,Jon Karlsson,45,53,34,"Blue, White, Green",True,4.6,353,Product Name: TROFAST. Category: Desk. Price: 16863. Description: Durable furniture with practical storage space.. Designer: Jon Karlsson. Dimensions: 34cm width x 45cm depth x 53cm height.
IKEA00757,ALEX,Chair,14954,Modern Scandinavian furniture with a simple and functional design.,Jon Karlsson,41,41,136,"Black, Blue, Brown",True,4.1,102,Product Name: ALEX. Category: Chair. Price: 14954. Description: Modern Scandinavian furniture with a simple and functional design.. Designer: Jon Karlsson. Dimensions: 136cm width x 41cm depth x 41cm height.
IKEA00758,POANG,Desk,36000,Minimalist design suitable for modern homes.,Monika Mulder,35,89,84,"Black, Brown, Blue",True,3.0,339,Product Name: POANG. Category: Desk. Price: 36000. Description: Minimalist design suitable for modern homes.. Designer: Monika Mulder. Dimensions: 84cm width x 35cm depth x 89cm height.
IKEA00759,BESTA,Sofa,26004,Compact furniture suitable for small apartments.,Monika Mulder,48,46,198,"Grey, Beige, Green",True,3.1,458,Product Name: BESTA. Category: Sofa. Price: 26004. Description: Compact furniture suitable for small apartments.. Designer: Monika Mulder. Dimensions: 198cm width x 48cm depth x 46cm height.
IKEA00760,HEMNES,Bookshelf,20260,Simple design with clean Scandinavian lines.,Ola Wihlborg,83,56,167,"Brown, Green, White",True,5.0,361,Product Name: HEMNES. Category: Bookshelf. Price: 20260. Description: Simple design with clean Scandinavian lines.. Designer: Ola Wihlborg. Dimensions: 167cm width x 83cm depth x 56cm height.
IKEA00761,PAX,Dining Furniture,45962,Compact furniture suitable for small apartments.,Henrik Preutz,42,192,111,"Green, White, Brown",True,4.2,304,Product Name: PAX. Category: Dining Furniture. Price: 45962. Description: Compact furniture suitable for small apartments.. Designer: Henrik Preutz. Dimensions: 111cm width x 42cm depth x 192cm height.
IKEA00762,EKET,Bookshelf,33989,Space-saving furniture with easy assembly.,Jon Karlsson,84,180,33,"Oak, White, Grey",True,3.6,382,Product Name: EKET. Category: Bookshelf. Price: 33989. Description: Space-saving furniture with easy assembly.. Designer: Jon Karlsson. Dimensions: 33cm width x 84cm depth x 180cm height.
IKEA00763,PAX,Desk,41115,Modern Scandinavian furniture with a simple and functional design.,IKEA Design Team,37,125,157,"Grey, Black, Blue",False,3.4,24,Product Name: PAX. Category: Desk. Price: 41115. Description: Modern Scandinavian furniture with a simple and functional design.. Designer: IKEA Design Team. Dimensions: 157cm width x 37cm depth x 125cm height.
IKEA00764,HEMNES,TV Unit,29579,Space-saving furniture with easy assembly.,Henrik Preutz,37,101,111,"White, Grey, Oak",True,4.5,122,Product Name: HEMNES. Category: TV Unit. Price: 29579. Description: Space-saving furniture with easy assembly.. Designer: Henrik Preutz. Dimensions: 111cm width x 37cm depth x 101cm height.
IKEA00765,IVAR,Wardrobe,22960,Compact furniture suitable for small apartments.,Jon Karlsson,89,43,200,"Oak, Blue, Beige",True,4.2,200,Product Name: IVAR. Category: Wardrobe. Price: 22960. Description: Compact furniture suitable for small apartments.. Designer: Jon Karlsson. Dimensions: 200cm width x 89cm depth x 43cm height.
IKEA00766,MICKE,Wardrobe,12527,Minimalist design suitable for modern homes.,IKEA Design Team,28,155,47,"Oak, White, Beige",True,4.9,69,Product Name: MICKE. Category: Wardrobe. Price: 12527. Description: Minimalist design suitable for modern homes.. Designer: IKEA Design Team. Dimensions: 47cm width x 28cm depth x 155cm height.
IKEA00767,BILLY,Table,39337,Affordable and stylish furniture for everyday use.,Jon Karlsson,50,159,50,"Blue, Beige, Oak",True,3.3,106,Product Name: BILLY. Category: Table. Price: 39337. Description: Affordable and stylish furniture for everyday use.. Designer: Jon Karlsson. Dimensions: 50cm width x 50cm depth x 159cm height.
IKEA00768,HEMNES,Bookshelf,12061,Affordable and stylish furniture for everyday use.,Jon Karlsson,58,103,177,"Green, Beige, Black",True,4.7,251,Product Name: HEMNES. Category: Bookshelf. Price: 12061. Description: Affordable and stylish furniture for everyday use.. Designer: Jon Karlsson. Dimensions: 177cm width x 58cm depth x 103cm height.
IKEA00769,BILLY,Wardrobe,26598,Minimalist design suitable for modern homes.,Jon Karlsson,80,142,138,"Blue, Green, Black",False,3.0,200,Product Name: BILLY. Category: Wardrobe. Price: 26598. Description: Minimalist design suitable for modern homes.. Designer: Jon Karlsson. Dimensions: 138cm width x 80cm depth x 142cm height.
IKEA00770,PAX,Chair,20174,Affordable and stylish furniture for everyday use.,Ola Wihlborg,39,171,74,"Grey, Oak, Blue",True,3.9,197,Product Name: PAX. Category: Chair. Price: 20174. Description: Affordable and stylish furniture for everyday use.. Designer: Ola Wihlborg. Dimensions: 74cm width x 39cm depth x 171cm height.
IKEA00771,MICKE,TV Unit,32011,Modern Scandinavian furniture with a simple and functional design.,Henrik Preutz,37,213,150,"Oak, Black, Blue",True,3.0,261,Product Name: MICKE. Category: TV Unit. Price: 32011. Description: Modern Scandinavian furniture with a simple and functional design.. Designer: Henrik Preutz. Dimensions: 150cm width x 37cm depth x 213cm height.
IKEA00772,BRIMNES,Wardrobe,32706,Minimalist design suitable for modern homes.,Monika Mulder,70,220,125,"Blue, Oak, Brown",True,3.8,24,Product Name: BRIMNES. Category: Wardrobe. Price: 32706. Description: Minimalist design suitable for modern homes.. Designer: Monika Mulder. Dimensions: 125cm width x 70cm depth x 220cm height.
IKEA00773,BILLY,Bookshelf,37566,Compact furniture suitable for small apartments.,Jon Karlsson,75,95,119,"Green, Beige, Blue",True,4.4,338,Product Name: BILLY. Category: Bookshelf. Price: 37566. Description: Compact furniture suitable for small apartments.. Designer: Jon Karlsson. Dimensions: 119cm width x 75cm depth x 95cm height.
IKEA00774,PAX,Bookshelf,48711,Compact furniture suitable for small apartments.,Jon Karlsson,81,38,122,"White, Beige, Blue",True,3.5,238,Product Name: PAX. Category: Bookshelf. Price: 48711. Description: Compact furniture suitable for small apartments.. Designer: Jon Karlsson. Dimensions: 122cm width x 81cm depth x 38cm height.
IKEA00775,ALEX,Table,17164,Compact furniture suitable for small apartments.,Ola Wihlborg,94,199,71,"White, Green, Blue",False,3.8,305,Product Name: ALEX. Category: Table. Price: 17164. Description: Compact furniture suitable for small apartments.. Designer: Ola Wihlborg. Dimensions: 71cm width x 94cm depth x 199cm height.
IKEA00776,BILLY,Cabinet,12873,Minimalist design suitable for modern homes.,Jon Karlsson,74,94,107,"Blue, Grey, Brown",False,4.5,478,Product Name: BILLY. Category: Cabinet. Price: 12873. Description: Minimalist design suitable for modern homes.. Designer: Jon Karlsson. Dimensions: 107cm width x 74cm depth x 94cm height.
IKEA00777,BRIMNES,Chair,7660,Space-saving furniture with easy assembly.,Ola Wihlborg,64,66,98,"Oak, Beige, Green",True,3.0,91,Product Name: BRIMNES. Category: Chair. Price: 7660. Description: Space-saving furniture with easy assembly.. Designer: Ola Wihlborg. Dimensions: 98cm width x 64cm depth x 66cm height.
IKEA00778,IVAR,Storage,602,Modern Scandinavian furniture with a simple and functional design.,IKEA Design Team,73,164,136,"Grey, Beige, Oak",True,3.4,100,Product Name: IVAR. Category: Storage. Price: 602. Description: Modern Scandinavian furniture with a simple and functional design.. Designer: IKEA Design Team. Dimensions: 136cm width x 73cm depth x 164cm height.
IKEA00779,BRIMNES,Table,13476,Minimalist design suitable for modern homes.,Jon Karlsson,84,58,145,"Oak, Black, Blue",True,4.5,419,Product Name: BRIMNES. Category: Table. Price: 13476. Description: Minimalist design suitable for modern homes.. Designer: Jon Karlsson. Dimensions: 145cm width x 84cm depth x 58cm height.
IKEA00780,TROFAST,Desk,17495,Simple design with clean Scandinavian lines.,Monika Mulder,76,190,189,"Black, Blue, Beige",True,3.2,48,Product Name: TROFAST. Category: Desk. Price: 17495. Description: Simple design with clean Scandinavian lines.. Designer: Monika Mulder. Dimensions: 189cm width x 76cm depth x 190cm height.
IKEA00781,PAX,Chair,18636,Modern Scandinavian furniture with a simple and functional design.,Henrik Preutz,23,179,90,"Green, Oak, Beige",True,3.0,141,Product Name: PAX. Category: Chair. Price: 18636. Description: Modern Scandinavian furniture with a simple and functional design.. Designer: Henrik Preutz. Dimensions: 90cm width x 23cm depth x 179cm height.
IKEA00782,TROFAST,Sofa,44101,Affordable and stylish furniture for everyday use.,IKEA Design Team,32,84,163,"White, Oak, Grey",True,4.9,247,Product Name: TROFAST. Category: Sofa. Price: 44101. Description: Affordable and stylish furniture for everyday use.. Designer: IKEA Design Team. Dimensions: 163cm width x 32cm depth x 84cm height.
IKEA00783,TROFAST,Wardrobe,40107,Minimalist design suitable for modern homes.,Henrik Preutz,67,204,117,"Beige, Blue, Black",True,4.3,198,Product Name: TROFAST. Category: Wardrobe. Price: 40107. Description: Minimalist design suitable for modern homes.. Designer: Henrik Preutz. Dimensions: 117cm width x 67cm depth x 204cm height.
IKEA00784,POANG,Sofa,23831,Simple design with clean Scandinavian lines.,Henrik Preutz,32,30,146,"Blue, Beige, Black",True,4.2,449,Product Name: POANG. Category: Sofa. Price: 23831. Description: Simple design with clean Scandinavian lines.. Designer: Henrik Preutz. Dimensions: 146cm width x 32cm depth x 30cm height.
IKEA00785,MICKE,Bed,46326,Simple design with clean Scandinavian lines.,Jon Karlsson,67,145,188,"Green, Grey, Oak",True,3.0,331,Product Name: MICKE. Category: Bed. Price: 46326. Description: Simple design with clean Scandinavian lines.. Designer: Jon Karlsson. Dimensions: 188cm width x 67cm depth x 145cm height.
IKEA00786,IVAR,Wardrobe,1588,Space-saving furniture with easy assembly.,Henrik Preutz,25,218,113,"Green, Black, Grey",False,3.8,318,Product Name: IVAR. Category: Wardrobe. Price: 1588. Description: Space-saving furniture with easy assembly.. Designer: Henrik Preutz. Dimensions: 113cm width x 25cm depth x 218cm height.
IKEA00787,TROFAST,Chair,23327,Minimalist design suitable for modern homes.,Monika Mulder,32,217,128,"Grey, Green, Black",True,4.7,453,Product Name: TROFAST. Category: Chair. Price: 23327. Description: Minimalist design suitable for modern homes.. Designer: Monika Mulder. Dimensions: 128cm width x 32cm depth x 217cm height.
IKEA00788,POANG,Cabinet,2579,Compact furniture suitable for small apartments.,Monika Mulder,31,107,170,"Green, Black, Oak",True,4.0,281,Product Name: POANG. Category: Cabinet. Price: 2579. Description: Compact furniture suitable for small apartments.. Designer: Monika Mulder. Dimensions: 170cm width x 31cm depth x 107cm height.
IKEA00789,HEMNES,Desk,14369,Compact furniture suitable for small apartments.,IKEA Design Team,33,141,37,"Brown, Green, Oak",True,3.4,136,Product Name: HEMNES. Category: Desk. Price: 14369. Description: Compact furniture suitable for small apartments.. Designer: IKEA Design Team. Dimensions: 37cm width x 33cm depth x 141cm height.
IKEA00790,ALEX,Storage,44447,Modern Scandinavian furniture with a simple and functional design.,Jon Karlsson,88,192,155,"Black, Blue, Beige",True,4.7,482,Product Name: ALEX. Category: Storage. Price: 44447. Description: Modern Scandinavian furniture with a simple and functional design.. Designer: Jon Karlsson. Dimensions: 155cm width x 88cm depth x 192cm height.
IKEA00791,POANG,TV Unit,4737,Space-saving furniture with easy assembly.,Henrik Preutz,68,213,127,"Blue, Green, Black",True,3.5,153,Product Name: POANG. Category: TV Unit. Price: 4737. Description: Space-saving furniture with easy assembly.. Designer: Henrik Preutz. Dimensions: 127cm width x 68cm depth x 213cm height.
IKEA00792,BILLY,Chair,6340,Durable furniture with practical storage space.,Ola Wihlborg,44,220,59,"Beige, Black, Brown",False,4.2,5,Product Name: BILLY. Category: Chair. Price: 6340. Description: Durable furniture with practical storage space.. Designer: Ola Wihlborg. Dimensions: 59cm width x 44cm depth x 220cm height.
IKEA00793,LACK,Sofa,39169,Affordable and stylish furniture for everyday use.,Jon Karlsson,69,138,111,"Beige, Blue, Green",True,4.0,313,Product Name: LACK. Category: Sofa. Price: 39169. Description: Affordable and stylish furniture for everyday use.. Designer: Jon Karlsson. Dimensions: 111cm width x 69cm depth x 138cm height.
IKEA00794,POANG,Desk,7484,Minimalist design suitable for modern homes.,IKEA Design Team,88,147,110,"Brown, Blue, Green",True,4.0,238,Product Name: POANG. Category: Desk. Price: 7484. Description: Minimalist design suitable for modern homes.. Designer: IKEA Design Team. Dimensions: 110cm width x 88cm depth x 147cm height.
IKEA00795,MALM,TV Unit,19071,Compact furniture suitable for small apartments.,IKEA Design Team,96,111,109,"Black, Brown, Beige",False,4.3,115,Product Name: MALM. Category: TV Unit. Price: 19071. Description: Compact furniture suitable for small apartments.. Designer: IKEA Design Team. Dimensions: 109cm width x 96cm depth x 111cm height.
IKEA00796,EKET,Bed,46645,Minimalist design suitable for modern homes.,IKEA Design Team,62,69,83,"Oak, Beige, Blue",True,4.8,402,Product Name: EKET. Category: Bed. Price: 46645. Description: Minimalist design suitable for modern homes.. Designer: IKEA Design Team. Dimensions: 83cm width x 62cm depth x 69cm height.
IKEA00797,MALM,Storage,48169,Minimalist design suitable for modern homes.,Henrik Preutz,40,35,170,"Blue, Brown, Oak",False,5.0,392,Product Name: MALM. Category: Storage. Price: 48169. Description: Minimalist design suitable for modern homes.. Designer: Henrik Preutz. Dimensions: 170cm width x 40cm depth x 35cm height.
IKEA00798,PAX,Bookshelf,5206,Affordable and stylish furniture for everyday use.,Henrik Preutz,56,208,79,"Blue, White, Black",True,4.5,302,Product Name: PAX. Category: Bookshelf. Price: 5206. Description: Affordable and stylish furniture for everyday use.. Designer: Henrik Preutz. Dimensions: 79cm width x 56cm depth x 208cm height.
IKEA00799,IVAR,Sofa,47002,Durable furniture with practical storage space.,Monika Mulder,40,177,65,"Green, Beige, Oak",True,4.8,112,Product Name: IVAR. Category: Sofa. Price: 47002. Description: Durable furniture with practical storage space.. Designer: Monika Mulder. Dimensions: 65cm width x 40cm depth x 177cm height.
IKEA00800,HEMNES,Desk,48688,Space-saving furniture with easy assembly.,IKEA Design Team,66,215,177,"Black, Beige, Green",False,4.9,223,Product Name: HEMNES. Category: Desk. Price: 48688. Description: Space-saving furniture with easy assembly.. Designer: IKEA Design Team. Dimensions: 177cm width x 66cm depth x 215cm height.
IKEA00801,ALEX,Table,4190,Modern Scandinavian furniture with a simple and functional design.,Henrik Preutz,80,75,43,"Black, Grey, Beige",True,4.2,81,Product Name: ALEX. Category: Table. Price: 4190. Description: Modern Scandinavian furniture with a simple and functional design.. Designer: Henrik Preutz. Dimensions: 43cm width x 80cm depth x 75cm height.
IKEA00802,ALEX,Bookshelf,16555,Modern Scandinavian furniture with a simple and functional design.,IKEA Design Team,50,131,155,"Grey, Beige, Green",True,4.3,197,Product Name: ALEX. Category: Bookshelf. Price: 16555. Description: Modern Scandinavian furniture with a simple and functional design.. Designer: IKEA Design Team. Dimensions: 155cm width x 50cm depth x 131cm height.
IKEA00803,TROFAST,Dining Furniture,43655,Modern Scandinavian furniture with a simple and functional design.,Monika Mulder,68,100,191,"Green, Brown, White",True,3.2,67,Product Name: TROFAST. Category: Dining Furniture. Price: 43655. Description: Modern Scandinavian furniture with a simple and functional design.. Designer: Monika Mulder. Dimensions: 191cm width x 68cm depth x 100cm height.
IKEA00804,EKET,Dining Furniture,44328,Affordable and stylish furniture for everyday use.,Jon Karlsson,22,180,176,"Green, Brown, Beige",True,4.6,97,Product Name: EKET. Category: Dining Furniture. Price: 44328. Description: Affordable and stylish furniture for everyday use.. Designer: Jon Karlsson. Dimensions: 176cm width x 22cm depth x 180cm height.
IKEA00805,PAX,Storage,42743,Space-saving furniture with easy assembly.,Monika Mulder,58,176,62,"Black, Brown, White",True,3.8,363,Product Name: PAX. Category: Storage. Price: 42743. Description: Space-saving furniture with easy assembly.. Designer: Monika Mulder. Dimensions: 62cm width x 58cm depth x 176cm height.
IKEA00806,KALLAX,Bookshelf,36940,Simple design with clean Scandinavian lines.,Ola Wihlborg,87,155,46,"Black, Blue, Green",True,3.4,311,Product Name: KALLAX. Category: Bookshelf. Price: 36940. Description: Simple design with clean Scandinavian lines.. Designer: Ola Wihlborg. Dimensions: 46cm width x 87cm depth x 155cm height.
IKEA00807,BRIMNES,Table,847,Affordable and stylish furniture for everyday use.,Monika Mulder,60,61,40,"Brown, Grey, Black",True,3.2,136,Product Name: BRIMNES. Category: Table. Price: 847. Description: Affordable and stylish furniture for everyday use.. Designer: Monika Mulder. Dimensions: 40cm width x 60cm depth x 61cm height.
IKEA00808,IVAR,Sofa,6044,Modern Scandinavian furniture with a simple and functional design.,Ola Wihlborg,58,123,169,"Brown, Oak, Beige",True,3.5,28,Product Name: IVAR. Category: Sofa. Price: 6044. Description: Modern Scandinavian furniture with a simple and functional design.. Designer: Ola Wihlborg. Dimensions: 169cm width x 58cm depth x 123cm height.
IKEA00809,MICKE,Bed,43697,Affordable and stylish furniture for everyday use.,Monika Mulder,37,177,155,"Beige, Grey, Brown",True,4.4,344,Product Name: MICKE. Category: Bed. Price: 43697. Description: Affordable and stylish furniture for everyday use.. Designer: Monika Mulder. Dimensions: 155cm width x 37cm depth x 177cm height.
IKEA00810,IVAR,Sofa,16037,Modern Scandinavian furniture with a simple and functional design.,Jon Karlsson,38,106,85,"Brown, Grey, Blue",True,4.2,147,Product Name: IVAR. Category: Sofa. Price: 16037. Description: Modern Scandinavian furniture with a simple and functional design.. Designer: Jon Karlsson. Dimensions: 85cm width x 38cm depth x 106cm height.
IKEA00811,MALM,TV Unit,28156,Modern Scandinavian furniture with a simple and functional design.,Ola Wihlborg,52,96,127,"Brown, Oak, Blue",True,4.9,351,Product Name: MALM. Category: TV Unit. Price: 28156. Description: Modern Scandinavian furniture with a simple and functional design.. Designer: Ola Wihlborg. Dimensions: 127cm width x 52cm depth x 96cm height.
IKEA00812,PAX,Table,35620,Compact furniture suitable for small apartments.,IKEA Design Team,100,217,98,"Oak, Beige, Brown",True,3.8,83,Product Name: PAX. Category: Table. Price: 35620. Description: Compact furniture suitable for small apartments.. Designer: IKEA Design Team. Dimensions: 98cm width x 100cm depth x 217cm height.
IKEA00813,BESTA,Bookshelf,25333,Modern Scandinavian furniture with a simple and functional design.,Ola Wihlborg,51,49,99,"Black, Grey, White",False,3.1,332,Product Name: BESTA. Category: Bookshelf. Price: 25333. Description: Modern Scandinavian furniture with a simple and functional design.. Designer: Ola Wihlborg. Dimensions: 99cm width x 51cm depth x 49cm height.
IKEA00814,BILLY,Wardrobe,22356,Simple design with clean Scandinavian lines.,Henrik Preutz,38,87,100,"White, Green, Oak",True,3.8,58,Product Name: BILLY. Category: Wardrobe. Price: 22356. Description: Simple design with clean Scandinavian lines.. Designer: Henrik Preutz. Dimensions: 100cm width x 38cm depth x 87cm height.
IKEA00815,TROFAST,Chair,12015,Affordable and stylish furniture for everyday use.,Henrik Preutz,95,155,54,"Beige, Green, Grey",True,4.1,316,Product Name: TROFAST. Category: Chair. Price: 12015. Description: Affordable and stylish furniture for everyday use.. Designer: Henrik Preutz. Dimensions: 54cm width x 95cm depth x 155cm height.
IKEA00816,BILLY,Sofa,11689,Durable furniture with practical storage space.,Monika Mulder,43,118,166,"Blue, Oak, Grey",True,3.5,356,Product Name: BILLY. Category: Sofa. Price: 11689. Description: Durable furniture with practical storage space.. Designer: Monika Mulder. Dimensions: 166cm width x 43cm depth x 118cm height.
IKEA00817,MICKE,Table,43593,Compact furniture suitable for small apartments.,Jon Karlsson,68,175,98,"White, Beige, Blue",True,4.4,132,Product Name: MICKE. Category: Table. Price: 43593. Description: Compact furniture suitable for small apartments.. Designer: Jon Karlsson. Dimensions: 98cm width x 68cm depth x 175cm height.
IKEA00818,ALEX,TV Unit,27909,Space-saving furniture with easy assembly.,Monika Mulder,43,142,120,"Green, Grey, Brown",True,4.9,271,Product Name: ALEX. Category: TV Unit. Price: 27909. Description: Space-saving furniture with easy assembly.. Designer: Monika Mulder. Dimensions: 120cm width x 43cm depth x 142cm height.
IKEA00819,BRIMNES,Desk,20499,Space-saving furniture with easy assembly.,IKEA Design Team,59,134,110,"Black, Beige, White",True,4.5,488,Product Name: BRIMNES. Category: Desk. Price: 20499. Description: Space-saving furniture with easy assembly.. Designer: IKEA Design Team. Dimensions: 110cm width x 59cm depth x 134cm height.
IKEA00820,BILLY,Table,38202,Modern Scandinavian furniture with a simple and functional design.,IKEA Design Team,56,171,156,"White, Oak, Beige",True,4.0,268,Product Name: BILLY. Category: Table. Price: 38202. Description: Modern Scandinavian furniture with a simple and functional design.. Designer: IKEA Design Team. Dimensions: 156cm width x 56cm depth x 171cm height.
IKEA00821,ALEX,Dining Furniture,35390,Space-saving furniture with easy assembly.,IKEA Design Team,71,33,187,"Oak, Blue, Beige",True,4.4,364,Product Name: ALEX. Category: Dining Furniture. Price: 35390. Description: Space-saving furniture with easy assembly.. Designer: IKEA Design Team. Dimensions: 187cm width x 71cm depth x 33cm height.
IKEA00822,MICKE,Wardrobe,16504,Space-saving furniture with easy assembly.,Ola Wihlborg,97,40,185,"Green, Black, Beige",True,3.3,192,Product Name: MICKE. Category: Wardrobe. Price: 16504. Description: Space-saving furniture with easy assembly.. Designer: Ola Wihlborg. Dimensions: 185cm width x 97cm depth x 40cm height.
IKEA00823,IVAR,Table,34163,Durable furniture with practical storage space.,IKEA Design Team,74,156,127,"Brown, Green, White",True,4.8,132,Product Name: IVAR. Category: Table. Price: 34163. Description: Durable furniture with practical storage space.. Designer: IKEA Design Team. Dimensions: 127cm width x 74cm depth x 156cm height.
IKEA00824,IVAR,Cabinet,8223,Durable furniture with practical storage space.,Henrik Preutz,81,105,97,"Oak, White, Beige",False,3.4,161,Product Name: IVAR. Category: Cabinet. Price: 8223. Description: Durable furniture with practical storage space.. Designer: Henrik Preutz. Dimensions: 97cm width x 81cm depth x 105cm height.
IKEA00825,ALEX,Cabinet,2820,Minimalist design suitable for modern homes.,Ola Wihlborg,82,44,121,"White, Grey, Oak",True,3.6,59,Product Name: ALEX. Category: Cabinet. Price: 2820. Description: Minimalist design suitable for modern homes.. Designer: Ola Wihlborg. Dimensions: 121cm width x 82cm depth x 44cm height.
IKEA00826,KALLAX,Wardrobe,47844,Compact furniture suitable for small apartments.,Monika Mulder,65,32,55,"Blue, Oak, Black",True,4.1,465,Product Name: KALLAX. Category: Wardrobe. Price: 47844. Description: Compact furniture suitable for small apartments.. Designer: Monika Mulder. Dimensions: 55cm width x 65cm depth x 32cm height.
IKEA00827,MALM,Bookshelf,8615,Minimalist design suitable for modern homes.,IKEA Design Team,39,198,94,"Oak, Green, Blue",True,3.6,224,Product Name: MALM. Category: Bookshelf. Price: 8615. Description: Minimalist design suitable for modern homes.. Designer: IKEA Design Team. Dimensions: 94cm width x 39cm depth x 198cm height.
IKEA00828,MALM,Cabinet,18159,Modern Scandinavian furniture with a simple and functional design.,Monika Mulder,76,71,65,"Beige, Green, Oak",True,3.7,450,Product Name: MALM. Category: Cabinet. Price: 18159. Description: Modern Scandinavian furniture with a simple and functional design.. Designer: Monika Mulder. Dimensions: 65cm width x 76cm depth x 71cm height.
IKEA00829,BRIMNES,Desk,7751,Compact furniture suitable for small apartments.,Henrik Preutz,25,64,131,"Blue, Beige, Brown",True,3.3,106,Product Name: BRIMNES. Category: Desk. Price: 7751. Description: Compact furniture suitable for small apartments.. Designer: Henrik Preutz. Dimensions: 131cm width x 25cm depth x 64cm height.
IKEA00830,EKET,Dining Furniture,17918,Modern Scandinavian furniture with a simple and functional design.,Monika Mulder,82,170,156,"Brown, Green, Oak",False,3.3,495,Product Name: EKET. Category: Dining Furniture. Price: 17918. Description: Modern Scandinavian furniture with a simple and functional design.. Designer: Monika Mulder. Dimensions: 156cm width x 82cm depth x 170cm height.
IKEA00831,BILLY,Sofa,8764,Compact furniture suitable for small apartments.,Henrik Preutz,84,33,90,"White, Beige, Brown",False,5.0,382,Product Name: BILLY. Category: Sofa. Price: 8764. Description: Compact furniture suitable for small apartments.. Designer: Henrik Preutz. Dimensions: 90cm width x 84cm depth x 33cm height.
IKEA00832,KALLAX,Bookshelf,31968,Durable furniture with practical storage space.,Henrik Preutz,82,51,139,"Oak, Grey, Black",True,3.5,397,Product Name: KALLAX. Category: Bookshelf. Price: 31968. Description: Durable furniture with practical storage space.. Designer: Henrik Preutz. Dimensions: 139cm width x 82cm depth x 51cm height.
IKEA00833,BILLY,Bed,46436,Compact furniture suitable for small apartments.,Monika Mulder,45,151,56,"Brown, Black, Grey",True,3.5,72,Product Name: BILLY. Category: Bed. Price: 46436. Description: Compact furniture suitable for small apartments.. Designer: Monika Mulder. Dimensions: 56cm width x 45cm depth x 151cm height.
IKEA00834,PAX,Sofa,18446,Compact furniture suitable for small apartments.,Jon Karlsson,74,34,187,"Oak, White, Blue",False,3.8,161,Product Name: PAX. Category: Sofa. Price: 18446. Description: Compact furniture suitable for small apartments.. Designer: Jon Karlsson. Dimensions: 187cm width x 74cm depth x 34cm height.
IKEA00835,BRIMNES,Dining Furniture,15665,Compact furniture suitable for small apartments.,Henrik Preutz,74,152,45,"Blue, Beige, White",True,3.2,191,Product Name: BRIMNES. Category: Dining Furniture. Price: 15665. Description: Compact furniture suitable for small apartments.. Designer: Henrik Preutz. Dimensions: 45cm width x 74cm depth x 152cm height.
IKEA00836,LACK,Wardrobe,47133,Minimalist design suitable for modern homes.,Jon Karlsson,60,42,76,"White, Green, Blue",True,3.4,246,Product Name: LACK. Category: Wardrobe. Price: 47133. Description: Minimalist design suitable for modern homes.. Designer: Jon Karlsson. Dimensions: 76cm width x 60cm depth x 42cm height.
IKEA00837,LACK,TV Unit,7102,Minimalist design suitable for modern homes.,Jon Karlsson,52,155,123,"Beige, Brown, White",True,4.3,354,Product Name: LACK. Category: TV Unit. Price: 7102. Description: Minimalist design suitable for modern homes.. Designer: Jon Karlsson. Dimensions: 123cm width x 52cm depth x 155cm height.
IKEA00838,MICKE,Table,22205,Durable furniture with practical storage space.,Henrik Preutz,95,165,184,"Beige, Black, Green",True,3.4,201,Product Name: MICKE. Category: Table. Price: 22205. Description: Durable furniture with practical storage space.. Designer: Henrik Preutz. Dimensions: 184cm width x 95cm depth x 165cm height.
IKEA00839,BILLY,Chair,9050,Space-saving furniture with easy assembly.,Ola Wihlborg,35,40,180,"Oak, Black, Beige",False,4.9,43,Product Name: BILLY. Category: Chair. Price: 9050. Description: Space-saving furniture with easy assembly.. Designer: Ola Wihlborg. Dimensions: 180cm width x 35cm depth x 40cm height.
IKEA00840,MICKE,TV Unit,22971,Durable furniture with practical storage space.,Monika Mulder,45,166,69,"White, Black, Blue",False,4.1,134,Product Name: MICKE. Category: TV Unit. Price: 22971. Description: Durable furniture with practical storage space.. Designer: Monika Mulder. Dimensions: 69cm width x 45cm depth x 166cm height.
IKEA00841,TROFAST,Cabinet,23262,Durable furniture with practical storage space.,Monika Mulder,100,213,60,"Blue, White, Oak",False,4.0,492,Product Name: TROFAST. Category: Cabinet. Price: 23262. Description: Durable furniture with practical storage space.. Designer: Monika Mulder. Dimensions: 60cm width x 100cm depth x 213cm height.
IKEA00842,MICKE,Sofa,11439,Affordable and stylish furniture for everyday use.,Henrik Preutz,36,104,41,"White, Blue, Beige",True,4.5,208,Product Name: MICKE. Category: Sofa. Price: 11439. Description: Affordable and stylish furniture for everyday use.. Designer: Henrik Preutz. Dimensions: 41cm width x 36cm depth x 104cm height.
IKEA00843,EKET,Dining Furniture,35394,Simple design with clean Scandinavian lines.,Ola Wihlborg,29,72,142,"Blue, Grey, Oak",False,4.2,110,Product Name: EKET. Category: Dining Furniture. Price: 35394. Description: Simple design with clean Scandinavian lines.. Designer: Ola Wihlborg. Dimensions: 142cm width x 29cm depth x 72cm height.
IKEA00844,MALM,Sofa,10984,Affordable and stylish furniture for everyday use.,Jon Karlsson,95,208,32,"Green, Grey, Beige",True,3.6,117,Product Name: MALM. Category: Sofa. Price: 10984. Description: Affordable and stylish furniture for everyday use.. Designer: Jon Karlsson. Dimensions: 32cm width x 95cm depth x 208cm height.
IKEA00845,LACK,Bed,36684,Modern Scandinavian furniture with a simple and functional design.,Jon Karlsson,48,41,166,"Oak, Brown, White",True,4.9,147,Product Name: LACK. Category: Bed. Price: 36684. Description: Modern Scandinavian furniture with a simple and functional design.. Designer: Jon Karlsson. Dimensions: 166cm width x 48cm depth x 41cm height.
IKEA00846,MALM,Bed,3875,Space-saving furniture with easy assembly.,Jon Karlsson,46,166,59,"White, Beige, Brown",True,3.6,489,Product Name: MALM. Category: Bed. Price: 3875. Description: Space-saving furniture with easy assembly.. Designer: Jon Karlsson. Dimensions: 59cm width x 46cm depth x 166cm height.
IKEA00847,BRIMNES,Cabinet,17803,Space-saving furniture with easy assembly.,Jon Karlsson,72,186,105,"Beige, White, Green",True,4.6,117,Product Name: BRIMNES. Category: Cabinet. Price: 17803. Description: Space-saving furniture with easy assembly.. Designer: Jon Karlsson. Dimensions: 105cm width x 72cm depth x 186cm height.
IKEA00848,BRIMNES,Bed,12081,Durable furniture with practical storage space.,IKEA Design Team,88,198,179,"Black, Beige, Blue",False,4.9,136,Product Name: BRIMNES. Category: Bed. Price: 12081. Description: Durable furniture with practical storage space.. Designer: IKEA Design Team. Dimensions: 179cm width x 88cm depth x 198cm height.
IKEA00849,IVAR,Dining Furniture,42068,Affordable and stylish furniture for everyday use.,Ola Wihlborg,46,143,86,"Beige, Brown, Black",False,3.3,123,Product Name: IVAR. Category: Dining Furniture. Price: 42068. Description: Affordable and stylish furniture for everyday use.. Designer: Ola Wihlborg. Dimensions: 86cm width x 46cm depth x 143cm height.
IKEA00850,BRIMNES,Bookshelf,24658,Compact furniture suitable for small apartments.,Monika Mulder,31,156,76,"Green, Black, Blue",True,4.1,487,Product Name: BRIMNES. Category: Bookshelf. Price: 24658. Description: Compact furniture suitable for small apartments.. Designer: Monika Mulder. Dimensions: 76cm width x 31cm depth x 156cm height.
IKEA00851,BRIMNES,Table,42937,Durable furniture with practical storage space.,IKEA Design Team,59,71,75,"Blue, Beige, Grey",True,3.1,41,Product Name: BRIMNES. Category: Table. Price: 42937. Description: Durable furniture with practical storage space.. Designer: IKEA Design Team. Dimensions: 75cm width x 59cm depth x 71cm height.
IKEA00852,PAX,Desk,30319,Space-saving furniture with easy assembly.,Monika Mulder,32,215,164,"Brown, Beige, White",True,3.8,15,Product Name: PAX. Category: Desk. Price: 30319. Description: Space-saving furniture with easy assembly.. Designer: Monika Mulder. Dimensions: 164cm width x 32cm depth x 215cm height.
IKEA00853,BILLY,Sofa,42735,Modern Scandinavian furniture with a simple and functional design.,Jon Karlsson,51,51,98,"Brown, Beige, Grey",True,4.6,9,Product Name: BILLY. Category: Sofa. Price: 42735. Description: Modern Scandinavian furniture with a simple and functional design.. Designer: Jon Karlsson. Dimensions: 98cm width x 51cm depth x 51cm height.
IKEA00854,TROFAST,Chair,36043,Space-saving furniture with easy assembly.,Henrik Preutz,30,81,65,"Green, Blue, Grey",False,4.6,162,Product Name: TROFAST. Category: Chair. Price: 36043. Description: Space-saving furniture with easy assembly.. Designer: Henrik Preutz. Dimensions: 65cm width x 30cm depth x 81cm height.
IKEA00855,BESTA,Storage,10625,Compact furniture suitable for small apartments.,IKEA Design Team,89,207,98,"Black, White, Blue",True,4.1,57,Product Name: BESTA. Category: Storage. Price: 10625. Description: Compact furniture suitable for small apartments.. Designer: IKEA Design Team. Dimensions: 98cm width x 89cm depth x 207cm height.
IKEA00856,MICKE,Bookshelf,9794,Modern Scandinavian furniture with a simple and functional design.,Jon Karlsson,23,88,139,"Blue, Black, Brown",True,3.5,455,Product Name: MICKE. Category: Bookshelf. Price: 9794. Description: Modern Scandinavian furniture with a simple and functional design.. Designer: Jon Karlsson. Dimensions: 139cm width x 23cm depth x 88cm height.
IKEA00857,ALEX,Bookshelf,45506,Space-saving furniture with easy assembly.,IKEA Design Team,82,73,58,"Oak, White, Brown",True,3.2,175,Product Name: ALEX. Category: Bookshelf. Price: 45506. Description: Space-saving furniture with easy assembly.. Designer: IKEA Design Team. Dimensions: 58cm width x 82cm depth x 73cm height.
IKEA00858,BILLY,Wardrobe,6056,Modern Scandinavian furniture with a simple and functional design.,Ola Wihlborg,39,75,139,"Beige, Grey, Black",False,3.3,346,Product Name: BILLY. Category: Wardrobe. Price: 6056. Description: Modern Scandinavian furniture with a simple and functional design.. Designer: Ola Wihlborg. Dimensions: 139cm width x 39cm depth x 75cm height.
IKEA00859,ALEX,Bed,41443,Simple design with clean Scandinavian lines.,Henrik Preutz,64,56,99,"Green, Beige, Brown",True,4.6,369,Product Name: ALEX. Category: Bed. Price: 41443. Description: Simple design with clean Scandinavian lines.. Designer: Henrik Preutz. Dimensions: 99cm width x 64cm depth x 56cm height.
IKEA00860,TROFAST,Chair,641,Simple design with clean Scandinavian lines.,Jon Karlsson,38,111,67,"Blue, Oak, Beige",False,4.6,62,Product Name: TROFAST. Category: Chair. Price: 641. Description: Simple design with clean Scandinavian lines.. Designer: Jon Karlsson. Dimensions: 67cm width x 38cm depth x 111cm height.
IKEA00861,POANG,Bookshelf,48124,Durable furniture with practical storage space.,Jon Karlsson,31,112,62,"Brown, Blue, Oak",True,3.6,222,Product Name: POANG. Category: Bookshelf. Price: 48124. Description: Durable furniture with practical storage space.. Designer: Jon Karlsson. Dimensions: 62cm width x 31cm depth x 112cm height.
IKEA00862,EKET,Bookshelf,39934,Simple design with clean Scandinavian lines.,Henrik Preutz,37,197,92,"Blue, Oak, Grey",False,4.1,257,Product Name: EKET. Category: Bookshelf. Price: 39934. Description: Simple design with clean Scandinavian lines.. Designer: Henrik Preutz. Dimensions: 92cm width x 37cm depth x 197cm height.
IKEA00863,MICKE,Cabinet,15579,Minimalist design suitable for modern homes.,IKEA Design Team,94,213,137,"Oak, Beige, White",True,3.7,109,Product Name: MICKE. Category: Cabinet. Price: 15579. Description: Minimalist design suitable for modern homes.. Designer: IKEA Design Team. Dimensions: 137cm width x 94cm depth x 213cm height.
IKEA00864,IVAR,Sofa,24249,Affordable and stylish furniture for everyday use.,Monika Mulder,37,58,45,"Beige, Brown, Black",True,3.9,432,Product Name: IVAR. Category: Sofa. Price: 24249. Description: Affordable and stylish furniture for everyday use.. Designer: Monika Mulder. Dimensions: 45cm width x 37cm depth x 58cm height.
IKEA00865,IVAR,Cabinet,28094,Compact furniture suitable for small apartments.,Jon Karlsson,48,44,65,"Black, Beige, Blue",True,3.8,18,Product Name: IVAR. Category: Cabinet. Price: 28094. Description: Compact furniture suitable for small apartments.. Designer: Jon Karlsson. Dimensions: 65cm width x 48cm depth x 44cm height.
IKEA00866,BRIMNES,Bookshelf,24857,Modern Scandinavian furniture with a simple and functional design.,IKEA Design Team,94,48,152,"Brown, White, Black",True,3.3,130,Product Name: BRIMNES. Category: Bookshelf. Price: 24857. Description: Modern Scandinavian furniture with a simple and functional design.. Designer: IKEA Design Team. Dimensions: 152cm width x 94cm depth x 48cm height.
IKEA00867,BILLY,Sofa,37800,Simple design with clean Scandinavian lines.,Monika Mulder,39,76,150,"Brown, Beige, Grey",True,3.9,374,Product Name: BILLY. Category: Sofa. Price: 37800. Description: Simple design with clean Scandinavian lines.. Designer: Monika Mulder. Dimensions: 150cm width x 39cm depth x 76cm height.
IKEA00868,BESTA,Storage,42759,Space-saving furniture with easy assembly.,IKEA Design Team,56,58,69,"White, Beige, Green",True,4.0,10,Product Name: BESTA. Category: Storage. Price: 42759. Description: Space-saving furniture with easy assembly.. Designer: IKEA Design Team. Dimensions: 69cm width x 56cm depth x 58cm height.
IKEA00869,PAX,Bookshelf,45057,Minimalist design suitable for modern homes.,Ola Wihlborg,53,176,158,"Grey, Beige, Black",False,4.9,144,Product Name: PAX. Category: Bookshelf. Price: 45057. Description: Minimalist design suitable for modern homes.. Designer: Ola Wihlborg. Dimensions: 158cm width x 53cm depth x 176cm height.
IKEA00870,BILLY,Cabinet,25242,Compact furniture suitable for small apartments.,Jon Karlsson,71,188,44,"Oak, Green, Black",True,4.6,244,Product Name: BILLY. Category: Cabinet. Price: 25242. Description: Compact furniture suitable for small apartments.. Designer: Jon Karlsson. Dimensions: 44cm width x 71cm depth x 188cm height.
IKEA00871,EKET,Wardrobe,43274,Space-saving furniture with easy assembly.,Monika Mulder,68,72,43,"Beige, Green, Oak",True,3.5,58,Product Name: EKET. Category: Wardrobe. Price: 43274. Description: Space-saving furniture with easy assembly.. Designer: Monika Mulder. Dimensions: 43cm width x 68cm depth x 72cm height.
IKEA00872,BILLY,Wardrobe,40029,Simple design with clean Scandinavian lines.,Henrik Preutz,23,91,102,"Brown, Grey, White",True,3.4,10,Product Name: BILLY. Category: Wardrobe. Price: 40029. Description: Simple design with clean Scandinavian lines.. Designer: Henrik Preutz. Dimensions: 102cm width x 23cm depth x 91cm height.
IKEA00873,TROFAST,Bed,12802,Affordable and stylish furniture for everyday use.,Jon Karlsson,24,91,98,"Black, Grey, Blue",True,4.1,409,Product Name: TROFAST. Category: Bed. Price: 12802. Description: Affordable and stylish furniture for everyday use.. Designer: Jon Karlsson. Dimensions: 98cm width x 24cm depth x 91cm height.
IKEA00874,EKET,Sofa,3647,Durable furniture with practical storage space.,IKEA Design Team,59,32,121,"Grey, Oak, Green",True,3.6,205,Product Name: EKET. Category: Sofa. Price: 3647. Description: Durable furniture with practical storage space.. Designer: IKEA Design Team. Dimensions: 121cm width x 59cm depth x 32cm height.
IKEA00875,BRIMNES,Wardrobe,8987,Space-saving furniture with easy assembly.,IKEA Design Team,62,134,158,"Black, Grey, Green",True,4.2,200,Product Name: BRIMNES. Category: Wardrobe. Price: 8987. Description: Space-saving furniture with easy assembly.. Designer: IKEA Design Team. Dimensions: 158cm width x 62cm depth x 134cm height.
IKEA00876,EKET,TV Unit,2950,Durable furniture with practical storage space.,Jon Karlsson,39,204,148,"Black, Beige, White",True,4.8,418,Product Name: EKET. Category: TV Unit. Price: 2950. Description: Durable furniture with practical storage space.. Designer: Jon Karlsson. Dimensions: 148cm width x 39cm depth x 204cm height.
IKEA00877,ALEX,Dining Furniture,9730,Simple design with clean Scandinavian lines.,Jon Karlsson,84,162,185,"Beige, Oak, Black",True,3.6,324,Product Name: ALEX. Category: Dining Furniture. Price: 9730. Description: Simple design with clean Scandinavian lines.. Designer: Jon Karlsson. Dimensions: 185cm width x 84cm depth x 162cm height.
IKEA00878,IVAR,Bookshelf,3121,Space-saving furniture with easy assembly.,Monika Mulder,50,83,186,"Black, Green, Grey",False,3.2,12,Product Name: IVAR. Category: Bookshelf. Price: 3121. Description: Space-saving furniture with easy assembly.. Designer: Monika Mulder. Dimensions: 186cm width x 50cm depth x 83cm height.
IKEA00879,MALM,Bed,36356,Simple design with clean Scandinavian lines.,IKEA Design Team,83,54,146,"Beige, Black, Brown",True,3.1,300,Product Name: MALM. Category: Bed. Price: 36356. Description: Simple design with clean Scandinavian lines.. Designer: IKEA Design Team. Dimensions: 146cm width x 83cm depth x 54cm height.
IKEA00880,BESTA,Wardrobe,6346,Modern Scandinavian furniture with a simple and functional design.,Jon Karlsson,78,96,151,"Grey, Blue, Oak",True,4.9,296,Product Name: BESTA. Category: Wardrobe. Price: 6346. Description: Modern Scandinavian furniture with a simple and functional design.. Designer: Jon Karlsson. Dimensions: 151cm width x 78cm depth x 96cm height.
IKEA00881,EKET,Sofa,24319,Simple design with clean Scandinavian lines.,Henrik Preutz,71,134,188,"Brown, Oak, Green",True,3.7,354,Product Name: EKET. Category: Sofa. Price: 24319. Description: Simple design with clean Scandinavian lines.. Designer: Henrik Preutz. Dimensions: 188cm width x 71cm depth x 134cm height.
IKEA00882,PAX,Cabinet,29996,Durable furniture with practical storage space.,IKEA Design Team,99,194,44,"Oak, Beige, Grey",True,3.3,58,Product Name: PAX. Category: Cabinet. Price: 29996. Description: Durable furniture with practical storage space.. Designer: IKEA Design Team. Dimensions: 44cm width x 99cm depth x 194cm height.
IKEA00883,LACK,Bookshelf,10867,Affordable and stylish furniture for everyday use.,Monika Mulder,29,87,129,"Green, Beige, White",True,3.9,333,Product Name: LACK. Category: Bookshelf. Price: 10867. Description: Affordable and stylish furniture for everyday use.. Designer: Monika Mulder. Dimensions: 129cm width x 29cm depth x 87cm height.
IKEA00884,MICKE,Storage,7650,Modern Scandinavian furniture with a simple and functional design.,Jon Karlsson,33,131,140,"Oak, Green, Brown",True,3.6,314,Product Name: MICKE. Category: Storage. Price: 7650. Description: Modern Scandinavian furniture with a simple and functional design.. Designer: Jon Karlsson. Dimensions: 140cm width x 33cm depth x 131cm height.
IKEA00885,EKET,Desk,46524,Space-saving furniture with easy assembly.,Monika Mulder,34,101,146,"White, Grey, Black",False,3.3,114,Product Name: EKET. Category: Desk. Price: 46524. Description: Space-saving furniture with easy assembly.. Designer: Monika Mulder. Dimensions: 146cm width x 34cm depth x 101cm height.
IKEA00886,BESTA,TV Unit,2551,Affordable and stylish furniture for everyday use.,Monika Mulder,27,122,140,"Green, Black, White",True,4.7,492,Product Name: BESTA. Category: TV Unit. Price: 2551. Description: Affordable and stylish furniture for everyday use.. Designer: Monika Mulder. Dimensions: 140cm width x 27cm depth x 122cm height.
IKEA00887,TROFAST,Dining Furniture,28215,Durable furniture with practical storage space.,Henrik Preutz,42,51,66,"Black, Brown, Oak",True,3.6,369,Product Name: TROFAST. Category: Dining Furniture. Price: 28215. Description: Durable furniture with practical storage space.. Designer: Henrik Preutz. Dimensions: 66cm width x 42cm depth x 51cm height.
IKEA00888,EKET,Bookshelf,34890,Compact furniture suitable for small apartments.,Henrik Preutz,43,43,53,"Blue, Brown, Green",True,3.4,487,Product Name: EKET. Category: Bookshelf. Price: 34890. Description: Compact furniture suitable for small apartments.. Designer: Henrik Preutz. Dimensions: 53cm width x 43cm depth x 43cm height.
IKEA00889,PAX,Storage,31661,Affordable and stylish furniture for everyday use.,Jon Karlsson,75,120,176,"Blue, Green, White",True,3.2,346,Product Name: PAX. Category: Storage. Price: 31661. Description: Affordable and stylish furniture for everyday use.. Designer: Jon Karlsson. Dimensions: 176cm width x 75cm depth x 120cm height.
IKEA00890,POANG,TV Unit,9976,Durable furniture with practical storage space.,Henrik Preutz,21,68,147,"Brown, Oak, Green",True,4.6,350,Product Name: POANG. Category: TV Unit. Price: 9976. Description: Durable furniture with practical storage space.. Designer: Henrik Preutz. Dimensions: 147cm width x 21cm depth x 68cm height.
IKEA00891,PAX,Bed,34623,Space-saving furniture with easy assembly.,IKEA Design Team,77,62,192,"Green, Beige, Grey",True,3.1,386,Product Name: PAX. Category: Bed. Price: 34623. Description: Space-saving furniture with easy assembly.. Designer: IKEA Design Team. Dimensions: 192cm width x 77cm depth x 62cm height.
IKEA00892,HEMNES,Bookshelf,46141,Affordable and stylish furniture for everyday use.,Jon Karlsson,96,126,85,"Beige, Black, Blue",True,3.7,191,Product Name: HEMNES. Category: Bookshelf. Price: 46141. Description: Affordable and stylish furniture for everyday use.. Designer: Jon Karlsson. Dimensions: 85cm width x 96cm depth x 126cm height.
IKEA00893,KALLAX,Bed,20616,Affordable and stylish furniture for everyday use.,IKEA Design Team,83,196,146,"Blue, Oak, Brown",True,4.7,223,Product Name: KALLAX. Category: Bed. Price: 20616. Description: Affordable and stylish furniture for everyday use.. Designer: IKEA Design Team. Dimensions: 146cm width x 83cm depth x 196cm height.
IKEA00894,MICKE,Wardrobe,7929,Compact furniture suitable for small apartments.,Monika Mulder,74,125,75,"Brown, Grey, Oak",False,3.6,342,Product Name: MICKE. Category: Wardrobe. Price: 7929. Description: Compact furniture suitable for small apartments.. Designer: Monika Mulder. Dimensions: 75cm width x 74cm depth x 125cm height.
IKEA00895,BRIMNES,Dining Furniture,29170,Space-saving furniture with easy assembly.,Henrik Preutz,99,55,52,"Black, White, Beige",True,4.2,215,Product Name: BRIMNES. Category: Dining Furniture. Price: 29170. Description: Space-saving furniture with easy assembly.. Designer: Henrik Preutz. Dimensions: 52cm width x 99cm depth x 55cm height.
IKEA00896,BILLY,Storage,49647,Simple design with clean Scandinavian lines.,Ola Wihlborg,89,55,192,"Green, Grey, Blue",True,4.3,441,Product Name: BILLY. Category: Storage. Price: 49647. Description: Simple design with clean Scandinavian lines.. Designer: Ola Wihlborg. Dimensions: 192cm width x 89cm depth x 55cm height.
IKEA00897,PAX,Desk,15105,Simple design with clean Scandinavian lines.,Monika Mulder,90,127,59,"Oak, Blue, Green",True,3.7,411,Product Name: PAX. Category: Desk. Price: 15105. Description: Simple design with clean Scandinavian lines.. Designer: Monika Mulder. Dimensions: 59cm width x 90cm depth x 127cm height.
IKEA00898,EKET,Bookshelf,42760,Space-saving furniture with easy assembly.,Monika Mulder,20,125,87,"Grey, Brown, Beige",True,3.6,467,Product Name: EKET. Category: Bookshelf. Price: 42760. Description: Space-saving furniture with easy assembly.. Designer: Monika Mulder. Dimensions: 87cm width x 20cm depth x 125cm height.
IKEA00899,TROFAST,Bookshelf,44624,Compact furniture suitable for small apartments.,IKEA Design Team,73,38,33,"White, Black, Brown",True,3.7,496,Product Name: TROFAST. Category: Bookshelf. Price: 44624. Description: Compact furniture suitable for small apartments.. Designer: IKEA Design Team. Dimensions: 33cm width x 73cm depth x 38cm height.
IKEA00900,POANG,Bookshelf,16347,Affordable and stylish furniture for everyday use.,Monika Mulder,44,187,194,"Blue, Green, White",False,3.3,330,Product Name: POANG. Category: Bookshelf. Price: 16347. Description: Affordable and stylish furniture for everyday use.. Designer: Monika Mulder. Dimensions: 194cm width x 44cm depth x 187cm height.
IKEA00901,PAX,Table,26917,Durable furniture with practical storage space.,Ola Wihlborg,40,141,89,"Black, Beige, Green",True,4.3,406,Product Name: PAX. Category: Table. Price: 26917. Description: Durable furniture with practical storage space.. Designer: Ola Wihlborg. Dimensions: 89cm width x 40cm depth x 141cm height.
IKEA00902,PAX,Dining Furniture,17553,Simple design with clean Scandinavian lines.,Ola Wihlborg,40,112,82,"Black, White, Blue",False,3.0,399,Product Name: PAX. Category: Dining Furniture. Price: 17553. Description: Simple design with clean Scandinavian lines.. Designer: Ola Wihlborg. Dimensions: 82cm width x 40cm depth x 112cm height.
IKEA00903,POANG,Table,2322,Affordable and stylish furniture for everyday use.,Ola Wihlborg,30,176,127,"White, Beige, Blue",True,5.0,329,Product Name: POANG. Category: Table. Price: 2322. Description: Affordable and stylish furniture for everyday use.. Designer: Ola Wihlborg. Dimensions: 127cm width x 30cm depth x 176cm height.
IKEA00904,ALEX,Wardrobe,12725,Compact furniture suitable for small apartments.,Jon Karlsson,58,79,167,"Oak, Beige, Green",True,4.3,145,Product Name: ALEX. Category: Wardrobe. Price: 12725. Description: Compact furniture suitable for small apartments.. Designer: Jon Karlsson. Dimensions: 167cm width x 58cm depth x 79cm height.
IKEA00905,BILLY,Table,41618,Modern Scandinavian furniture with a simple and functional design.,Ola Wihlborg,33,58,147,"Black, White, Green",True,3.5,97,Product Name: BILLY. Category: Table. Price: 41618. Description: Modern Scandinavian furniture with a simple and functional design.. Designer: Ola Wihlborg. Dimensions: 147cm width x 33cm depth x 58cm height.
IKEA00906,BILLY,Chair,32889,Simple design with clean Scandinavian lines.,Henrik Preutz,46,130,55,"Green, Blue, White",False,3.1,496,Product Name: BILLY. Category: Chair. Price: 32889. Description: Simple design with clean Scandinavian lines.. Designer: Henrik Preutz. Dimensions: 55cm width x 46cm depth x 130cm height.
IKEA00907,ALEX,Chair,14280,Space-saving furniture with easy assembly.,Monika Mulder,68,110,192,"Green, Blue, Black",True,3.6,467,Product Name: ALEX. Category: Chair. Price: 14280. Description: Space-saving furniture with easy assembly.. Designer: Monika Mulder. Dimensions: 192cm width x 68cm depth x 110cm height.
IKEA00908,MALM,Dining Furniture,37677,Space-saving furniture with easy assembly.,Ola Wihlborg,24,60,117,"Beige, Oak, Grey",True,3.3,384,Product Name: MALM. Category: Dining Furniture. Price: 37677. Description: Space-saving furniture with easy assembly.. Designer: Ola Wihlborg. Dimensions: 117cm width x 24cm depth x 60cm height.
IKEA00909,LACK,Chair,13137,Affordable and stylish furniture for everyday use.,IKEA Design Team,88,35,162,"Brown, Black, Green",True,4.8,20,Product Name: LACK. Category: Chair. Price: 13137. Description: Affordable and stylish furniture for everyday use.. Designer: IKEA Design Team. Dimensions: 162cm width x 88cm depth x 35cm height.
IKEA00910,BESTA,Table,14901,Modern Scandinavian furniture with a simple and functional design.,Jon Karlsson,54,100,153,"Oak, White, Brown",True,3.9,419,Product Name: BESTA. Category: Table. Price: 14901. Description: Modern Scandinavian furniture with a simple and functional design.. Designer: Jon Karlsson. Dimensions: 153cm width x 54cm depth x 100cm height.
IKEA00911,EKET,Bookshelf,34096,Minimalist design suitable for modern homes.,Jon Karlsson,52,74,80,"Grey, Oak, White",True,3.3,110,Product Name: EKET. Category: Bookshelf. Price: 34096. Description: Minimalist design suitable for modern homes.. Designer: Jon Karlsson. Dimensions: 80cm width x 52cm depth x 74cm height.
IKEA00912,BRIMNES,Storage,28906,Minimalist design suitable for modern homes.,Monika Mulder,96,99,111,"Black, Grey, Oak",False,3.4,185,Product Name: BRIMNES. Category: Storage. Price: 28906. Description: Minimalist design suitable for modern homes.. Designer: Monika Mulder. Dimensions: 111cm width x 96cm depth x 99cm height.
IKEA00913,BESTA,Dining Furniture,4710,Minimalist design suitable for modern homes.,Jon Karlsson,24,160,94,"Blue, Brown, Grey",True,3.8,63,Product Name: BESTA. Category: Dining Furniture. Price: 4710. Description: Minimalist design suitable for modern homes.. Designer: Jon Karlsson. Dimensions: 94cm width x 24cm depth x 160cm height.
IKEA00914,MALM,Wardrobe,28639,Simple design with clean Scandinavian lines.,Jon Karlsson,65,92,48,"Oak, Beige, Brown",True,3.3,165,Product Name: MALM. Category: Wardrobe. Price: 28639. Description: Simple design with clean Scandinavian lines.. Designer: Jon Karlsson. Dimensions: 48cm width x 65cm depth x 92cm height.
IKEA00915,BILLY,Sofa,21378,Space-saving furniture with easy assembly.,IKEA Design Team,62,84,149,"Beige, Black, Grey",True,3.8,313,Product Name: BILLY. Category: Sofa. Price: 21378. Description: Space-saving furniture with easy assembly.. Designer: IKEA Design Team. Dimensions: 149cm width x 62cm depth x 84cm height.
IKEA00916,HEMNES,Cabinet,14750,Modern Scandinavian furniture with a simple and functional design.,Ola Wihlborg,55,213,185,"Black, Grey, Beige",False,4.4,227,Product Name: HEMNES. Category: Cabinet. Price: 14750. Description: Modern Scandinavian furniture with a simple and functional design.. Designer: Ola Wihlborg. Dimensions: 185cm width x 55cm depth x 213cm height.
IKEA00917,BESTA,Wardrobe,13484,Compact furniture suitable for small apartments.,IKEA Design Team,83,157,41,"Grey, Oak, White",True,3.9,312,Product Name: BESTA. Category: Wardrobe. Price: 13484. Description: Compact furniture suitable for small apartments.. Designer: IKEA Design Team. Dimensions: 41cm width x 83cm depth x 157cm height.
IKEA00918,BESTA,TV Unit,25589,Compact furniture suitable for small apartments.,Ola Wihlborg,22,102,34,"White, Oak, Brown",True,4.7,211,Product Name: BESTA. Category: TV Unit. Price: 25589. Description: Compact furniture suitable for small apartments.. Designer: Ola Wihlborg. Dimensions: 34cm width x 22cm depth x 102cm height.
IKEA00919,KALLAX,Cabinet,35070,Modern Scandinavian furniture with a simple and functional design.,Henrik Preutz,22,47,150,"Black, Blue, Oak",True,3.5,390,Product Name: KALLAX. Category: Cabinet. Price: 35070. Description: Modern Scandinavian furniture with a simple and functional design.. Designer: Henrik Preutz. Dimensions: 150cm width x 22cm depth x 47cm height.
IKEA00920,BESTA,Bookshelf,5726,Affordable and stylish furniture for everyday use.,Henrik Preutz,83,186,42,"Blue, Brown, Beige",False,4.0,333,Product Name: BESTA. Category: Bookshelf. Price: 5726. Description: Affordable and stylish furniture for everyday use.. Designer: Henrik Preutz. Dimensions: 42cm width x 83cm depth x 186cm height.
IKEA00921,BILLY,Wardrobe,40998,Modern Scandinavian furniture with a simple and functional design.,IKEA Design Team,48,42,32,"Brown, White, Green",False,3.5,50,Product Name: BILLY. Category: Wardrobe. Price: 40998. Description: Modern Scandinavian furniture with a simple and functional design.. Designer: IKEA Design Team. Dimensions: 32cm width x 48cm depth x 42cm height.
IKEA00922,HEMNES,Wardrobe,35728,Modern Scandinavian furniture with a simple and functional design.,IKEA Design Team,53,41,58,"White, Brown, Green",True,3.7,318,Product Name: HEMNES. Category: Wardrobe. Price: 35728. Description: Modern Scandinavian furniture with a simple and functional design.. Designer: IKEA Design Team. Dimensions: 58cm width x 53cm depth x 41cm height.
IKEA00923,TROFAST,Bookshelf,18187,Space-saving furniture with easy assembly.,Jon Karlsson,37,179,147,"Black, Green, Brown",True,4.5,459,Product Name: TROFAST. Category: Bookshelf. Price: 18187. Description: Space-saving furniture with easy assembly.. Designer: Jon Karlsson. Dimensions: 147cm width x 37cm depth x 179cm height.
IKEA00924,IVAR,Bookshelf,42239,Minimalist design suitable for modern homes.,IKEA Design Team,86,165,91,"Green, Beige, Oak",True,3.6,379,Product Name: IVAR. Category: Bookshelf. Price: 42239. Description: Minimalist design suitable for modern homes.. Designer: IKEA Design Team. Dimensions: 91cm width x 86cm depth x 165cm height.
IKEA00925,EKET,Desk,6515,Durable furniture with practical storage space.,Henrik Preutz,30,120,172,"Oak, Beige, Blue",True,4.4,43,Product Name: EKET. Category: Desk. Price: 6515. Description: Durable furniture with practical storage space.. Designer: Henrik Preutz. Dimensions: 172cm width x 30cm depth x 120cm height.
IKEA00926,EKET,Sofa,14423,Modern Scandinavian furniture with a simple and functional design.,Jon Karlsson,79,128,78,"Green, White, Brown",True,4.6,394,Product Name: EKET. Category: Sofa. Price: 14423. Description: Modern Scandinavian furniture with a simple and functional design.. Designer: Jon Karlsson. Dimensions: 78cm width x 79cm depth x 128cm height.
IKEA00927,MICKE,Cabinet,21035,Simple design with clean Scandinavian lines.,Henrik Preutz,78,197,69,"Black, Green, Blue",True,3.8,236,Product Name: MICKE. Category: Cabinet. Price: 21035. Description: Simple design with clean Scandinavian lines.. Designer: Henrik Preutz. Dimensions: 69cm width x 78cm depth x 197cm height.
IKEA00928,IVAR,TV Unit,34149,Compact furniture suitable for small apartments.,Monika Mulder,44,47,101,"Blue, Black, Beige",True,4.9,300,Product Name: IVAR. Category: TV Unit. Price: 34149. Description: Compact furniture suitable for small apartments.. Designer: Monika Mulder. Dimensions: 101cm width x 44cm depth x 47cm height.
IKEA00929,ALEX,Chair,10151,Minimalist design suitable for modern homes.,IKEA Design Team,34,91,34,"Green, Black, Brown",True,4.0,276,Product Name: ALEX. Category: Chair. Price: 10151. Description: Minimalist design suitable for modern homes.. Designer: IKEA Design Team. Dimensions: 34cm width x 34cm depth x 91cm height.
IKEA00930,EKET,Wardrobe,17903,Modern Scandinavian furniture with a simple and functional design.,Ola Wihlborg,30,120,140,"Oak, Black, Green",False,4.0,32,Product Name: EKET. Category: Wardrobe. Price: 17903. Description: Modern Scandinavian furniture with a simple and functional design.. Designer: Ola Wihlborg. Dimensions: 140cm width x 30cm depth x 120cm height.
IKEA00931,EKET,Bed,24732,Modern Scandinavian furniture with a simple and functional design.,IKEA Design Team,68,217,138,"Oak, Brown, Black",False,3.4,146,Product Name: EKET. Category: Bed. Price: 24732. Description: Modern Scandinavian furniture with a simple and functional design.. Designer: IKEA Design Team. Dimensions: 138cm width x 68cm depth x 217cm height.
IKEA00932,MICKE,TV Unit,32848,Affordable and stylish furniture for everyday use.,Monika Mulder,33,204,42,"Oak, White, Black",True,3.1,23,Product Name: MICKE. Category: TV Unit. Price: 32848. Description: Affordable and stylish furniture for everyday use.. Designer: Monika Mulder. Dimensions: 42cm width x 33cm depth x 204cm height.
IKEA00933,POANG,Bed,16146,Modern Scandinavian furniture with a simple and functional design.,Ola Wihlborg,32,100,87,"Blue, Oak, Green",True,3.4,426,Product Name: POANG. Category: Bed. Price: 16146. Description: Modern Scandinavian furniture with a simple and functional design.. Designer: Ola Wihlborg. Dimensions: 87cm width x 32cm depth x 100cm height.
IKEA00934,BRIMNES,Bed,32950,Compact furniture suitable for small apartments.,Jon Karlsson,46,118,193,"Grey, Beige, Green",True,4.5,53,Product Name: BRIMNES. Category: Bed. Price: 32950. Description: Compact furniture suitable for small apartments.. Designer: Jon Karlsson. Dimensions: 193cm width x 46cm depth x 118cm height.
IKEA00935,MALM,Cabinet,46405,Affordable and stylish furniture for everyday use.,Monika Mulder,59,206,91,"Brown, Green, Beige",True,3.3,175,Product Name: MALM. Category: Cabinet. Price: 46405. Description: Affordable and stylish furniture for everyday use.. Designer: Monika Mulder. Dimensions: 91cm width x 59cm depth x 206cm height.
IKEA00936,EKET,Table,1333,Space-saving furniture with easy assembly.,Monika Mulder,74,115,35,"Brown, Green, White",True,4.4,441,Product Name: EKET. Category: Table. Price: 1333. Description: Space-saving furniture with easy assembly.. Designer: Monika Mulder. Dimensions: 35cm width x 74cm depth x 115cm height.
IKEA00937,KALLAX,TV Unit,23577,Minimalist design suitable for modern homes.,Ola Wihlborg,20,155,93,"Green, White, Blue",True,4.1,153,Product Name: KALLAX. Category: TV Unit. Price: 23577. Description: Minimalist design suitable for modern homes.. Designer: Ola Wihlborg. Dimensions: 93cm width x 20cm depth x 155cm height.
IKEA00938,IVAR,Desk,34923,Affordable and stylish furniture for everyday use.,Jon Karlsson,38,54,55,"Grey, Blue, Beige",True,3.9,381,Product Name: IVAR. Category: Desk. Price: 34923. Description: Affordable and stylish furniture for everyday use.. Designer: Jon Karlsson. Dimensions: 55cm width x 38cm depth x 54cm height.
IKEA00939,BESTA,Cabinet,17364,Space-saving furniture with easy assembly.,Monika Mulder,52,123,147,"White, Blue, Brown",True,4.4,461,Product Name: BESTA. Category: Cabinet. Price: 17364. Description: Space-saving furniture with easy assembly.. Designer: Monika Mulder. Dimensions: 147cm width x 52cm depth x 123cm height.
IKEA00940,MICKE,Dining Furniture,39541,Minimalist design suitable for modern homes.,IKEA Design Team,54,205,162,"White, Black, Oak",True,4.3,77,Product Name: MICKE. Category: Dining Furniture. Price: 39541. Description: Minimalist design suitable for modern homes.. Designer: IKEA Design Team. Dimensions: 162cm width x 54cm depth x 205cm height.
IKEA00941,BESTA,Storage,2524,Compact furniture suitable for small apartments.,Ola Wihlborg,75,122,82,"Black, Green, Oak",True,4.9,454,Product Name: BESTA. Category: Storage. Price: 2524. Description: Compact furniture suitable for small apartments.. Designer: Ola Wihlborg. Dimensions: 82cm width x 75cm depth x 122cm height.
IKEA00942,ALEX,Dining Furniture,36210,Minimalist design suitable for modern homes.,Ola Wihlborg,42,97,119,"Beige, Oak, Grey",False,4.9,146,Product Name: ALEX. Category: Dining Furniture. Price: 36210. Description: Minimalist design suitable for modern homes.. Designer: Ola Wihlborg. Dimensions: 119cm width x 42cm depth x 97cm height.
IKEA00943,LACK,Desk,3192,Affordable and stylish furniture for everyday use.,Ola Wihlborg,63,186,61,"Blue, Green, Oak",True,3.6,9,Product Name: LACK. Category: Desk. Price: 3192. Description: Affordable and stylish furniture for everyday use.. Designer: Ola Wihlborg. Dimensions: 61cm width x 63cm depth x 186cm height.
IKEA00944,EKET,Dining Furniture,10141,Minimalist design suitable for modern homes.,Jon Karlsson,86,104,189,"Brown, Green, Oak",True,3.1,155,Product Name: EKET. Category: Dining Furniture. Price: 10141. Description: Minimalist design suitable for modern homes.. Designer: Jon Karlsson. Dimensions: 189cm width x 86cm depth x 104cm height.
IKEA00945,KALLAX,Storage,3182,Compact furniture suitable for small apartments.,Henrik Preutz,95,61,43,"Green, Brown, White",False,3.7,432,Product Name: KALLAX. Category: Storage. Price: 3182. Description: Compact furniture suitable for small apartments.. Designer: Henrik Preutz. Dimensions: 43cm width x 95cm depth x 61cm height.
IKEA00946,KALLAX,Sofa,16976,Compact furniture suitable for small apartments.,Henrik Preutz,56,158,200,"Brown, White, Beige",True,3.3,380,Product Name: KALLAX. Category: Sofa. Price: 16976. Description: Compact furniture suitable for small apartments.. Designer: Henrik Preutz. Dimensions: 200cm width x 56cm depth x 158cm height.
IKEA00947,HEMNES,Bookshelf,38852,Modern Scandinavian furniture with a simple and functional design.,Henrik Preutz,48,38,151,"Beige, Black, Green",False,3.8,500,Product Name: HEMNES. Category: Bookshelf. Price: 38852. Description: Modern Scandinavian furniture with a simple and functional design.. Designer: Henrik Preutz. Dimensions: 151cm width x 48cm depth x 38cm height.
IKEA00948,BILLY,Bed,20292,Affordable and stylish furniture for everyday use.,Henrik Preutz,42,174,141,"Beige, Blue, Grey",True,4.4,107,Product Name: BILLY. Category: Bed. Price: 20292. Description: Affordable and stylish furniture for everyday use.. Designer: Henrik Preutz. Dimensions: 141cm width x 42cm depth x 174cm height.
IKEA00949,LACK,Table,27782,Affordable and stylish furniture for everyday use.,Jon Karlsson,58,108,51,"Grey, Green, Beige",False,4.1,197,Product Name: LACK. Category: Table. Price: 27782. Description: Affordable and stylish furniture for everyday use.. Designer: Jon Karlsson. Dimensions: 51cm width x 58cm depth x 108cm height.
IKEA00950,TROFAST,Bookshelf,6793,Compact furniture suitable for small apartments.,Ola Wihlborg,76,207,110,"Beige, Oak, Brown",False,3.9,497,Product Name: TROFAST. Category: Bookshelf. Price: 6793. Description: Compact furniture suitable for small apartments.. Designer: Ola Wihlborg. Dimensions: 110cm width x 76cm depth x 207cm height.
IKEA00951,PAX,Storage,2312,Affordable and stylish furniture for everyday use.,IKEA Design Team,73,52,65,"Grey, Blue, Black",True,3.3,283,Product Name: PAX. Category: Storage. Price: 2312. Description: Affordable and stylish furniture for everyday use.. Designer: IKEA Design Team. Dimensions: 65cm width x 73cm depth x 52cm height.
IKEA00952,POANG,Bed,4007,Simple design with clean Scandinavian lines.,Monika Mulder,36,133,31,"Green, Blue, Grey",False,4.7,48,Product Name: POANG. Category: Bed. Price: 4007. Description: Simple design with clean Scandinavian lines.. Designer: Monika Mulder. Dimensions: 31cm width x 36cm depth x 133cm height.
IKEA00953,KALLAX,Bed,43089,Modern Scandinavian furniture with a simple and functional design.,Henrik Preutz,96,54,104,"Green, Beige, Brown",True,3.2,304,Product Name: KALLAX. Category: Bed. Price: 43089. Description: Modern Scandinavian furniture with a simple and functional design.. Designer: Henrik Preutz. Dimensions: 104cm width x 96cm depth x 54cm height.
IKEA00954,ALEX,Cabinet,48953,Space-saving furniture with easy assembly.,IKEA Design Team,46,162,66,"Green, Black, Blue",True,3.6,164,Product Name: ALEX. Category: Cabinet. Price: 48953. Description: Space-saving furniture with easy assembly.. Designer: IKEA Design Team. Dimensions: 66cm width x 46cm depth x 162cm height.
IKEA00955,BRIMNES,Sofa,32281,Affordable and stylish furniture for everyday use.,Jon Karlsson,34,47,30,"Brown, Grey, White",True,3.5,58,Product Name: BRIMNES. Category: Sofa. Price: 32281. Description: Affordable and stylish furniture for everyday use.. Designer: Jon Karlsson. Dimensions: 30cm width x 34cm depth x 47cm height.
IKEA00956,EKET,Sofa,33647,Minimalist design suitable for modern homes.,Monika Mulder,27,61,106,"Blue, Oak, Black",True,4.7,284,Product Name: EKET. Category: Sofa. Price: 33647. Description: Minimalist design suitable for modern homes.. Designer: Monika Mulder. Dimensions: 106cm width x 27cm depth x 61cm height.
IKEA00957,LACK,TV Unit,45150,Minimalist design suitable for modern homes.,Ola Wihlborg,35,140,67,"White, Black, Blue",True,3.3,384,Product Name: LACK. Category: TV Unit. Price: 45150. Description: Minimalist design suitable for modern homes.. Designer: Ola Wihlborg. Dimensions: 67cm width x 35cm depth x 140cm height.
IKEA00958,BRIMNES,Cabinet,13629,Minimalist design suitable for modern homes.,Monika Mulder,57,104,200,"Black, Grey, Oak",True,4.3,205,Product Name: BRIMNES. Category: Cabinet. Price: 13629. Description: Minimalist design suitable for modern homes.. Designer: Monika Mulder. Dimensions: 200cm width x 57cm depth x 104cm height.
IKEA00959,PAX,Chair,30905,Minimalist design suitable for modern homes.,Monika Mulder,38,37,102,"Green, White, Grey",False,3.0,160,Product Name: PAX. Category: Chair. Price: 30905. Description: Minimalist design suitable for modern homes.. Designer: Monika Mulder. Dimensions: 102cm width x 38cm depth x 37cm height.
IKEA00960,KALLAX,Dining Furniture,43125,Space-saving furniture with easy assembly.,Ola Wihlborg,76,40,120,"Brown, Oak, Beige",False,3.6,86,Product Name: KALLAX. Category: Dining Furniture. Price: 43125. Description: Space-saving furniture with easy assembly.. Designer: Ola Wihlborg. Dimensions: 120cm width x 76cm depth x 40cm height.
IKEA00961,BESTA,Cabinet,33477,Compact furniture suitable for small apartments.,Henrik Preutz,87,129,161,"Black, Green, Beige",True,3.7,373,Product Name: BESTA. Category: Cabinet. Price: 33477. Description: Compact furniture suitable for small apartments.. Designer: Henrik Preutz. Dimensions: 161cm width x 87cm depth x 129cm height.
IKEA00962,POANG,Wardrobe,30611,Space-saving furniture with easy assembly.,Jon Karlsson,55,198,107,"Blue, White, Beige",False,3.8,246,Product Name: POANG. Category: Wardrobe. Price: 30611. Description: Space-saving furniture with easy assembly.. Designer: Jon Karlsson. Dimensions: 107cm width x 55cm depth x 198cm height.
IKEA00963,POANG,Dining Furniture,12320,Affordable and stylish furniture for everyday use.,Ola Wihlborg,87,96,63,"Beige, Grey, Blue",True,4.2,429,Product Name: POANG. Category: Dining Furniture. Price: 12320. Description: Affordable and stylish furniture for everyday use.. Designer: Ola Wihlborg. Dimensions: 63cm width x 87cm depth x 96cm height.
IKEA00964,PAX,Chair,3443,Modern Scandinavian furniture with a simple and functional design.,Jon Karlsson,49,54,200,"Black, Oak, Beige",False,3.6,123,Product Name: PAX. Category: Chair. Price: 3443. Description: Modern Scandinavian furniture with a simple and functional design.. Designer: Jon Karlsson. Dimensions: 200cm width x 49cm depth x 54cm height.
IKEA00965,TROFAST,Desk,7408,Compact furniture suitable for small apartments.,Monika Mulder,73,46,45,"Grey, White, Blue",True,3.9,196,Product Name: TROFAST. Category: Desk. Price: 7408. Description: Compact furniture suitable for small apartments.. Designer: Monika Mulder. Dimensions: 45cm width x 73cm depth x 46cm height.
IKEA00966,POANG,Dining Furniture,2429,Compact furniture suitable for small apartments.,Henrik Preutz,33,208,145,"Blue, Black, Beige",True,3.4,256,Product Name: POANG. Category: Dining Furniture. Price: 2429. Description: Compact furniture suitable for small apartments.. Designer: Henrik Preutz. Dimensions: 145cm width x 33cm depth x 208cm height.
IKEA00967,EKET,Dining Furniture,19248,Compact furniture suitable for small apartments.,Jon Karlsson,40,141,165,"Oak, White, Grey",True,4.3,347,Product Name: EKET. Category: Dining Furniture. Price: 19248. Description: Compact furniture suitable for small apartments.. Designer: Jon Karlsson. Dimensions: 165cm width x 40cm depth x 141cm height.
IKEA00968,BILLY,Desk,2677,Simple design with clean Scandinavian lines.,Jon Karlsson,20,122,134,"Black, Brown, Green",False,3.4,111,Product Name: BILLY. Category: Desk. Price: 2677. Description: Simple design with clean Scandinavian lines.. Designer: Jon Karlsson. Dimensions: 134cm width x 20cm depth x 122cm height.
IKEA00969,POANG,Storage,33322,Durable furniture with practical storage space.,Henrik Preutz,99,173,65,"Black, Oak, Blue",False,4.7,296,Product Name: POANG. Category: Storage. Price: 33322. Description: Durable furniture with practical storage space.. Designer: Henrik Preutz. Dimensions: 65cm width x 99cm depth x 173cm height.
IKEA00970,BILLY,Table,34397,Durable furniture with practical storage space.,IKEA Design Team,35,157,89,"White, Grey, Blue",True,3.0,425,Product Name: BILLY. Category: Table. Price: 34397. Description: Durable furniture with practical storage space.. Designer: IKEA Design Team. Dimensions: 89cm width x 35cm depth x 157cm height.
IKEA00971,LACK,Bed,26085,Space-saving furniture with easy assembly.,Henrik Preutz,28,70,103,"Black, Grey, Blue",True,4.7,482,Product Name: LACK. Category: Bed. Price: 26085. Description: Space-saving furniture with easy assembly.. Designer: Henrik Preutz. Dimensions: 103cm width x 28cm depth x 70cm height.
IKEA00972,POANG,Cabinet,20961,Minimalist design suitable for modern homes.,Ola Wihlborg,27,169,58,"Green, Brown, Beige",True,3.1,220,Product Name: POANG. Category: Cabinet. Price: 20961. Description: Minimalist design suitable for modern homes.. Designer: Ola Wihlborg. Dimensions: 58cm width x 27cm depth x 169cm height.
IKEA00973,LACK,Desk,22423,Simple design with clean Scandinavian lines.,IKEA Design Team,37,82,170,"Beige, Blue, Green",True,3.5,42,Product Name: LACK. Category: Desk. Price: 22423. Description: Simple design with clean Scandinavian lines.. Designer: IKEA Design Team. Dimensions: 170cm width x 37cm depth x 82cm height.
IKEA00974,TROFAST,TV Unit,40476,Space-saving furniture with easy assembly.,IKEA Design Team,64,48,136,"Black, Grey, Oak",True,3.5,26,Product Name: TROFAST. Category: TV Unit. Price: 40476. Description: Space-saving furniture with easy assembly.. Designer: IKEA Design Team. Dimensions: 136cm width x 64cm depth x 48cm height.
IKEA00975,BILLY,Sofa,33043,Affordable and stylish furniture for everyday use.,Jon Karlsson,64,140,152,"Grey, Blue, Black",True,4.9,18,Product Name: BILLY. Category: Sofa. Price: 33043. Description: Affordable and stylish furniture for everyday use.. Designer: Jon Karlsson. Dimensions: 152cm width x 64cm depth x 140cm height.
IKEA00976,TROFAST,Desk,35507,Affordable and stylish furniture for everyday use.,Monika Mulder,22,171,153,"White, Oak, Blue",True,3.9,223,Product Name: TROFAST. Category: Desk. Price: 35507. Description: Affordable and stylish furniture for everyday use.. Designer: Monika Mulder. Dimensions: 153cm width x 22cm depth x 171cm height.
IKEA00977,MICKE,Table,8073,Minimalist design suitable for modern homes.,IKEA Design Team,98,124,120,"Oak, Brown, Green",True,3.5,52,Product Name: MICKE. Category: Table. Price: 8073. Description: Minimalist design suitable for modern homes.. Designer: IKEA Design Team. Dimensions: 120cm width x 98cm depth x 124cm height.
IKEA00978,POANG,Sofa,15383,Minimalist design suitable for modern homes.,Ola Wihlborg,92,41,33,"Oak, Blue, White",True,3.1,229,Product Name: POANG. Category: Sofa. Price: 15383. Description: Minimalist design suitable for modern homes.. Designer: Ola Wihlborg. Dimensions: 33cm width x 92cm depth x 41cm height.
IKEA00979,MALM,Bed,3364,Durable furniture with practical storage space.,Henrik Preutz,97,197,92,"Grey, Black, Green",False,4.0,67,Product Name: MALM. Category: Bed. Price: 3364. Description: Durable furniture with practical storage space.. Designer: Henrik Preutz. Dimensions: 92cm width x 97cm depth x 197cm height.
IKEA00980,ALEX,Chair,5504,Durable furniture with practical storage space.,Ola Wihlborg,46,156,121,"Oak, Green, Beige",True,4.9,404,Product Name: ALEX. Category: Chair. Price: 5504. Description: Durable furniture with practical storage space.. Designer: Ola Wihlborg. Dimensions: 121cm width x 46cm depth x 156cm height.
IKEA00981,MICKE,Bed,43336,Compact furniture suitable for small apartments.,Ola Wihlborg,54,111,168,"Black, White, Brown",False,4.4,323,Product Name: MICKE. Category: Bed. Price: 43336. Description: Compact furniture suitable for small apartments.. Designer: Ola Wihlborg. Dimensions: 168cm width x 54cm depth x 111cm height.
IKEA00982,EKET,Bed,5640,Compact furniture suitable for small apartments.,Jon Karlsson,86,89,108,"Oak, White, Brown",True,3.1,125,Product Name: EKET. Category: Bed. Price: 5640. Description: Compact furniture suitable for small apartments.. Designer: Jon Karlsson. Dimensions: 108cm width x 86cm depth x 89cm height.
IKEA00983,BRIMNES,Storage,43091,Simple design with clean Scandinavian lines.,Monika Mulder,34,35,157,"White, Brown, Blue",False,3.6,499,Product Name: BRIMNES. Category: Storage. Price: 43091. Description: Simple design with clean Scandinavian lines.. Designer: Monika Mulder. Dimensions: 157cm width x 34cm depth x 35cm height.
IKEA00984,BILLY,Sofa,18789,Simple design with clean Scandinavian lines.,Ola Wihlborg,69,156,34,"Blue, Oak, Green",True,3.4,199,Product Name: BILLY. Category: Sofa. Price: 18789. Description: Simple design with clean Scandinavian lines.. Designer: Ola Wihlborg. Dimensions: 34cm width x 69cm depth x 156cm height.
IKEA00985,MALM,Dining Furniture,28750,Affordable and stylish furniture for everyday use.,IKEA Design Team,59,38,168,"Beige, White, Grey",True,4.8,469,Product Name: MALM. Category: Dining Furniture. Price: 28750. Description: Affordable and stylish furniture for everyday use.. Designer: IKEA Design Team. Dimensions: 168cm width x 59cm depth x 38cm height.
IKEA00986,LACK,TV Unit,14690,Simple design with clean Scandinavian lines.,IKEA Design Team,63,215,189,"Blue, Green, Oak",True,4.6,288,Product Name: LACK. Category: TV Unit. Price: 14690. Description: Simple design with clean Scandinavian lines.. Designer: IKEA Design Team. Dimensions: 189cm width x 63cm depth x 215cm height.
IKEA00987,PAX,Dining Furniture,19335,Simple design with clean Scandinavian lines.,Ola Wihlborg,79,138,176,"Grey, Black, Oak",False,4.5,478,Product Name: PAX. Category: Dining Furniture. Price: 19335. Description: Simple design with clean Scandinavian lines.. Designer: Ola Wihlborg. Dimensions: 176cm width x 79cm depth x 138cm height.
IKEA00988,HEMNES,Table,1494,Durable furniture with practical storage space.,Henrik Preutz,30,93,168,"Grey, Brown, Green",False,3.1,145,Product Name: HEMNES. Category: Table. Price: 1494. Description: Durable furniture with practical storage space.. Designer: Henrik Preutz. Dimensions: 168cm width x 30cm depth x 93cm height.
IKEA00989,BESTA,Bed,43702,Durable furniture with practical storage space.,Ola Wihlborg,21,61,108,"Beige, Blue, Brown",True,3.9,13,Product Name: BESTA. Category: Bed. Price: 43702. Description: Durable furniture with practical storage space.. Designer: Ola Wihlborg. Dimensions: 108cm width x 21cm depth x 61cm height.
IKEA00990,EKET,Sofa,31067,Modern Scandinavian furniture with a simple and functional design.,Henrik Preutz,81,193,172,"Oak, Green, White",True,3.6,317,Product Name: EKET. Category: Sofa. Price: 31067. Description: Modern Scandinavian furniture with a simple and functional design.. Designer: Henrik Preutz. Dimensions: 172cm width x 81cm depth x 193cm height.
IKEA00991,MICKE,Wardrobe,4696,Minimalist design suitable for modern homes.,Jon Karlsson,53,100,96,"Green, Black, Blue",True,3.3,321,Product Name: MICKE. Category: Wardrobe. Price: 4696. Description: Minimalist design suitable for modern homes.. Designer: Jon Karlsson. Dimensions: 96cm width x 53cm depth x 100cm height.
IKEA00992,ALEX,Sofa,15747,Modern Scandinavian furniture with a simple and functional design.,IKEA Design Team,43,205,159,"Green, Grey, Brown",True,4.1,121,Product Name: ALEX. Category: Sofa. Price: 15747. Description: Modern Scandinavian furniture with a simple and functional design.. Designer: IKEA Design Team. Dimensions: 159cm width x 43cm depth x 205cm height.
IKEA00993,KALLAX,Bed,17370,Modern Scandinavian furniture with a simple and functional design.,Henrik Preutz,89,213,41,"Oak, Brown, White",True,4.0,62,Product Name: KALLAX. Category: Bed. Price: 17370. Description: Modern Scandinavian furniture with a simple and functional design.. Designer: Henrik Preutz. Dimensions: 41cm width x 89cm depth x 213cm height.
IKEA00994,MICKE,Chair,16029,Compact furniture suitable for small apartments.,Henrik Preutz,93,125,136,"Black, Beige, Oak",True,3.3,172,Product Name: MICKE. Category: Chair. Price: 16029. Description: Compact furniture suitable for small apartments.. Designer: Henrik Preutz. Dimensions: 136cm width x 93cm depth x 125cm height.
IKEA00995,POANG,Wardrobe,22452,Minimalist design suitable for modern homes.,Henrik Preutz,80,105,189,"White, Black, Brown",True,3.6,81,Product Name: POANG. Category: Wardrobe. Price: 22452. Description: Minimalist design suitable for modern homes.. Designer: Henrik Preutz. Dimensions: 189cm width x 80cm depth x 105cm height.
IKEA00996,POANG,Sofa,7461,Affordable and stylish furniture for everyday use.,Jon Karlsson,60,160,160,"Beige, Black, Oak",True,4.3,81,Product Name: POANG. Category: Sofa. Price: 7461. Description: Affordable and stylish furniture for everyday use.. Designer: Jon Karlsson. Dimensions: 160cm width x 60cm depth x 160cm height.
IKEA00997,PAX,Dining Furniture,5639,Modern Scandinavian furniture with a simple and functional design.,Jon Karlsson,92,158,177,"Blue, Grey, Beige",True,4.7,275,Product Name: PAX. Category: Dining Furniture. Price: 5639. Description: Modern Scandinavian furniture with a simple and functional design.. Designer: Jon Karlsson. Dimensions: 177cm width x 92cm depth x 158cm height.
IKEA00998,TROFAST,Sofa,40286,Minimalist design suitable for modern homes.,Ola Wihlborg,86,142,111,"Grey, Black, Green",True,4.8,173,Product Name: TROFAST. Category: Sofa. Price: 40286. Description: Minimalist design suitable for modern homes.. Designer: Ola Wihlborg. Dimensions: 111cm width x 86cm depth x 142cm height.
IKEA00999,HEMNES,Wardrobe,15630,Minimalist design suitable for modern homes.,Henrik Preutz,34,207,91,"Green, Beige, Oak",True,3.2,291,Product Name: HEMNES. Category: Wardrobe. Price: 15630. Description: Minimalist design suitable for modern homes.. Designer: Henrik Preutz. Dimensions: 91cm width x 34cm depth x 207cm height.
IKEA01000,MICKE,Chair,24242,Space-saving furniture with easy assembly.,Monika Mulder,97,88,144,"Blue, Black, Grey",True,4.9,130,Product Name: MICKE. Category: Chair. Price: 24242. Description: Space-saving furniture with easy assembly.. Designer: Monika Mulder. Dimensions: 144cm width x 97cm depth x 88cm height.
IKEA01001,TROFAST,Bookshelf,44677,Affordable and stylish furniture for everyday use.,Jon Karlsson,97,96,103,"Beige, Brown, White",True,3.8,263,Product Name: TROFAST. Category: Bookshelf. Price: 44677. Description: Affordable and stylish furniture for everyday use.. Designer: Jon Karlsson. Dimensions: 103cm width x 97cm depth x 96cm height.
IKEA01002,MALM,TV Unit,32886,Space-saving furniture with easy assembly.,Jon Karlsson,43,146,33,"Brown, White, Oak",True,4.5,369,Product Name: MALM. Category: TV Unit. Price: 32886. Description: Space-saving furniture with easy assembly.. Designer: Jon Karlsson. Dimensions: 33cm width x 43cm depth x 146cm height.
IKEA01003,EKET,Chair,8782,Simple design with clean Scandinavian lines.,IKEA Design Team,75,36,72,"Black, Green, Grey",False,4.8,186,Product Name: EKET. Category: Chair. Price: 8782. Description: Simple design with clean Scandinavian lines.. Designer: IKEA Design Team. Dimensions: 72cm width x 75cm depth x 36cm height.
IKEA01004,MALM,Bookshelf,46172,Affordable and stylish furniture for everyday use.,Jon Karlsson,57,60,116,"Beige, Grey, Blue",True,5.0,28,Product Name: MALM. Category: Bookshelf. Price: 46172. Description: Affordable and stylish furniture for everyday use.. Designer: Jon Karlsson. Dimensions: 116cm width x 57cm depth x 60cm height.
IKEA01005,BILLY,Wardrobe,29917,Minimalist design suitable for modern homes.,Monika Mulder,75,104,152,"Brown, Beige, Black",True,3.3,8,Product Name: BILLY. Category: Wardrobe. Price: 29917. Description: Minimalist design suitable for modern homes.. Designer: Monika Mulder. Dimensions: 152cm width x 75cm depth x 104cm height.
IKEA01006,POANG,TV Unit,24739,Space-saving furniture with easy assembly.,Monika Mulder,68,112,142,"Brown, Grey, Beige",True,4.9,54,Product Name: POANG. Category: TV Unit. Price: 24739. Description: Space-saving furniture with easy assembly.. Designer: Monika Mulder. Dimensions: 142cm width x 68cm depth x 112cm height.
IKEA01007,HEMNES,Bed,32827,Durable furniture with practical storage space.,IKEA Design Team,92,162,164,"Blue, Brown, Green",False,3.6,96,Product Name: HEMNES. Category: Bed. Price: 32827. Description: Durable furniture with practical storage space.. Designer: IKEA Design Team. Dimensions: 164cm width x 92cm depth x 162cm height.
IKEA01008,MALM,Sofa,48643,Space-saving furniture with easy assembly.,Jon Karlsson,75,162,101,"Beige, White, Brown",True,3.3,152,Product Name: MALM. Category: Sofa. Price: 48643. Description: Space-saving furniture with easy assembly.. Designer: Jon Karlsson. Dimensions: 101cm width x 75cm depth x 162cm height.
IKEA01009,LACK,Storage,29263,Compact furniture suitable for small apartments.,Jon Karlsson,56,96,185,"Black, Green, Beige",True,3.3,110,Product Name: LACK. Category: Storage. Price: 29263. Description: Compact furniture suitable for small apartments.. Designer: Jon Karlsson. Dimensions: 185cm width x 56cm depth x 96cm height.
IKEA01010,MICKE,Cabinet,49969,Compact furniture suitable for small apartments.,IKEA Design Team,96,40,168,"Oak, White, Green",True,3.7,149,Product Name: MICKE. Category: Cabinet. Price: 49969. Description: Compact furniture suitable for small apartments.. Designer: IKEA Design Team. Dimensions: 168cm width x 96cm depth x 40cm height.
IKEA01011,POANG,Bookshelf,48477,Minimalist design suitable for modern homes.,Ola Wihlborg,36,146,105,"Black, Beige, Blue",True,3.9,226,Product Name: POANG. Category: Bookshelf. Price: 48477. Description: Minimalist design suitable for modern homes.. Designer: Ola Wihlborg. Dimensions: 105cm width x 36cm depth x 146cm height.
IKEA01012,EKET,Bed,6191,Simple design with clean Scandinavian lines.,Jon Karlsson,55,217,59,"Beige, Blue, White",True,4.5,172,Product Name: EKET. Category: Bed. Price: 6191. Description: Simple design with clean Scandinavian lines.. Designer: Jon Karlsson. Dimensions: 59cm width x 55cm depth x 217cm height.
IKEA01013,MALM,Cabinet,22475,Durable furniture with practical storage space.,Monika Mulder,100,218,161,"Black, Beige, Blue",True,4.8,24,Product Name: MALM. Category: Cabinet. Price: 22475. Description: Durable furniture with practical storage space.. Designer: Monika Mulder. Dimensions: 161cm width x 100cm depth x 218cm height.
IKEA01014,PAX,Chair,46708,Simple design with clean Scandinavian lines.,Ola Wihlborg,60,78,172,"White, Beige, Blue",True,3.5,305,Product Name: PAX. Category: Chair. Price: 46708. Description: Simple design with clean Scandinavian lines.. Designer: Ola Wihlborg. Dimensions: 172cm width x 60cm depth x 78cm height.
IKEA01015,PAX,Desk,44627,Compact furniture suitable for small apartments.,Henrik Preutz,80,68,154,"Brown, Beige, Oak",True,3.3,330,Product Name: PAX. Category: Desk. Price: 44627. Description: Compact furniture suitable for small apartments.. Designer: Henrik Preutz. Dimensions: 154cm width x 80cm depth x 68cm height.
IKEA01016,BILLY,Cabinet,47900,Space-saving furniture with easy assembly.,Jon Karlsson,20,141,47,"Green, Grey, Blue",True,4.4,24,Product Name: BILLY. Category: Cabinet. Price: 47900. Description: Space-saving furniture with easy assembly.. Designer: Jon Karlsson. Dimensions: 47cm width x 20cm depth x 141cm height.
IKEA01017,PAX,Bed,40697,Minimalist design suitable for modern homes.,Ola Wihlborg,50,193,119,"Green, Grey, Beige",True,4.8,435,Product Name: PAX. Category: Bed. Price: 40697. Description: Minimalist design suitable for modern homes.. Designer: Ola Wihlborg. Dimensions: 119cm width x 50cm depth x 193cm height.
IKEA01018,HEMNES,Bed,44275,Minimalist design suitable for modern homes.,Monika Mulder,100,130,183,"Beige, Grey, Oak",True,3.2,62,Product Name: HEMNES. Category: Bed. Price: 44275. Description: Minimalist design suitable for modern homes.. Designer: Monika Mulder. Dimensions: 183cm width x 100cm depth x 130cm height.
IKEA01019,TROFAST,Bed,27997,Minimalist design suitable for modern homes.,Henrik Preutz,51,199,138,"Black, Green, Oak",True,4.3,182,Product Name: TROFAST. Category: Bed. Price: 27997. Description: Minimalist design suitable for modern homes.. Designer: Henrik Preutz. Dimensions: 138cm width x 51cm depth x 199cm height.
IKEA01020,BRIMNES,Bookshelf,46690,Compact furniture suitable for small apartments.,Monika Mulder,82,183,135,"Oak, White, Brown",True,4.0,460,Product Name: BRIMNES. Category: Bookshelf. Price: 46690. Description: Compact furniture suitable for small apartments.. Designer: Monika Mulder. Dimensions: 135cm width x 82cm depth x 183cm height.
IKEA01021,IVAR,Bookshelf,4483,Affordable and stylish furniture for everyday use.,Henrik Preutz,53,202,111,"Blue, Oak, Green",False,3.8,472,Product Name: IVAR. Category: Bookshelf. Price: 4483. Description: Affordable and stylish furniture for everyday use.. Designer: Henrik Preutz. Dimensions: 111cm width x 53cm depth x 202cm height.
IKEA01022,KALLAX,Bed,32317,Space-saving furniture with easy assembly.,Jon Karlsson,63,192,41,"Grey, Oak, Blue",True,4.1,90,Product Name: KALLAX. Category: Bed. Price: 32317. Description: Space-saving furniture with easy assembly.. Designer: Jon Karlsson. Dimensions: 41cm width x 63cm depth x 192cm height.
IKEA01023,MICKE,Desk,41477,Modern Scandinavian furniture with a simple and functional design.,Ola Wihlborg,98,114,63,"White, Beige, Green",False,3.2,365,Product Name: MICKE. Category: Desk. Price: 41477. Description: Modern Scandinavian furniture with a simple and functional design.. Designer: Ola Wihlborg. Dimensions: 63cm width x 98cm depth x 114cm height.
IKEA01024,BESTA,Wardrobe,36733,Modern Scandinavian furniture with a simple and functional design.,IKEA Design Team,86,83,122,"Oak, Black, Grey",False,4.7,122,Product Name: BESTA. Category: Wardrobe. Price: 36733. Description: Modern Scandinavian furniture with a simple and functional design.. Designer: IKEA Design Team. Dimensions: 122cm width x 86cm depth x 83cm height.
IKEA01025,LACK,Table,25001,Durable furniture with practical storage space.,Monika Mulder,47,171,93,"White, Green, Blue",True,4.0,410,Product Name: LACK. Category: Table. Price: 25001. Description: Durable furniture with practical storage space.. Designer: Monika Mulder. Dimensions: 93cm width x 47cm depth x 171cm height.
IKEA01026,EKET,Sofa,10784,Durable furniture with practical storage space.,Henrik Preutz,23,88,191,"Oak, White, Brown",True,4.6,198,Product Name: EKET. Category: Sofa. Price: 10784. Description: Durable furniture with practical storage space.. Designer: Henrik Preutz. Dimensions: 191cm width x 23cm depth x 88cm height.
IKEA01027,ALEX,Bookshelf,9096,Simple design with clean Scandinavian lines.,Henrik Preutz,30,49,48,"Blue, White, Green",True,3.2,306,Product Name: ALEX. Category: Bookshelf. Price: 9096. Description: Simple design with clean Scandinavian lines.. Designer: Henrik Preutz. Dimensions: 48cm width x 30cm depth x 49cm height.
IKEA01028,TROFAST,Bookshelf,13231,Simple design with clean Scandinavian lines.,Ola Wihlborg,59,112,138,"White, Brown, Blue",False,3.4,140,Product Name: TROFAST. Category: Bookshelf. Price: 13231. Description: Simple design with clean Scandinavian lines.. Designer: Ola Wihlborg. Dimensions: 138cm width x 59cm depth x 112cm height.
IKEA01029,ALEX,TV Unit,31392,Minimalist design suitable for modern homes.,Henrik Preutz,74,53,86,"Blue, Grey, Brown",False,3.6,364,Product Name: ALEX. Category: TV Unit. Price: 31392. Description: Minimalist design suitable for modern homes.. Designer: Henrik Preutz. Dimensions: 86cm width x 74cm depth x 53cm height.
IKEA01030,MICKE,Cabinet,16530,Minimalist design suitable for modern homes.,IKEA Design Team,83,216,130,"Beige, Blue, Grey",True,3.9,300,Product Name: MICKE. Category: Cabinet. Price: 16530. Description: Minimalist design suitable for modern homes.. Designer: IKEA Design Team. Dimensions: 130cm width x 83cm depth x 216cm height.
IKEA01031,KALLAX,Bookshelf,15710,Minimalist design suitable for modern homes.,Henrik Preutz,81,174,57,"Grey, Brown, Black",True,3.2,91,Product Name: KALLAX. Category: Bookshelf. Price: 15710. Description: Minimalist design suitable for modern homes.. Designer: Henrik Preutz. Dimensions: 57cm width x 81cm depth x 174cm height.
IKEA01032,HEMNES,Storage,39388,Compact furniture suitable for small apartments.,IKEA Design Team,38,133,187,"Green, Grey, Beige",True,3.1,257,Product Name: HEMNES. Category: Storage. Price: 39388. Description: Compact furniture suitable for small apartments.. Designer: IKEA Design Team. Dimensions: 187cm width x 38cm depth x 133cm height.
IKEA01033,LACK,Bookshelf,20910,Space-saving furniture with easy assembly.,Henrik Preutz,39,39,112,"Blue, Green, White",True,4.4,391,Product Name: LACK. Category: Bookshelf. Price: 20910. Description: Space-saving furniture with easy assembly.. Designer: Henrik Preutz. Dimensions: 112cm width x 39cm depth x 39cm height.
IKEA01034,MICKE,Storage,36254,Minimalist design suitable for modern homes.,Henrik Preutz,50,112,148,"Green, Grey, Blue",True,4.8,222,Product Name: MICKE. Category: Storage. Price: 36254. Description: Minimalist design suitable for modern homes.. Designer: Henrik Preutz. Dimensions: 148cm width x 50cm depth x 112cm height.
IKEA01035,BRIMNES,Chair,25119,Compact furniture suitable for small apartments.,IKEA Design Team,40,163,61,"Brown, Black, Oak",True,3.1,222,Product Name: BRIMNES. Category: Chair. Price: 25119. Description: Compact furniture suitable for small apartments.. Designer: IKEA Design Team. Dimensions: 61cm width x 40cm depth x 163cm height.
IKEA01036,EKET,Table,41535,Simple design with clean Scandinavian lines.,Ola Wihlborg,82,65,170,"Blue, Oak, White",True,3.2,155,Product Name: EKET. Category: Table. Price: 41535. Description: Simple design with clean Scandinavian lines.. Designer: Ola Wihlborg. Dimensions: 170cm width x 82cm depth x 65cm height.
IKEA01037,BRIMNES,Dining Furniture,18266,Affordable and stylish furniture for everyday use.,Henrik Preutz,98,125,174,"Brown, Black, Green",True,4.6,492,Product Name: BRIMNES. Category: Dining Furniture. Price: 18266. Description: Affordable and stylish furniture for everyday use.. Designer: Henrik Preutz. Dimensions: 174cm width x 98cm depth x 125cm height.
IKEA01038,BRIMNES,Wardrobe,34537,Affordable and stylish furniture for everyday use.,Henrik Preutz,80,148,83,"Beige, Green, Blue",True,3.3,371,Product Name: BRIMNES. Category: Wardrobe. Price: 34537. Description: Affordable and stylish furniture for everyday use.. Designer: Henrik Preutz. Dimensions: 83cm width x 80cm depth x 148cm height.
IKEA01039,IVAR,Storage,1142,Durable furniture with practical storage space.,Monika Mulder,42,68,150,"Black, White, Brown",True,3.4,53,Product Name: IVAR. Category: Storage. Price: 1142. Description: Durable furniture with practical storage space.. Designer: Monika Mulder. Dimensions: 150cm width x 42cm depth x 68cm height.
IKEA01040,MICKE,Storage,22193,Modern Scandinavian furniture with a simple and functional design.,IKEA Design Team,99,149,182,"Brown, White, Green",True,3.7,12,Product Name: MICKE. Category: Storage. Price: 22193. Description: Modern Scandinavian furniture with a simple and functional design.. Designer: IKEA Design Team. Dimensions: 182cm width x 99cm depth x 149cm height.
IKEA01041,HEMNES,Bed,19123,Simple design with clean Scandinavian lines.,Monika Mulder,94,216,108,"Beige, Grey, Oak",True,4.1,333,Product Name: HEMNES. Category: Bed. Price: 19123. Description: Simple design with clean Scandinavian lines.. Designer: Monika Mulder. Dimensions: 108cm width x 94cm depth x 216cm height.
IKEA01042,ALEX,Desk,5576,Affordable and stylish furniture for everyday use.,Jon Karlsson,33,217,85,"Grey, Black, Brown",True,3.3,272,Product Name: ALEX. Category: Desk. Price: 5576. Description: Affordable and stylish furniture for everyday use.. Designer: Jon Karlsson. Dimensions: 85cm width x 33cm depth x 217cm height.
IKEA01043,POANG,Dining Furniture,25595,Durable furniture with practical storage space.,Ola Wihlborg,95,184,100,"Green, Black, Blue",True,4.6,115,Product Name: POANG. Category: Dining Furniture. Price: 25595. Description: Durable furniture with practical storage space.. Designer: Ola Wihlborg. Dimensions: 100cm width x 95cm depth x 184cm height.
IKEA01044,BILLY,TV Unit,10099,Compact furniture suitable for small apartments.,Jon Karlsson,80,30,112,"Black, White, Green",False,3.9,246,Product Name: BILLY. Category: TV Unit. Price: 10099. Description: Compact furniture suitable for small apartments.. Designer: Jon Karlsson. Dimensions: 112cm width x 80cm depth x 30cm height.
IKEA01045,BESTA,Bed,33291,Simple design with clean Scandinavian lines.,IKEA Design Team,50,173,130,"Blue, Green, Oak",False,3.7,434,Product Name: BESTA. Category: Bed. Price: 33291. Description: Simple design with clean Scandinavian lines.. Designer: IKEA Design Team. Dimensions: 130cm width x 50cm depth x 173cm height.
IKEA01046,MICKE,Wardrobe,35278,Modern Scandinavian furniture with a simple and functional design.,Ola Wihlborg,47,72,192,"Grey, Beige, Black",False,4.1,255,Product Name: MICKE. Category: Wardrobe. Price: 35278. Description: Modern Scandinavian furniture with a simple and functional design.. Designer: Ola Wihlborg. Dimensions: 192cm width x 47cm depth x 72cm height.
IKEA01047,BRIMNES,Bed,45415,Modern Scandinavian furniture with a simple and functional design.,Ola Wihlborg,75,196,119,"Brown, White, Green",False,4.5,182,Product Name: BRIMNES. Category: Bed. Price: 45415. Description: Modern Scandinavian furniture with a simple and functional design.. Designer: Ola Wihlborg. Dimensions: 119cm width x 75cm depth x 196cm height.
IKEA01048,BRIMNES,Bookshelf,14509,Affordable and stylish furniture for everyday use.,Ola Wihlborg,44,127,125,"Brown, Beige, White",True,3.9,274,Product Name: BRIMNES. Category: Bookshelf. Price: 14509. Description: Affordable and stylish furniture for everyday use.. Designer: Ola Wihlborg. Dimensions: 125cm width x 44cm depth x 127cm height.
IKEA01049,HEMNES,Sofa,38915,Durable furniture with practical storage space.,Henrik Preutz,32,124,94,"White, Grey, Brown",True,4.3,333,Product Name: HEMNES. Category: Sofa. Price: 38915. Description: Durable furniture with practical storage space.. Designer: Henrik Preutz. Dimensions: 94cm width x 32cm depth x 124cm height.
IKEA01050,EKET,Bookshelf,3377,Space-saving furniture with easy assembly.,Henrik Preutz,55,190,44,"White, Blue, Beige",False,5.0,328,Product Name: EKET. Category: Bookshelf. Price: 3377. Description: Space-saving furniture with easy assembly.. Designer: Henrik Preutz. Dimensions: 44cm width x 55cm depth x 190cm height.
IKEA01051,EKET,Storage,11887,Minimalist design suitable for modern homes.,Ola Wihlborg,33,39,124,"White, Grey, Beige",True,4.4,95,Product Name: EKET. Category: Storage. Price: 11887. Description: Minimalist design suitable for modern homes.. Designer: Ola Wihlborg. Dimensions: 124cm width x 33cm depth x 39cm height.
IKEA01052,IVAR,Table,5926,Minimalist design suitable for modern homes.,IKEA Design Team,27,143,193,"White, Brown, Green",True,5.0,104,Product Name: IVAR. Category: Table. Price: 5926. Description: Minimalist design suitable for modern homes.. Designer: IKEA Design Team. Dimensions: 193cm width x 27cm depth x 143cm height.
IKEA01053,ALEX,TV Unit,48828,Modern Scandinavian furniture with a simple and functional design.,Henrik Preutz,60,211,73,"Beige, Grey, White",False,3.8,346,Product Name: ALEX. Category: TV Unit. Price: 48828. Description: Modern Scandinavian furniture with a simple and functional design.. Designer: Henrik Preutz. Dimensions: 73cm width x 60cm depth x 211cm height.
IKEA01054,ALEX,Sofa,4755,Compact furniture suitable for small apartments.,Ola Wihlborg,38,216,98,"Black, Green, Oak",True,3.6,106,Product Name: ALEX. Category: Sofa. Price: 4755. Description: Compact furniture suitable for small apartments.. Designer: Ola Wihlborg. Dimensions: 98cm width x 38cm depth x 216cm height.
IKEA01055,BRIMNES,Cabinet,27319,Compact furniture suitable for small apartments.,IKEA Design Team,59,100,173,"Beige, White, Brown",False,4.1,361,Product Name: BRIMNES. Category: Cabinet. Price: 27319. Description: Compact furniture suitable for small apartments.. Designer: IKEA Design Team. Dimensions: 173cm width x 59cm depth x 100cm height.
IKEA01056,BILLY,TV Unit,30842,Modern Scandinavian furniture with a simple and functional design.,IKEA Design Team,31,76,52,"Brown, Green, Grey",True,4.5,408,Product Name: BILLY. Category: TV Unit. Price: 30842. Description: Modern Scandinavian furniture with a simple and functional design.. Designer: IKEA Design Team. Dimensions: 52cm width x 31cm depth x 76cm height.
IKEA01057,KALLAX,Desk,42307,Durable furniture with practical storage space.,Monika Mulder,30,215,93,"Grey, Blue, Beige",True,4.5,382,Product Name: KALLAX. Category: Desk. Price: 42307. Description: Durable furniture with practical storage space.. Designer: Monika Mulder. Dimensions: 93cm width x 30cm depth x 215cm height.
IKEA01058,MALM,Bed,3994,Minimalist design suitable for modern homes.,Henrik Preutz,42,101,65,"Beige, Oak, Black",True,3.5,107,Product Name: MALM. Category: Bed. Price: 3994. Description: Minimalist design suitable for modern homes.. Designer: Henrik Preutz. Dimensions: 65cm width x 42cm depth x 101cm height.
IKEA01059,MALM,Bed,17496,Space-saving furniture with easy assembly.,Monika Mulder,53,53,155,"Beige, Grey, Brown",True,4.5,272,Product Name: MALM. Category: Bed. Price: 17496. Description: Space-saving furniture with easy assembly.. Designer: Monika Mulder. Dimensions: 155cm width x 53cm depth x 53cm height.
IKEA01060,EKET,Dining Furniture,45524,Simple design with clean Scandinavian lines.,Jon Karlsson,24,179,128,"Brown, Grey, Blue",True,5.0,227,Product Name: EKET. Category: Dining Furniture. Price: 45524. Description: Simple design with clean Scandinavian lines.. Designer: Jon Karlsson. Dimensions: 128cm width x 24cm depth x 179cm height.
IKEA01061,BESTA,Dining Furniture,45195,Simple design with clean Scandinavian lines.,Henrik Preutz,46,117,158,"Grey, White, Green",True,3.5,244,Product Name: BESTA. Category: Dining Furniture. Price: 45195. Description: Simple design with clean Scandinavian lines.. Designer: Henrik Preutz. Dimensions: 158cm width x 46cm depth x 117cm height.
IKEA01062,LACK,Sofa,8055,Affordable and stylish furniture for everyday use.,Jon Karlsson,80,65,149,"Beige, Brown, Grey",False,4.3,466,Product Name: LACK. Category: Sofa. Price: 8055. Description: Affordable and stylish furniture for everyday use.. Designer: Jon Karlsson. Dimensions: 149cm width x 80cm depth x 65cm height.
IKEA01063,KALLAX,Wardrobe,46458,Modern Scandinavian furniture with a simple and functional design.,Henrik Preutz,21,70,137,"Green, Brown, Blue",True,3.4,188,Product Name: KALLAX. Category: Wardrobe. Price: 46458. Description: Modern Scandinavian furniture with a simple and functional design.. Designer: Henrik Preutz. Dimensions: 137cm width x 21cm depth x 70cm height.
IKEA01064,LACK,Table,31093,Affordable and stylish furniture for everyday use.,Jon Karlsson,22,142,187,"Green, Grey, Blue",False,4.5,247,Product Name: LACK. Category: Table. Price: 31093. Description: Affordable and stylish furniture for everyday use.. Designer: Jon Karlsson. Dimensions: 187cm width x 22cm depth x 142cm height.
IKEA01065,IVAR,Desk,17051,Space-saving furniture with easy assembly.,Henrik Preutz,96,116,153,"Blue, Brown, White",True,4.5,466,Product Name: IVAR. Category: Desk. Price: 17051. Description: Space-saving furniture with easy assembly.. Designer: Henrik Preutz. Dimensions: 153cm width x 96cm depth x 116cm height.
IKEA01066,MICKE,Chair,28088,Minimalist design suitable for modern homes.,Henrik Preutz,93,132,181,"White, Black, Grey",True,4.8,458,Product Name: MICKE. Category: Chair. Price: 28088. Description: Minimalist design suitable for modern homes.. Designer: Henrik Preutz. Dimensions: 181cm width x 93cm depth x 132cm height.
IKEA01067,POANG,Cabinet,13505,Affordable and stylish furniture for everyday use.,Jon Karlsson,36,199,115,"White, Green, Brown",True,4.6,239,Product Name: POANG. Category: Cabinet. Price: 13505. Description: Affordable and stylish furniture for everyday use.. Designer: Jon Karlsson. Dimensions: 115cm width x 36cm depth x 199cm height.
IKEA01068,PAX,Table,30684,Modern Scandinavian furniture with a simple and functional design.,Jon Karlsson,45,74,107,"Grey, White, Black",True,4.7,228,Product Name: PAX. Category: Table. Price: 30684. Description: Modern Scandinavian furniture with a simple and functional design.. Designer: Jon Karlsson. Dimensions: 107cm width x 45cm depth x 74cm height.
IKEA01069,BILLY,Desk,10600,Space-saving furniture with easy assembly.,Ola Wihlborg,67,31,152,"Brown, Green, White",False,4.1,206,Product Name: BILLY. Category: Desk. Price: 10600. Description: Space-saving furniture with easy assembly.. Designer: Ola Wihlborg. Dimensions: 152cm width x 67cm depth x 31cm height.
IKEA01070,BRIMNES,Desk,31452,Space-saving furniture with easy assembly.,Monika Mulder,79,210,92,"Black, Oak, Green",True,4.5,73,Product Name: BRIMNES. Category: Desk. Price: 31452. Description: Space-saving furniture with easy assembly.. Designer: Monika Mulder. Dimensions: 92cm width x 79cm depth x 210cm height.
IKEA01071,PAX,Wardrobe,19058,Simple design with clean Scandinavian lines.,Monika Mulder,96,130,166,"Black, Brown, Oak",True,3.4,316,Product Name: PAX. Category: Wardrobe. Price: 19058. Description: Simple design with clean Scandinavian lines.. Designer: Monika Mulder. Dimensions: 166cm width x 96cm depth x 130cm height.
IKEA01072,MALM,Desk,24690,Durable furniture with practical storage space.,Henrik Preutz,84,30,186,"Blue, White, Beige",True,3.3,101,Product Name: MALM. Category: Desk. Price: 24690. Description: Durable furniture with practical storage space.. Designer: Henrik Preutz. Dimensions: 186cm width x 84cm depth x 30cm height.
IKEA01073,KALLAX,Desk,20286,Minimalist design suitable for modern homes.,IKEA Design Team,63,128,197,"Brown, Oak, Black",True,3.6,350,Product Name: KALLAX. Category: Desk. Price: 20286. Description: Minimalist design suitable for modern homes.. Designer: IKEA Design Team. Dimensions: 197cm width x 63cm depth x 128cm height.
IKEA01074,IVAR,Storage,2781,Durable furniture with practical storage space.,Monika Mulder,42,71,131,"Black, Oak, White",True,4.4,56,Product Name: IVAR. Category: Storage. Price: 2781. Description: Durable furniture with practical storage space.. Designer: Monika Mulder. Dimensions: 131cm width x 42cm depth x 71cm height.
IKEA01075,ALEX,Bookshelf,1300,Compact furniture suitable for small apartments.,Henrik Preutz,36,177,159,"Blue, Beige, Oak",True,4.0,496,Product Name: ALEX. Category: Bookshelf. Price: 1300. Description: Compact furniture suitable for small apartments.. Designer: Henrik Preutz. Dimensions: 159cm width x 36cm depth x 177cm height.
IKEA01076,ALEX,Bookshelf,28185,Simple design with clean Scandinavian lines.,IKEA Design Team,58,138,96,"Black, Grey, Oak",True,4.6,369,Product Name: ALEX. Category: Bookshelf. Price: 28185. Description: Simple design with clean Scandinavian lines.. Designer: IKEA Design Team. Dimensions: 96cm width x 58cm depth x 138cm height.
IKEA01077,BESTA,Cabinet,24410,Modern Scandinavian furniture with a simple and functional design.,Jon Karlsson,74,166,128,"Black, Green, White",True,4.9,367,Product Name: BESTA. Category: Cabinet. Price: 24410. Description: Modern Scandinavian furniture with a simple and functional design.. Designer: Jon Karlsson. Dimensions: 128cm width x 74cm depth x 166cm height.
IKEA01078,POANG,Bed,13449,Affordable and stylish furniture for everyday use.,Ola Wihlborg,78,141,42,"Green, Brown, White",True,4.7,240,Product Name: POANG. Category: Bed. Price: 13449. Description: Affordable and stylish furniture for everyday use.. Designer: Ola Wihlborg. Dimensions: 42cm width x 78cm depth x 141cm height.
IKEA01079,BESTA,Sofa,39776,Space-saving furniture with easy assembly.,Henrik Preutz,52,138,116,"Grey, Blue, White",True,3.4,187,Product Name: BESTA. Category: Sofa. Price: 39776. Description: Space-saving furniture with easy assembly.. Designer: Henrik Preutz. Dimensions: 116cm width x 52cm depth x 138cm height.
IKEA01080,PAX,Sofa,29778,Durable furniture with practical storage space.,Henrik Preutz,24,182,58,"Beige, Green, White",False,3.5,48,Product Name: PAX. Category: Sofa. Price: 29778. Description: Durable furniture with practical storage space.. Designer: Henrik Preutz. Dimensions: 58cm width x 24cm depth x 182cm height.
IKEA01081,MICKE,Chair,8760,Space-saving furniture with easy assembly.,Jon Karlsson,83,140,100,"Beige, Oak, Green",True,4.8,467,Product Name: MICKE. Category: Chair. Price: 8760. Description: Space-saving furniture with easy assembly.. Designer: Jon Karlsson. Dimensions: 100cm width x 83cm depth x 140cm height.
IKEA01082,IVAR,Cabinet,37793,Minimalist design suitable for modern homes.,IKEA Design Team,29,113,125,"White, Black, Grey",True,3.8,376,Product Name: IVAR. Category: Cabinet. Price: 37793. Description: Minimalist design suitable for modern homes.. Designer: IKEA Design Team. Dimensions: 125cm width x 29cm depth x 113cm height.
IKEA01083,BILLY,Wardrobe,42228,Space-saving furniture with easy assembly.,Henrik Preutz,74,132,35,"Brown, Beige, Green",True,4.7,226,Product Name: BILLY. Category: Wardrobe. Price: 42228. Description: Space-saving furniture with easy assembly.. Designer: Henrik Preutz. Dimensions: 35cm width x 74cm depth x 132cm height.
IKEA01084,BILLY,Desk,37913,Durable furniture with practical storage space.,Henrik Preutz,98,161,168,"Oak, Beige, White",True,4.1,115,Product Name: BILLY. Category: Desk. Price: 37913. Description: Durable furniture with practical storage space.. Designer: Henrik Preutz. Dimensions: 168cm width x 98cm depth x 161cm height.
IKEA01085,TROFAST,Bookshelf,18507,Space-saving furniture with easy assembly.,Jon Karlsson,55,158,41,"Blue, Black, Beige",True,3.5,213,Product Name: TROFAST. Category: Bookshelf. Price: 18507. Description: Space-saving furniture with easy assembly.. Designer: Jon Karlsson. Dimensions: 41cm width x 55cm depth x 158cm height.
IKEA01086,HEMNES,Sofa,27652,Space-saving furniture with easy assembly.,Jon Karlsson,55,98,148,"Beige, White, Black",True,3.0,171,Product Name: HEMNES. Category: Sofa. Price: 27652. Description: Space-saving furniture with easy assembly.. Designer: Jon Karlsson. Dimensions: 148cm width x 55cm depth x 98cm height.
IKEA01087,HEMNES,Chair,40566,Durable furniture with practical storage space.,Ola Wihlborg,78,180,137,"Beige, Grey, Oak",False,4.9,11,Product Name: HEMNES. Category: Chair. Price: 40566. Description: Durable furniture with practical storage space.. Designer: Ola Wihlborg. Dimensions: 137cm width x 78cm depth x 180cm height.
IKEA01088,BESTA,Wardrobe,21447,Durable furniture with practical storage space.,Monika Mulder,39,148,157,"Oak, Grey, Beige",True,4.3,135,Product Name: BESTA. Category: Wardrobe. Price: 21447. Description: Durable furniture with practical storage space.. Designer: Monika Mulder. Dimensions: 157cm width x 39cm depth x 148cm height.
IKEA01089,PAX,Sofa,43798,Simple design with clean Scandinavian lines.,Ola Wihlborg,30,191,154,"Beige, White, Black",True,3.6,389,Product Name: PAX. Category: Sofa. Price: 43798. Description: Simple design with clean Scandinavian lines.. Designer: Ola Wihlborg. Dimensions: 154cm width x 30cm depth x 191cm height.
IKEA01090,BESTA,Storage,44703,Minimalist design suitable for modern homes.,IKEA Design Team,39,189,179,"Brown, Grey, Green",False,3.8,396,Product Name: BESTA. Category: Storage. Price: 44703. Description: Minimalist design suitable for modern homes.. Designer: IKEA Design Team. Dimensions: 179cm width x 39cm depth x 189cm height.
IKEA01091,KALLAX,Bed,36965,Space-saving furniture with easy assembly.,Monika Mulder,50,126,167,"Brown, Oak, Grey",True,3.2,116,Product Name: KALLAX. Category: Bed. Price: 36965. Description: Space-saving furniture with easy assembly.. Designer: Monika Mulder. Dimensions: 167cm width x 50cm depth x 126cm height.
IKEA01092,HEMNES,Chair,37903,Durable furniture with practical storage space.,Jon Karlsson,40,218,132,"Blue, Brown, Black",False,4.8,147,Product Name: HEMNES. Category: Chair. Price: 37903. Description: Durable furniture with practical storage space.. Designer: Jon Karlsson. Dimensions: 132cm width x 40cm depth x 218cm height.
IKEA01093,BESTA,Wardrobe,41804,Modern Scandinavian furniture with a simple and functional design.,Henrik Preutz,84,167,166,"Blue, Black, Oak",False,4.5,151,Product Name: BESTA. Category: Wardrobe. Price: 41804. Description: Modern Scandinavian furniture with a simple and functional design.. Designer: Henrik Preutz. Dimensions: 166cm width x 84cm depth x 167cm height.
IKEA01094,IVAR,Storage,10786,Simple design with clean Scandinavian lines.,Jon Karlsson,71,103,30,"Beige, Blue, Oak",True,4.4,55,Product Name: IVAR. Category: Storage. Price: 10786. Description: Simple design with clean Scandinavian lines.. Designer: Jon Karlsson. Dimensions: 30cm width x 71cm depth x 103cm height.
IKEA01095,PAX,TV Unit,43300,Minimalist design suitable for modern homes.,Monika Mulder,72,78,192,"White, Grey, Black",True,4.2,262,Product Name: PAX. Category: TV Unit. Price: 43300. Description: Minimalist design suitable for modern homes.. Designer: Monika Mulder. Dimensions: 192cm width x 72cm depth x 78cm height.
IKEA01096,BILLY,TV Unit,37892,Space-saving furniture with easy assembly.,Monika Mulder,22,113,186,"Oak, Black, Grey",False,4.4,492,Product Name: BILLY. Category: TV Unit. Price: 37892. Description: Space-saving furniture with easy assembly.. Designer: Monika Mulder. Dimensions: 186cm width x 22cm depth x 113cm height.
IKEA01097,BESTA,Sofa,49189,Affordable and stylish furniture for everyday use.,Monika Mulder,90,160,79,"Brown, Oak, Green",True,3.4,484,Product Name: BESTA. Category: Sofa. Price: 49189. Description: Affordable and stylish furniture for everyday use.. Designer: Monika Mulder. Dimensions: 79cm width x 90cm depth x 160cm height.
IKEA01098,BRIMNES,Desk,21649,Compact furniture suitable for small apartments.,Henrik Preutz,28,37,82,"Green, Oak, Black",False,5.0,412,Product Name: BRIMNES. Category: Desk. Price: 21649. Description: Compact furniture suitable for small apartments.. Designer: Henrik Preutz. Dimensions: 82cm width x 28cm depth x 37cm height.
IKEA01099,MALM,Storage,33281,Space-saving furniture with easy assembly.,IKEA Design Team,97,114,70,"Oak, Green, Beige",True,3.0,21,Product Name: MALM. Category: Storage. Price: 33281. Description: Space-saving furniture with easy assembly.. Designer: IKEA Design Team. Dimensions: 70cm width x 97cm depth x 114cm height.
IKEA01100,ALEX,Dining Furniture,27129,Simple design with clean Scandinavian lines.,Ola Wihlborg,80,128,48,"Blue, Brown, Beige",True,4.4,315,Product Name: ALEX. Category: Dining Furniture. Price: 27129. Description: Simple design with clean Scandinavian lines.. Designer: Ola Wihlborg. Dimensions: 48cm width x 80cm depth x 128cm height.
IKEA01101,ALEX,Cabinet,47341,Modern Scandinavian furniture with a simple and functional design.,Monika Mulder,81,215,45,"Grey, Blue, Oak",True,3.7,371,Product Name: ALEX. Category: Cabinet. Price: 47341. Description: Modern Scandinavian furniture with a simple and functional design.. Designer: Monika Mulder. Dimensions: 45cm width x 81cm depth x 215cm height.
IKEA01102,MICKE,Dining Furniture,43073,Minimalist design suitable for modern homes.,Monika Mulder,35,56,67,"Grey, Blue, Green",True,4.4,192,Product Name: MICKE. Category: Dining Furniture. Price: 43073. Description: Minimalist design suitable for modern homes.. Designer: Monika Mulder. Dimensions: 67cm width x 35cm depth x 56cm height.
IKEA01103,PAX,Dining Furniture,22770,Compact furniture suitable for small apartments.,Jon Karlsson,81,83,97,"Black, Brown, Beige",True,3.9,368,Product Name: PAX. Category: Dining Furniture. Price: 22770. Description: Compact furniture suitable for small apartments.. Designer: Jon Karlsson. Dimensions: 97cm width x 81cm depth x 83cm height.
IKEA01104,EKET,Desk,17538,Durable furniture with practical storage space.,Henrik Preutz,76,114,145,"Grey, Green, Brown",True,4.5,80,Product Name: EKET. Category: Desk. Price: 17538. Description: Durable furniture with practical storage space.. Designer: Henrik Preutz. Dimensions: 145cm width x 76cm depth x 114cm height.
IKEA01105,MICKE,Bed,2199,Compact furniture suitable for small apartments.,Henrik Preutz,92,122,104,"Grey, Beige, Black",True,4.0,230,Product Name: MICKE. Category: Bed. Price: 2199. Description: Compact furniture suitable for small apartments.. Designer: Henrik Preutz. Dimensions: 104cm width x 92cm depth x 122cm height.
IKEA01106,ALEX,Bed,10620,Space-saving furniture with easy assembly.,Jon Karlsson,38,185,104,"Blue, Brown, Beige",True,3.1,113,Product Name: ALEX. Category: Bed. Price: 10620. Description: Space-saving furniture with easy assembly.. Designer: Jon Karlsson. Dimensions: 104cm width x 38cm depth x 185cm height.
IKEA01107,POANG,Bed,10222,Affordable and stylish furniture for everyday use.,IKEA Design Team,53,123,160,"Blue, Oak, Grey",True,4.9,334,Product Name: POANG. Category: Bed. Price: 10222. Description: Affordable and stylish furniture for everyday use.. Designer: IKEA Design Team. Dimensions: 160cm width x 53cm depth x 123cm height.
IKEA01108,MALM,TV Unit,33338,Durable furniture with practical storage space.,Ola Wihlborg,67,126,154,"Brown, Blue, Grey",False,3.4,464,Product Name: MALM. Category: TV Unit. Price: 33338. Description: Durable furniture with practical storage space.. Designer: Ola Wihlborg. Dimensions: 154cm width x 67cm depth x 126cm height.
IKEA01109,PAX,Sofa,44325,Modern Scandinavian furniture with a simple and functional design.,Henrik Preutz,48,109,82,"Oak, Black, Brown",True,4.3,187,Product Name: PAX. Category: Sofa. Price: 44325. Description: Modern Scandinavian furniture with a simple and functional design.. Designer: Henrik Preutz. Dimensions: 82cm width x 48cm depth x 109cm height.
IKEA01110,EKET,Storage,37815,Space-saving furniture with easy assembly.,IKEA Design Team,87,88,81,"Beige, Green, White",False,4.3,492,Product Name: EKET. Category: Storage. Price: 37815. Description: Space-saving furniture with easy assembly.. Designer: IKEA Design Team. Dimensions: 81cm width x 87cm depth x 88cm height.
IKEA01111,BESTA,Cabinet,4902,Durable furniture with practical storage space.,Ola Wihlborg,88,219,167,"Black, Blue, White",False,4.1,131,Product Name: BESTA. Category: Cabinet. Price: 4902. Description: Durable furniture with practical storage space.. Designer: Ola Wihlborg. Dimensions: 167cm width x 88cm depth x 219cm height.
IKEA01112,HEMNES,Bed,48958,Compact furniture suitable for small apartments.,Jon Karlsson,49,206,146,"Brown, White, Grey",True,4.1,51,Product Name: HEMNES. Category: Bed. Price: 48958. Description: Compact furniture suitable for small apartments.. Designer: Jon Karlsson. Dimensions: 146cm width x 49cm depth x 206cm height.
IKEA01113,BRIMNES,Desk,48558,Simple design with clean Scandinavian lines.,IKEA Design Team,36,163,107,"White, Black, Blue",True,4.2,302,Product Name: BRIMNES. Category: Desk. Price: 48558. Description: Simple design with clean Scandinavian lines.. Designer: IKEA Design Team. Dimensions: 107cm width x 36cm depth x 163cm height.
IKEA01114,EKET,Storage,6939,Affordable and stylish furniture for everyday use.,IKEA Design Team,60,192,48,"Oak, Green, White",False,3.2,106,Product Name: EKET. Category: Storage. Price: 6939. Description: Affordable and stylish furniture for everyday use.. Designer: IKEA Design Team. Dimensions: 48cm width x 60cm depth x 192cm height.
IKEA01115,BILLY,Cabinet,39124,Compact furniture suitable for small apartments.,Ola Wihlborg,82,106,175,"White, Grey, Oak",True,4.4,231,Product Name: BILLY. Category: Cabinet. Price: 39124. Description: Compact furniture suitable for small apartments.. Designer: Ola Wihlborg. Dimensions: 175cm width x 82cm depth x 106cm height.
IKEA01116,TROFAST,Dining Furniture,13265,Affordable and stylish furniture for everyday use.,Ola Wihlborg,78,30,94,"Blue, Grey, Brown",False,4.3,173,Product Name: TROFAST. Category: Dining Furniture. Price: 13265. Description: Affordable and stylish furniture for everyday use.. Designer: Ola Wihlborg. Dimensions: 94cm width x 78cm depth x 30cm height.
IKEA01117,MICKE,Storage,34197,Durable furniture with practical storage space.,Henrik Preutz,53,166,93,"Beige, Brown, Green",True,4.3,62,Product Name: MICKE. Category: Storage. Price: 34197. Description: Durable furniture with practical storage space.. Designer: Henrik Preutz. Dimensions: 93cm width x 53cm depth x 166cm height.
IKEA01118,TROFAST,Table,32453,Modern Scandinavian furniture with a simple and functional design.,Henrik Preutz,85,150,156,"Brown, Black, White",False,4.3,53,Product Name: TROFAST. Category: Table. Price: 32453. Description: Modern Scandinavian furniture with a simple and functional design.. Designer: Henrik Preutz. Dimensions: 156cm width x 85cm depth x 150cm height.
IKEA01119,IVAR,Storage,22940,Space-saving furniture with easy assembly.,Ola Wihlborg,43,79,57,"Oak, Black, Brown",True,3.6,276,Product Name: IVAR. Category: Storage. Price: 22940. Description: Space-saving furniture with easy assembly.. Designer: Ola Wihlborg. Dimensions: 57cm width x 43cm depth x 79cm height.
IKEA01120,EKET,Chair,45374,Durable furniture with practical storage space.,Ola Wihlborg,46,176,69,"Beige, Black, Blue",False,4.6,441,Product Name: EKET. Category: Chair. Price: 45374. Description: Durable furniture with practical storage space.. Designer: Ola Wihlborg. Dimensions: 69cm width x 46cm depth x 176cm height.
IKEA01121,MALM,TV Unit,43922,Compact furniture suitable for small apartments.,Henrik Preutz,86,151,197,"Blue, Green, Beige",True,3.5,139,Product Name: MALM. Category: TV Unit. Price: 43922. Description: Compact furniture suitable for small apartments.. Designer: Henrik Preutz. Dimensions: 197cm width x 86cm depth x 151cm height.
IKEA01122,EKET,Bed,24799,Compact furniture suitable for small apartments.,Henrik Preutz,62,216,120,"Beige, Oak, Brown",False,4.1,395,Product Name: EKET. Category: Bed. Price: 24799. Description: Compact furniture suitable for small apartments.. Designer: Henrik Preutz. Dimensions: 120cm width x 62cm depth x 216cm height.
IKEA01123,PAX,Sofa,26980,Modern Scandinavian furniture with a simple and functional design.,Monika Mulder,65,195,65,"Green, Blue, Brown",True,4.6,108,Product Name: PAX. Category: Sofa. Price: 26980. Description: Modern Scandinavian furniture with a simple and functional design.. Designer: Monika Mulder. Dimensions: 65cm width x 65cm depth x 195cm height.
IKEA01124,HEMNES,Dining Furniture,47466,Durable furniture with practical storage space.,Henrik Preutz,67,36,112,"Blue, Green, Oak",True,4.1,383,Product Name: HEMNES. Category: Dining Furniture. Price: 47466. Description: Durable furniture with practical storage space.. Designer: Henrik Preutz. Dimensions: 112cm width x 67cm depth x 36cm height.
IKEA01125,HEMNES,Desk,40971,Affordable and stylish furniture for everyday use.,Monika Mulder,55,57,49,"Oak, Black, Brown",False,4.9,308,Product Name: HEMNES. Category: Desk. Price: 40971. Description: Affordable and stylish furniture for everyday use.. Designer: Monika Mulder. Dimensions: 49cm width x 55cm depth x 57cm height.
IKEA01126,EKET,Sofa,43714,Minimalist design suitable for modern homes.,Monika Mulder,51,101,185,"Blue, White, Green",True,4.3,146,Product Name: EKET. Category: Sofa. Price: 43714. Description: Minimalist design suitable for modern homes.. Designer: Monika Mulder. Dimensions: 185cm width x 51cm depth x 101cm height.
IKEA01127,MICKE,Wardrobe,29211,Durable furniture with practical storage space.,IKEA Design Team,80,64,48,"Beige, Blue, Green",False,4.6,452,Product Name: MICKE. Category: Wardrobe. Price: 29211. Description: Durable furniture with practical storage space.. Designer: IKEA Design Team. Dimensions: 48cm width x 80cm depth x 64cm height.
IKEA01128,MALM,TV Unit,20084,Affordable and stylish furniture for everyday use.,Jon Karlsson,91,52,142,"Oak, Brown, Grey",True,4.1,423,Product Name: MALM. Category: TV Unit. Price: 20084. Description: Affordable and stylish furniture for everyday use.. Designer: Jon Karlsson. Dimensions: 142cm width x 91cm depth x 52cm height.
IKEA01129,LACK,Sofa,9704,Simple design with clean Scandinavian lines.,IKEA Design Team,60,122,144,"Oak, Black, Brown",False,3.5,190,Product Name: LACK. Category: Sofa. Price: 9704. Description: Simple design with clean Scandinavian lines.. Designer: IKEA Design Team. Dimensions: 144cm width x 60cm depth x 122cm height.
IKEA01130,BESTA,Desk,44910,Space-saving furniture with easy assembly.,Henrik Preutz,52,184,35,"Brown, White, Beige",False,3.9,417,Product Name: BESTA. Category: Desk. Price: 44910. Description: Space-saving furniture with easy assembly.. Designer: Henrik Preutz. Dimensions: 35cm width x 52cm depth x 184cm height.
IKEA01131,EKET,Sofa,35128,Modern Scandinavian furniture with a simple and functional design.,Ola Wihlborg,67,34,174,"Blue, White, Grey",True,4.6,256,Product Name: EKET. Category: Sofa. Price: 35128. Description: Modern Scandinavian furniture with a simple and functional design.. Designer: Ola Wihlborg. Dimensions: 174cm width x 67cm depth x 34cm height.
IKEA01132,LACK,TV Unit,22371,Space-saving furniture with easy assembly.,IKEA Design Team,29,174,53,"Black, Grey, Green",True,4.1,244,Product Name: LACK. Category: TV Unit. Price: 22371. Description: Space-saving furniture with easy assembly.. Designer: IKEA Design Team. Dimensions: 53cm width x 29cm depth x 174cm height.
IKEA01133,POANG,Dining Furniture,13009,Simple design with clean Scandinavian lines.,IKEA Design Team,75,100,149,"Green, Beige, Black",True,3.1,336,Product Name: POANG. Category: Dining Furniture. Price: 13009. Description: Simple design with clean Scandinavian lines.. Designer: IKEA Design Team. Dimensions: 149cm width x 75cm depth x 100cm height.
IKEA01134,POANG,Wardrobe,30255,Affordable and stylish furniture for everyday use.,Monika Mulder,22,132,177,"Grey, White, Green",False,3.0,120,Product Name: POANG. Category: Wardrobe. Price: 30255. Description: Affordable and stylish furniture for everyday use.. Designer: Monika Mulder. Dimensions: 177cm width x 22cm depth x 132cm height.
IKEA01135,BESTA,Bookshelf,10361,Durable furniture with practical storage space.,Jon Karlsson,94,202,113,"Green, Beige, Blue",True,4.5,299,Product Name: BESTA. Category: Bookshelf. Price: 10361. Description: Durable furniture with practical storage space.. Designer: Jon Karlsson. Dimensions: 113cm width x 94cm depth x 202cm height.
IKEA01136,BESTA,TV Unit,10500,Compact furniture suitable for small apartments.,Jon Karlsson,46,108,76,"Black, White, Grey",True,4.6,281,Product Name: BESTA. Category: TV Unit. Price: 10500. Description: Compact furniture suitable for small apartments.. Designer: Jon Karlsson. Dimensions: 76cm width x 46cm depth x 108cm height.
IKEA01137,BESTA,Chair,21959,Simple design with clean Scandinavian lines.,Henrik Preutz,49,198,83,"Oak, Brown, Black",False,5.0,124,Product Name: BESTA. Category: Chair. Price: 21959. Description: Simple design with clean Scandinavian lines.. Designer: Henrik Preutz. Dimensions: 83cm width x 49cm depth x 198cm height.
IKEA01138,HEMNES,Wardrobe,2287,Compact furniture suitable for small apartments.,Monika Mulder,35,126,36,"Green, Blue, Beige",True,3.8,233,Product Name: HEMNES. Category: Wardrobe. Price: 2287. Description: Compact furniture suitable for small apartments.. Designer: Monika Mulder. Dimensions: 36cm width x 35cm depth x 126cm height.
IKEA01139,EKET,Bookshelf,13516,Compact furniture suitable for small apartments.,Monika Mulder,95,61,53,"Brown, Grey, Blue",True,3.3,112,Product Name: EKET. Category: Bookshelf. Price: 13516. Description: Compact furniture suitable for small apartments.. Designer: Monika Mulder. Dimensions: 53cm width x 95cm depth x 61cm height.
IKEA01140,BILLY,Storage,49037,Affordable and stylish furniture for everyday use.,Henrik Preutz,60,136,78,"Oak, White, Grey",True,4.0,265,Product Name: BILLY. Category: Storage. Price: 49037. Description: Affordable and stylish furniture for everyday use.. Designer: Henrik Preutz. Dimensions: 78cm width x 60cm depth x 136cm height.
IKEA01141,BILLY,Storage,1557,Modern Scandinavian furniture with a simple and functional design.,Monika Mulder,73,132,55,"Beige, Brown, Blue",True,3.9,439,Product Name: BILLY. Category: Storage. Price: 1557. Description: Modern Scandinavian furniture with a simple and functional design.. Designer: Monika Mulder. Dimensions: 55cm width x 73cm depth x 132cm height.
IKEA01142,ALEX,Bed,15530,Space-saving furniture with easy assembly.,IKEA Design Team,69,150,34,"Grey, Beige, Blue",True,3.1,438,Product Name: ALEX. Category: Bed. Price: 15530. Description: Space-saving furniture with easy assembly.. Designer: IKEA Design Team. Dimensions: 34cm width x 69cm depth x 150cm height.
IKEA01143,HEMNES,Table,37499,Modern Scandinavian furniture with a simple and functional design.,Jon Karlsson,86,69,65,"Green, Blue, White",True,4.2,112,Product Name: HEMNES. Category: Table. Price: 37499. Description: Modern Scandinavian furniture with a simple and functional design.. Designer: Jon Karlsson. Dimensions: 65cm width x 86cm depth x 69cm height.
IKEA01144,IVAR,Dining Furniture,19706,Durable furniture with practical storage space.,Ola Wihlborg,73,70,137,"Brown, Black, Grey",True,4.5,419,Product Name: IVAR. Category: Dining Furniture. Price: 19706. Description: Durable furniture with practical storage space.. Designer: Ola Wihlborg. Dimensions: 137cm width x 73cm depth x 70cm height.
IKEA01145,ALEX,Table,24424,Modern Scandinavian furniture with a simple and functional design.,Jon Karlsson,23,157,82,"Grey, Oak, Beige",True,4.8,140,Product Name: ALEX. Category: Table. Price: 24424. Description: Modern Scandinavian furniture with a simple and functional design.. Designer: Jon Karlsson. Dimensions: 82cm width x 23cm depth x 157cm height.
IKEA01146,POANG,Wardrobe,2365,Simple design with clean Scandinavian lines.,IKEA Design Team,62,37,150,"White, Beige, Black",False,3.1,198,Product Name: POANG. Category: Wardrobe. Price: 2365. Description: Simple design with clean Scandinavian lines.. Designer: IKEA Design Team. Dimensions: 150cm width x 62cm depth x 37cm height.
IKEA01147,TROFAST,TV Unit,47850,Affordable and stylish furniture for everyday use.,Jon Karlsson,40,55,33,"Beige, Black, White",False,5.0,62,Product Name: TROFAST. Category: TV Unit. Price: 47850. Description: Affordable and stylish furniture for everyday use.. Designer: Jon Karlsson. Dimensions: 33cm width x 40cm depth x 55cm height.
IKEA01148,EKET,Storage,27701,Simple design with clean Scandinavian lines.,Ola Wihlborg,76,64,184,"White, Brown, Oak",False,4.8,136,Product Name: EKET. Category: Storage. Price: 27701. Description: Simple design with clean Scandinavian lines.. Designer: Ola Wihlborg. Dimensions: 184cm width x 76cm depth x 64cm height.
IKEA01149,MALM,Wardrobe,43515,Affordable and stylish furniture for everyday use.,Henrik Preutz,98,201,54,"Green, Oak, Beige",True,3.3,268,Product Name: MALM. Category: Wardrobe. Price: 43515. Description: Affordable and stylish furniture for everyday use.. Designer: Henrik Preutz. Dimensions: 54cm width x 98cm depth x 201cm height.
IKEA01150,MALM,Table,15280,Space-saving furniture with easy assembly.,IKEA Design Team,32,213,133,"Grey, Green, White",True,3.5,99,Product Name: MALM. Category: Table. Price: 15280. Description: Space-saving furniture with easy assembly.. Designer: IKEA Design Team. Dimensions: 133cm width x 32cm depth x 213cm height.
IKEA01151,BRIMNES,Dining Furniture,20232,Durable furniture with practical storage space.,Monika Mulder,95,163,162,"Grey, Blue, Black",True,3.8,343,Product Name: BRIMNES. Category: Dining Furniture. Price: 20232. Description: Durable furniture with practical storage space.. Designer: Monika Mulder. Dimensions: 162cm width x 95cm depth x 163cm height.
IKEA01152,MALM,TV Unit,48760,Simple design with clean Scandinavian lines.,IKEA Design Team,69,191,42,"Oak, Black, White",True,4.3,432,Product Name: MALM. Category: TV Unit. Price: 48760. Description: Simple design with clean Scandinavian lines.. Designer: IKEA Design Team. Dimensions: 42cm width x 69cm depth x 191cm height.
IKEA01153,TROFAST,Desk,11108,Minimalist design suitable for modern homes.,Henrik Preutz,21,176,153,"Green, Blue, Brown",True,4.3,423,Product Name: TROFAST. Category: Desk. Price: 11108. Description: Minimalist design suitable for modern homes.. Designer: Henrik Preutz. Dimensions: 153cm width x 21cm depth x 176cm height.
IKEA01154,POANG,Bookshelf,30128,Compact furniture suitable for small apartments.,Monika Mulder,99,97,169,"Green, White, Beige",True,4.3,268,Product Name: POANG. Category: Bookshelf. Price: 30128. Description: Compact furniture suitable for small apartments.. Designer: Monika Mulder. Dimensions: 169cm width x 99cm depth x 97cm height.
IKEA01155,BESTA,Wardrobe,12709,Durable furniture with practical storage space.,Henrik Preutz,82,170,146,"Black, Beige, Brown",True,3.1,192,Product Name: BESTA. Category: Wardrobe. Price: 12709. Description: Durable furniture with practical storage space.. Designer: Henrik Preutz. Dimensions: 146cm width x 82cm depth x 170cm height.
IKEA01156,PAX,Dining Furniture,2164,Affordable and stylish furniture for everyday use.,Jon Karlsson,32,88,147,"Black, White, Grey",True,3.3,182,Product Name: PAX. Category: Dining Furniture. Price: 2164. Description: Affordable and stylish furniture for everyday use.. Designer: Jon Karlsson. Dimensions: 147cm width x 32cm depth x 88cm height.
IKEA01157,LACK,Storage,29083,Affordable and stylish furniture for everyday use.,IKEA Design Team,84,76,131,"Oak, Black, Beige",True,4.6,106,Product Name: LACK. Category: Storage. Price: 29083. Description: Affordable and stylish furniture for everyday use.. Designer: IKEA Design Team. Dimensions: 131cm width x 84cm depth x 76cm height.
IKEA01158,BRIMNES,Wardrobe,34943,Affordable and stylish furniture for everyday use.,Jon Karlsson,92,165,164,"White, Blue, Grey",True,4.1,360,Product Name: BRIMNES. Category: Wardrobe. Price: 34943. Description: Affordable and stylish furniture for everyday use.. Designer: Jon Karlsson. Dimensions: 164cm width x 92cm depth x 165cm height.
IKEA01159,MICKE,Table,25040,Compact furniture suitable for small apartments.,IKEA Design Team,41,192,192,"Oak, Blue, Beige",True,4.1,494,Product Name: MICKE. Category: Table. Price: 25040. Description: Compact furniture suitable for small apartments.. Designer: IKEA Design Team. Dimensions: 192cm width x 41cm depth x 192cm height.
IKEA01160,POANG,Bookshelf,13750,Durable furniture with practical storage space.,IKEA Design Team,71,105,129,"Blue, Oak, Green",True,3.3,485,Product Name: POANG. Category: Bookshelf. Price: 13750. Description: Durable furniture with practical storage space.. Designer: IKEA Design Team. Dimensions: 129cm width x 71cm depth x 105cm height.
IKEA01161,LACK,Sofa,5405,Durable furniture with practical storage space.,Ola Wihlborg,59,83,186,"Black, White, Oak",True,3.3,426,Product Name: LACK. Category: Sofa. Price: 5405. Description: Durable furniture with practical storage space.. Designer: Ola Wihlborg. Dimensions: 186cm width x 59cm depth x 83cm height.
IKEA01162,MALM,Desk,26139,Simple design with clean Scandinavian lines.,Jon Karlsson,73,130,181,"Oak, Black, Brown",True,3.5,490,Product Name: MALM. Category: Desk. Price: 26139. Description: Simple design with clean Scandinavian lines.. Designer: Jon Karlsson. Dimensions: 181cm width x 73cm depth x 130cm height.
IKEA01163,LACK,Table,26807,Modern Scandinavian furniture with a simple and functional design.,Ola Wihlborg,39,82,143,"Brown, Beige, Green",True,3.0,65,Product Name: LACK. Category: Table. Price: 26807. Description: Modern Scandinavian furniture with a simple and functional design.. Designer: Ola Wihlborg. Dimensions: 143cm width x 39cm depth x 82cm height.
IKEA01164,MICKE,Bed,34855,Modern Scandinavian furniture with a simple and functional design.,Ola Wihlborg,80,89,199,"Green, Brown, White",False,3.3,455,Product Name: MICKE. Category: Bed. Price: 34855. Description: Modern Scandinavian furniture with a simple and functional design.. Designer: Ola Wihlborg. Dimensions: 199cm width x 80cm depth x 89cm height.
IKEA01165,TROFAST,Wardrobe,18331,Modern Scandinavian furniture with a simple and functional design.,Monika Mulder,52,58,190,"Green, Oak, Grey",True,4.8,359,Product Name: TROFAST. Category: Wardrobe. Price: 18331. Description: Modern Scandinavian furniture with a simple and functional design.. Designer: Monika Mulder. Dimensions: 190cm width x 52cm depth x 58cm height.
IKEA01166,IVAR,Storage,19576,Compact furniture suitable for small apartments.,Ola Wihlborg,33,52,184,"Beige, Black, Green",False,4.7,498,Product Name: IVAR. Category: Storage. Price: 19576. Description: Compact furniture suitable for small apartments.. Designer: Ola Wihlborg. Dimensions: 184cm width x 33cm depth x 52cm height.
IKEA01167,PAX,Bookshelf,4211,Space-saving furniture with easy assembly.,IKEA Design Team,55,215,100,"Grey, Beige, Green",True,3.8,433,Product Name: PAX. Category: Bookshelf. Price: 4211. Description: Space-saving furniture with easy assembly.. Designer: IKEA Design Team. Dimensions: 100cm width x 55cm depth x 215cm height.
IKEA01168,LACK,Wardrobe,5944,Modern Scandinavian furniture with a simple and functional design.,IKEA Design Team,82,92,179,"Green, Black, Grey",False,4.3,58,Product Name: LACK. Category: Wardrobe. Price: 5944. Description: Modern Scandinavian furniture with a simple and functional design.. Designer: IKEA Design Team. Dimensions: 179cm width x 82cm depth x 92cm height.
IKEA01169,TROFAST,Storage,37243,Affordable and stylish furniture for everyday use.,Ola Wihlborg,68,185,162,"Blue, White, Grey",True,4.2,411,Product Name: TROFAST. Category: Storage. Price: 37243. Description: Affordable and stylish furniture for everyday use.. Designer: Ola Wihlborg. Dimensions: 162cm width x 68cm depth x 185cm height.
IKEA01170,ALEX,Chair,38223,Modern Scandinavian furniture with a simple and functional design.,IKEA Design Team,50,122,178,"Blue, Green, Oak",True,3.7,408,Product Name: ALEX. Category: Chair. Price: 38223. Description: Modern Scandinavian furniture with a simple and functional design.. Designer: IKEA Design Team. Dimensions: 178cm width x 50cm depth x 122cm height.
IKEA01171,EKET,Storage,38073,Simple design with clean Scandinavian lines.,Ola Wihlborg,24,132,190,"Blue, Beige, White",True,4.1,17,Product Name: EKET. Category: Storage. Price: 38073. Description: Simple design with clean Scandinavian lines.. Designer: Ola Wihlborg. Dimensions: 190cm width x 24cm depth x 132cm height.
IKEA01172,ALEX,Wardrobe,6974,Durable furniture with practical storage space.,Monika Mulder,23,216,146,"Grey, Brown, Beige",True,3.7,499,Product Name: ALEX. Category: Wardrobe. Price: 6974. Description: Durable furniture with practical storage space.. Designer: Monika Mulder. Dimensions: 146cm width x 23cm depth x 216cm height.
IKEA01173,HEMNES,Bed,29728,Simple design with clean Scandinavian lines.,IKEA Design Team,61,147,192,"Grey, Blue, Black",True,4.1,447,Product Name: HEMNES. Category: Bed. Price: 29728. Description: Simple design with clean Scandinavian lines.. Designer: IKEA Design Team. Dimensions: 192cm width x 61cm depth x 147cm height.
IKEA01174,MICKE,Dining Furniture,21593,Space-saving furniture with easy assembly.,Monika Mulder,64,74,157,"Black, Brown, Blue",True,3.6,161,Product Name: MICKE. Category: Dining Furniture. Price: 21593. Description: Space-saving furniture with easy assembly.. Designer: Monika Mulder. Dimensions: 157cm width x 64cm depth x 74cm height.
IKEA01175,BILLY,Chair,42406,Minimalist design suitable for modern homes.,Henrik Preutz,99,157,193,"Brown, Blue, Oak",True,3.5,367,Product Name: BILLY. Category: Chair. Price: 42406. Description: Minimalist design suitable for modern homes.. Designer: Henrik Preutz. Dimensions: 193cm width x 99cm depth x 157cm height.
IKEA01176,EKET,Wardrobe,22584,Simple design with clean Scandinavian lines.,Monika Mulder,66,70,73,"Beige, White, Blue",True,4.2,470,Product Name: EKET. Category: Wardrobe. Price: 22584. Description: Simple design with clean Scandinavian lines.. Designer: Monika Mulder. Dimensions: 73cm width x 66cm depth x 70cm height.
IKEA01177,MICKE,Dining Furniture,37230,Durable furniture with practical storage space.,Ola Wihlborg,88,75,131,"Black, Green, White",True,4.4,473,Product Name: MICKE. Category: Dining Furniture. Price: 37230. Description: Durable furniture with practical storage space.. Designer: Ola Wihlborg. Dimensions: 131cm width x 88cm depth x 75cm height.
IKEA01178,ALEX,Bookshelf,17759,Compact furniture suitable for small apartments.,Henrik Preutz,88,120,131,"Brown, Oak, White",True,4.2,47,Product Name: ALEX. Category: Bookshelf. Price: 17759. Description: Compact furniture suitable for small apartments.. Designer: Henrik Preutz. Dimensions: 131cm width x 88cm depth x 120cm height.
IKEA01179,BESTA,Desk,29501,Simple design with clean Scandinavian lines.,IKEA Design Team,51,170,69,"Grey, White, Oak",True,4.7,117,Product Name: BESTA. Category: Desk. Price: 29501. Description: Simple design with clean Scandinavian lines.. Designer: IKEA Design Team. Dimensions: 69cm width x 51cm depth x 170cm height.
IKEA01180,HEMNES,Desk,29358,Space-saving furniture with easy assembly.,Jon Karlsson,38,33,105,"Oak, White, Grey",False,4.7,217,Product Name: HEMNES. Category: Desk. Price: 29358. Description: Space-saving furniture with easy assembly.. Designer: Jon Karlsson. Dimensions: 105cm width x 38cm depth x 33cm height.
IKEA01181,MICKE,Cabinet,37729,Compact furniture suitable for small apartments.,Monika Mulder,43,162,178,"Blue, Beige, Grey",False,4.5,366,Product Name: MICKE. Category: Cabinet. Price: 37729. Description: Compact furniture suitable for small apartments.. Designer: Monika Mulder. Dimensions: 178cm width x 43cm depth x 162cm height.
IKEA01182,TROFAST,Wardrobe,17771,Minimalist design suitable for modern homes.,Henrik Preutz,66,90,111,"Beige, White, Green",True,3.6,428,Product Name: TROFAST. Category: Wardrobe. Price: 17771. Description: Minimalist design suitable for modern homes.. Designer: Henrik Preutz. Dimensions: 111cm width x 66cm depth x 90cm height.
IKEA01183,BRIMNES,Desk,35775,Affordable and stylish furniture for everyday use.,Jon Karlsson,32,159,151,"Beige, White, Grey",True,4.4,372,Product Name: BRIMNES. Category: Desk. Price: 35775. Description: Affordable and stylish furniture for everyday use.. Designer: Jon Karlsson. Dimensions: 151cm width x 32cm depth x 159cm height.
IKEA01184,BRIMNES,Dining Furniture,36810,Simple design with clean Scandinavian lines.,Jon Karlsson,79,98,177,"White, Oak, Grey",False,4.0,228,Product Name: BRIMNES. Category: Dining Furniture. Price: 36810. Description: Simple design with clean Scandinavian lines.. Designer: Jon Karlsson. Dimensions: 177cm width x 79cm depth x 98cm height.
IKEA01185,BILLY,Table,1948,Affordable and stylish furniture for everyday use.,Monika Mulder,91,196,44,"Beige, Oak, Green",True,3.1,186,Product Name: BILLY. Category: Table. Price: 1948. Description: Affordable and stylish furniture for everyday use.. Designer: Monika Mulder. Dimensions: 44cm width x 91cm depth x 196cm height.
IKEA01186,BILLY,Bed,37838,Durable furniture with practical storage space.,IKEA Design Team,96,155,140,"Brown, Oak, Black",False,3.6,361,Product Name: BILLY. Category: Bed. Price: 37838. Description: Durable furniture with practical storage space.. Designer: IKEA Design Team. Dimensions: 140cm width x 96cm depth x 155cm height.
IKEA01187,ALEX,Bed,22160,Compact furniture suitable for small apartments.,Ola Wihlborg,85,134,66,"Beige, Blue, White",True,4.4,188,Product Name: ALEX. Category: Bed. Price: 22160. Description: Compact furniture suitable for small apartments.. Designer: Ola Wihlborg. Dimensions: 66cm width x 85cm depth x 134cm height.
IKEA01188,POANG,Chair,5152,Affordable and stylish furniture for everyday use.,IKEA Design Team,87,135,71,"Oak, Black, Grey",True,4.7,20,Product Name: POANG. Category: Chair. Price: 5152. Description: Affordable and stylish furniture for everyday use.. Designer: IKEA Design Team. Dimensions: 71cm width x 87cm depth x 135cm height.
IKEA01189,ALEX,Storage,48252,Modern Scandinavian furniture with a simple and functional design.,Henrik Preutz,31,54,133,"Blue, Green, Oak",False,4.4,75,Product Name: ALEX. Category: Storage. Price: 48252. Description: Modern Scandinavian furniture with a simple and functional design.. Designer: Henrik Preutz. Dimensions: 133cm width x 31cm depth x 54cm height.
IKEA01190,IVAR,Wardrobe,12491,Modern Scandinavian furniture with a simple and functional design.,Henrik Preutz,65,75,140,"Grey, Oak, White",True,3.5,107,Product Name: IVAR. Category: Wardrobe. Price: 12491. Description: Modern Scandinavian furniture with a simple and functional design.. Designer: Henrik Preutz. Dimensions: 140cm width x 65cm depth x 75cm height.
IKEA01191,HEMNES,Wardrobe,42915,Space-saving furniture with easy assembly.,IKEA Design Team,63,145,54,"Grey, White, Green",True,5.0,35,Product Name: HEMNES. Category: Wardrobe. Price: 42915. Description: Space-saving furniture with easy assembly.. Designer: IKEA Design Team. Dimensions: 54cm width x 63cm depth x 145cm height.
IKEA01192,ALEX,Wardrobe,6757,Compact furniture suitable for small apartments.,IKEA Design Team,87,33,31,"Beige, Oak, Brown",True,4.6,295,Product Name: ALEX. Category: Wardrobe. Price: 6757. Description: Compact furniture suitable for small apartments.. Designer: IKEA Design Team. Dimensions: 31cm width x 87cm depth x 33cm height.
IKEA01193,POANG,Wardrobe,5046,Compact furniture suitable for small apartments.,Jon Karlsson,99,157,76,"Oak, Brown, White",True,4.2,298,Product Name: POANG. Category: Wardrobe. Price: 5046. Description: Compact furniture suitable for small apartments.. Designer: Jon Karlsson. Dimensions: 76cm width x 99cm depth x 157cm height.
IKEA01194,MALM,Storage,46791,Simple design with clean Scandinavian lines.,Jon Karlsson,84,68,143,"White, Grey, Green",True,4.6,164,Product Name: MALM. Category: Storage. Price: 46791. Description: Simple design with clean Scandinavian lines.. Designer: Jon Karlsson. Dimensions: 143cm width x 84cm depth x 68cm height.
IKEA01195,LACK,Chair,23374,Space-saving furniture with easy assembly.,Jon Karlsson,95,162,72,"Black, Oak, Green",True,5.0,476,Product Name: LACK. Category: Chair. Price: 23374. Description: Space-saving furniture with easy assembly.. Designer: Jon Karlsson. Dimensions: 72cm width x 95cm depth x 162cm height.
IKEA01196,BESTA,Storage,43653,Affordable and stylish furniture for everyday use.,Monika Mulder,77,59,171,"Black, Brown, Green",True,3.3,496,Product Name: BESTA. Category: Storage. Price: 43653. Description: Affordable and stylish furniture for everyday use.. Designer: Monika Mulder. Dimensions: 171cm width x 77cm depth x 59cm height.
IKEA01197,IVAR,Storage,12842,Simple design with clean Scandinavian lines.,Monika Mulder,25,121,45,"Green, Blue, Beige",True,4.7,51,Product Name: IVAR. Category: Storage. Price: 12842. Description: Simple design with clean Scandinavian lines.. Designer: Monika Mulder. Dimensions: 45cm width x 25cm depth x 121cm height.
IKEA01198,ALEX,Dining Furniture,21506,Affordable and stylish furniture for everyday use.,Ola Wihlborg,93,209,166,"Blue, Green, Grey",True,3.6,74,Product Name: ALEX. Category: Dining Furniture. Price: 21506. Description: Affordable and stylish furniture for everyday use.. Designer: Ola Wihlborg. Dimensions: 166cm width x 93cm depth x 209cm height.
IKEA01199,EKET,Desk,19698,Space-saving furniture with easy assembly.,Monika Mulder,71,141,126,"Black, Oak, White",False,3.2,292,Product Name: EKET. Category: Desk. Price: 19698. Description: Space-saving furniture with easy assembly.. Designer: Monika Mulder. Dimensions: 126cm width x 71cm depth x 141cm height.
IKEA01200,EKET,TV Unit,25979,Durable furniture with practical storage space.,Monika Mulder,56,205,44,"White, Black, Green",True,4.8,387,Product Name: EKET. Category: TV Unit. Price: 25979. Description: Durable furniture with practical storage space.. Designer: Monika Mulder. Dimensions: 44cm width x 56cm depth x 205cm height.
